solid torus
  facet normal 0.0101348 0.00133427 0.00066427
    outer loop
      vertex 1 0 0
      vertex 0.989778 0.0776457 0
      vertex 0.991445 0 0.130526
    endloop
  endfacet
  facet normal 0.0100312 0.00132063 0.00065748
    outer loop
      vertex 0.989778 0.0776457 0
      vertex 0.98131 0.0776457 0.129192
      vertex 0.991445 0 0.130526
    endloop
  endfacet
  facet normal 0.00934759 0.0038719 0.000612673
    outer loop
      vertex 0.989778 0.0776457 0
      vertex 0.959808 0.15 0
      vertex 0.98131 0.0776457 0.129192
    endloop
  endfacet
  facet normal 0.00906455 0.00375466 0.000594122
    outer loop
      vertex 0.959808 0.15 0
      vertex 0.951596 0.15 0.12528
      vertex 0.98131 0.0776457 0.129192
    endloop
  endfacet
  facet normal 0.0077839 0.0059728 0.000510184
    outer loop
      vertex 0.959808 0.15 0
      vertex 0.912132 0.212132 0
      vertex 0.951596 0.15 0.12528
    endloop
  endfacet
  facet normal 0.00739726 0.00567612 0.000484842
    outer loop
      vertex 0.912132 0.212132 0
      vertex 0.904329 0.212132 0.119057
      vertex 0.951596 0.15 0.12528
    endloop
  endfacet
  facet normal 0.00567612 0.00739726 0.000372032
    outer loop
      vertex 0.912132 0.212132 0
      vertex 0.85 0.259808 0
      vertex 0.904329 0.212132 0.119057
    endloop
  endfacet
  facet normal 0.00528948 0.00689338 0.000346691
    outer loop
      vertex 0.85 0.259808 0
      vertex 0.842728 0.259808 0.110947
      vertex 0.904329 0.212132 0.119057
    endloop
  endfacet
  facet normal 0.0033251 0.00802751 0.000217939
    outer loop
      vertex 0.85 0.259808 0
      vertex 0.777646 0.289778 0
      vertex 0.842728 0.259808 0.110947
    endloop
  endfacet
  facet normal 0.00304206 0.00734419 0.000199387
    outer loop
      vertex 0.777646 0.289778 0
      vertex 0.770993 0.289778 0.101503
      vertex 0.842728 0.259808 0.110947
    endloop
  endfacet
  facet normal 0.00103759 0.00788128 6.80073e-05
    outer loop
      vertex 0.777646 0.289778 0
      vertex 0.7 0.3 0
      vertex 0.770993 0.289778 0.101503
    endloop
  endfacet
  facet normal 0.00093399 0.00709436 6.12169e-05
    outer loop
      vertex 0.7 0.3 0
      vertex 0.694011 0.3 0.0913683
      vertex 0.770993 0.289778 0.101503
    endloop
  endfacet
  facet normal -0.00093399 0.00709436 -6.12169e-05
    outer loop
      vertex 0.7 0.3 0
      vertex 0.622354 0.289778 0
      vertex 0.694011 0.3 0.0913683
    endloop
  endfacet
  facet normal -0.00083039 0.00630744 -5.44266e-05
    outer loop
      vertex 0.622354 0.289778 0
      vertex 0.61703 0.289778 0.0812335
      vertex 0.694011 0.3 0.0913683
    endloop
  endfacet
  facet normal -0.00243458 0.00587759 -0.000159571
    outer loop
      vertex 0.622354 0.289778 0
      vertex 0.55 0.259808 0
      vertex 0.61703 0.289778 0.0812335
    endloop
  endfacet
  facet normal -0.00215154 0.00519427 -0.000141019
    outer loop
      vertex 0.55 0.259808 0
      vertex 0.545295 0.259808 0.0717894
      vertex 0.61703 0.289778 0.0812335
    endloop
  endfacet
  facet normal -0.0034226 0.00446042 -0.000224329
    outer loop
      vertex 0.55 0.259808 0
      vertex 0.487868 0.212132 0
      vertex 0.545295 0.259808 0.0717894
    endloop
  endfacet
  facet normal -0.00303596 0.00395654 -0.000198987
    outer loop
      vertex 0.487868 0.212132 0
      vertex 0.483694 0.212132 0.0636795
      vertex 0.545295 0.259808 0.0717894
    endloop
  endfacet
  facet normal -0.00395654 0.00303596 -0.000259325
    outer loop
      vertex 0.487868 0.212132 0
      vertex 0.440192 0.15 0
      vertex 0.483694 0.212132 0.0636795
    endloop
  endfacet
  facet normal -0.0035699 0.00273928 -0.000233983
    outer loop
      vertex 0.440192 0.15 0
      vertex 0.436426 0.15 0.0574566
      vertex 0.483694 0.212132 0.0636795
    endloop
  endfacet
  facet normal -0.00415723 0.00172198 -0.00027248
    outer loop
      vertex 0.440192 0.15 0
      vertex 0.410222 0.0776457 0
      vertex 0.436426 0.15 0.0574566
    endloop
  endfacet
  facet normal -0.00387419 0.00160474 -0.000253928
    outer loop
      vertex 0.410222 0.0776457 0
      vertex 0.406713 0.0776457 0.0535447
      vertex 0.436426 0.15 0.0574566
    endloop
  endfacet
  facet normal -0.00415752 0.000547348 -0.000272498
    outer loop
      vertex 0.410222 0.0776457 0
      vertex 0.4 9.69327e-16 0
      vertex 0.406713 0.0776457 0.0535447
    endloop
  endfacet
  facet normal -0.00405392 0.000533709 -0.000265708
    outer loop
      vertex 0.4 9.69327e-16 0
      vertex 0.396578 9.69327e-16 0.0522105
      vertex 0.406713 0.0776457 0.0535447
    endloop
  endfacet
  facet normal -0.00405392 -0.000533709 -0.000265708
    outer loop
      vertex 0.4 9.69327e-16 0
      vertex 0.410222 -0.0776457 0
      vertex 0.396578 9.69327e-16 0.0522105
    endloop
  endfacet
  facet normal -0.00415752 -0.000547348 -0.000272498
    outer loop
      vertex 0.410222 -0.0776457 0
      vertex 0.406713 -0.0776457 0.0535447
      vertex 0.396578 9.69327e-16 0.0522105
    endloop
  endfacet
  facet normal -0.00387419 -0.00160474 -0.000253928
    outer loop
      vertex 0.410222 -0.0776457 0
      vertex 0.440192 -0.15 0
      vertex 0.406713 -0.0776457 0.0535447
    endloop
  endfacet
  facet normal -0.00415723 -0.00172198 -0.00027248
    outer loop
      vertex 0.440192 -0.15 0
      vertex 0.436426 -0.15 0.0574566
      vertex 0.406713 -0.0776457 0.0535447
    endloop
  endfacet
  facet normal -0.0035699 -0.00273928 -0.000233983
    outer loop
      vertex 0.440192 -0.15 0
      vertex 0.487868 -0.212132 0
      vertex 0.436426 -0.15 0.0574566
    endloop
  endfacet
  facet normal -0.00395654 -0.00303596 -0.000259325
    outer loop
      vertex 0.487868 -0.212132 0
      vertex 0.483694 -0.212132 0.0636795
      vertex 0.436426 -0.15 0.0574566
    endloop
  endfacet
  facet normal -0.00303596 -0.00395654 -0.000198987
    outer loop
      vertex 0.487868 -0.212132 0
      vertex 0.55 -0.259808 0
      vertex 0.483694 -0.212132 0.0636795
    endloop
  endfacet
  facet normal -0.0034226 -0.00446042 -0.000224329
    outer loop
      vertex 0.55 -0.259808 0
      vertex 0.545295 -0.259808 0.0717894
      vertex 0.483694 -0.212132 0.0636795
    endloop
  endfacet
  facet normal -0.00215154 -0.00519427 -0.000141019
    outer loop
      vertex 0.55 -0.259808 0
      vertex 0.622354 -0.289778 0
      vertex 0.545295 -0.259808 0.0717894
    endloop
  endfacet
  facet normal -0.00243458 -0.00587759 -0.000159571
    outer loop
      vertex 0.622354 -0.289778 0
      vertex 0.61703 -0.289778 0.0812335
      vertex 0.545295 -0.259808 0.0717894
    endloop
  endfacet
  facet normal -0.00083039 -0.00630744 -5.44266e-05
    outer loop
      vertex 0.622354 -0.289778 0
      vertex 0.7 -0.3 0
      vertex 0.61703 -0.289778 0.0812335
    endloop
  endfacet
  facet normal -0.00093399 -0.00709436 -6.12169e-05
    outer loop
      vertex 0.7 -0.3 0
      vertex 0.694011 -0.3 0.0913683
      vertex 0.61703 -0.289778 0.0812335
    endloop
  endfacet
  facet normal 0.00093399 -0.00709436 6.12169e-05
    outer loop
      vertex 0.7 -0.3 0
      vertex 0.777646 -0.289778 0
      vertex 0.694011 -0.3 0.0913683
    endloop
  endfacet
  facet normal 0.00103759 -0.00788128 6.80073e-05
    outer loop
      vertex 0.777646 -0.289778 0
      vertex 0.770993 -0.289778 0.101503
      vertex 0.694011 -0.3 0.0913683
    endloop
  endfacet
  facet normal 0.00304206 -0.00734419 0.000199387
    outer loop
      vertex 0.777646 -0.289778 0
      vertex 0.85 -0.259808 0
      vertex 0.770993 -0.289778 0.101503
    endloop
  endfacet
  facet normal 0.0033251 -0.00802751 0.000217939
    outer loop
      vertex 0.85 -0.259808 0
      vertex 0.842728 -0.259808 0.110947
      vertex 0.770993 -0.289778 0.101503
    endloop
  endfacet
  facet normal 0.00528948 -0.00689338 0.000346691
    outer loop
      vertex 0.85 -0.259808 0
      vertex 0.912132 -0.212132 0
      vertex 0.842728 -0.259808 0.110947
    endloop
  endfacet
  facet normal 0.00567612 -0.00739726 0.000372032
    outer loop
      vertex 0.912132 -0.212132 0
      vertex 0.904329 -0.212132 0.119057
      vertex 0.842728 -0.259808 0.110947
    endloop
  endfacet
  facet normal 0.00739726 -0.00567612 0.000484842
    outer loop
      vertex 0.912132 -0.212132 0
      vertex 0.959808 -0.15 0
      vertex 0.904329 -0.212132 0.119057
    endloop
  endfacet
  facet normal 0.0077839 -0.0059728 0.000510184
    outer loop
      vertex 0.959808 -0.15 0
      vertex 0.951596 -0.15 0.12528
      vertex 0.904329 -0.212132 0.119057
    endloop
  endfacet
  facet normal 0.00906455 -0.00375466 0.000594122
    outer loop
      vertex 0.959808 -0.15 0
      vertex 0.989778 -0.0776457 0
      vertex 0.951596 -0.15 0.12528
    endloop
  endfacet
  facet normal 0.00934759 -0.0038719 0.000612673
    outer loop
      vertex 0.989778 -0.0776457 0
      vertex 0.98131 -0.0776457 0.129192
      vertex 0.951596 -0.15 0.12528
    endloop
  endfacet
  facet normal 0.0100312 -0.00132063 0.00065748
    outer loop
      vertex 0.989778 -0.0776457 0
      vertex 1 -1.93865e-15 0
      vertex 0.98131 -0.0776457 0.129192
    endloop
  endfacet
  facet normal 0.0101348 -0.00133427 0.00066427
    outer loop
      vertex 1 -1.93865e-15 0
      vertex 0.991445 -1.93865e-15 0.130526
      vertex 0.98131 -0.0776457 0.129192
    endloop
  endfacet
  facet normal 0.00996139 0.00133427 0.00198144
    outer loop
      vertex 0.991445 0 0.130526
      vertex 0.98131 0.0776457 0.129192
      vertex 0.965926 0 0.258819
    endloop
  endfacet
  facet normal 0.00985956 0.00132063 0.00196119
    outer loop
      vertex 0.98131 0.0776457 0.129192
      vertex 0.956052 0.0776457 0.256173
      vertex 0.965926 0 0.258819
    endloop
  endfacet
  facet normal 0.00918765 0.0038719 0.00182754
    outer loop
      vertex 0.98131 0.0776457 0.129192
      vertex 0.951596 0.15 0.12528
      vertex 0.956052 0.0776457 0.256173
    endloop
  endfacet
  facet normal 0.00890945 0.00375466 0.0017722
    outer loop
      vertex 0.951596 0.15 0.12528
      vertex 0.927103 0.15 0.248416
      vertex 0.956052 0.0776457 0.256173
    endloop
  endfacet
  facet normal 0.00765072 0.0059728 0.00152182
    outer loop
      vertex 0.951596 0.15 0.12528
      vertex 0.904329 0.212132 0.119057
      vertex 0.927103 0.15 0.248416
    endloop
  endfacet
  facet normal 0.00727069 0.00567612 0.00144623
    outer loop
      vertex 0.904329 0.212132 0.119057
      vertex 0.881052 0.212132 0.236077
      vertex 0.927103 0.15 0.248416
    endloop
  endfacet
  facet normal 0.005579 0.00739726 0.00110973
    outer loop
      vertex 0.904329 0.212132 0.119057
      vertex 0.842728 0.259808 0.110947
      vertex 0.881052 0.212132 0.236077
    endloop
  endfacet
  facet normal 0.00519897 0.00689338 0.00103414
    outer loop
      vertex 0.842728 0.259808 0.110947
      vertex 0.821037 0.259808 0.219996
      vertex 0.881052 0.212132 0.236077
    endloop
  endfacet
  facet normal 0.00326821 0.00802751 0.000650087
    outer loop
      vertex 0.842728 0.259808 0.110947
      vertex 0.770993 0.289778 0.101503
      vertex 0.821037 0.259808 0.219996
    endloop
  endfacet
  facet normal 0.00299001 0.00734419 0.00059475
    outer loop
      vertex 0.770993 0.289778 0.101503
      vertex 0.751148 0.289778 0.20127
      vertex 0.821037 0.259808 0.219996
    endloop
  endfacet
  facet normal 0.00101984 0.00788128 0.000202858
    outer loop
      vertex 0.770993 0.289778 0.101503
      vertex 0.694011 0.3 0.0913683
      vertex 0.751148 0.289778 0.20127
    endloop
  endfacet
  facet normal 0.000918009 0.00709436 0.000182603
    outer loop
      vertex 0.694011 0.3 0.0913683
      vertex 0.676148 0.3 0.181173
      vertex 0.751148 0.289778 0.20127
    endloop
  endfacet
  facet normal -0.000918009 0.00709436 -0.000182603
    outer loop
      vertex 0.694011 0.3 0.0913683
      vertex 0.61703 0.289778 0.0812335
      vertex 0.676148 0.3 0.181173
    endloop
  endfacet
  facet normal -0.000816181 0.00630744 -0.000162349
    outer loop
      vertex 0.61703 0.289778 0.0812335
      vertex 0.601148 0.289778 0.161077
      vertex 0.676148 0.3 0.181173
    endloop
  endfacet
  facet normal -0.00239292 0.00587759 -0.000475982
    outer loop
      vertex 0.61703 0.289778 0.0812335
      vertex 0.545295 0.259808 0.0717894
      vertex 0.601148 0.289778 0.161077
    endloop
  endfacet
  facet normal -0.00211472 0.00519427 -0.000420645
    outer loop
      vertex 0.545295 0.259808 0.0717894
      vertex 0.531259 0.259808 0.14235
      vertex 0.601148 0.289778 0.161077
    endloop
  endfacet
  facet normal -0.00336404 0.00446042 -0.000669149
    outer loop
      vertex 0.545295 0.259808 0.0717894
      vertex 0.483694 0.212132 0.0636795
      vertex 0.531259 0.259808 0.14235
    endloop
  endfacet
  facet normal -0.00298401 0.00395654 -0.000593557
    outer loop
      vertex 0.483694 0.212132 0.0636795
      vertex 0.471244 0.212132 0.12627
      vertex 0.531259 0.259808 0.14235
    endloop
  endfacet
  facet normal -0.00388884 0.00303596 -0.000773539
    outer loop
      vertex 0.483694 0.212132 0.0636795
      vertex 0.436426 0.15 0.0574566
      vertex 0.471244 0.212132 0.12627
    endloop
  endfacet
  facet normal -0.00350882 0.00273928 -0.000697947
    outer loop
      vertex 0.436426 0.15 0.0574566
      vertex 0.425193 0.15 0.11393
      vertex 0.471244 0.212132 0.12627
    endloop
  endfacet
  facet normal -0.0040861 0.00172198 -0.000812776
    outer loop
      vertex 0.436426 0.15 0.0574566
      vertex 0.406713 0.0776457 0.0535447
      vertex 0.425193 0.15 0.11393
    endloop
  endfacet
  facet normal -0.0038079 0.00160474 -0.000757439
    outer loop
      vertex 0.406713 0.0776457 0.0535447
      vertex 0.396244 0.0776457 0.106173
      vertex 0.425193 0.15 0.11393
    endloop
  endfacet
  facet normal -0.00408638 0.000547348 -0.000812832
    outer loop
      vertex 0.406713 0.0776457 0.0535447
      vertex 0.396578 9.69327e-16 0.0522105
      vertex 0.396244 0.0776457 0.106173
    endloop
  endfacet
  facet normal -0.00398456 0.000533709 -0.000792577
    outer loop
      vertex 0.396578 9.69327e-16 0.0522105
      vertex 0.38637 9.69327e-16 0.103528
      vertex 0.396244 0.0776457 0.106173
    endloop
  endfacet
  facet normal -0.00398456 -0.000533709 -0.000792577
    outer loop
      vertex 0.396578 9.69327e-16 0.0522105
      vertex 0.406713 -0.0776457 0.0535447
      vertex 0.38637 9.69327e-16 0.103528
    endloop
  endfacet
  facet normal -0.00408638 -0.000547348 -0.000812832
    outer loop
      vertex 0.406713 -0.0776457 0.0535447
      vertex 0.396244 -0.0776457 0.106173
      vertex 0.38637 9.69327e-16 0.103528
    endloop
  endfacet
  facet normal -0.0038079 -0.00160474 -0.000757439
    outer loop
      vertex 0.406713 -0.0776457 0.0535447
      vertex 0.436426 -0.15 0.0574566
      vertex 0.396244 -0.0776457 0.106173
    endloop
  endfacet
  facet normal -0.0040861 -0.00172198 -0.000812776
    outer loop
      vertex 0.436426 -0.15 0.0574566
      vertex 0.425193 -0.15 0.11393
      vertex 0.396244 -0.0776457 0.106173
    endloop
  endfacet
  facet normal -0.00350882 -0.00273928 -0.000697947
    outer loop
      vertex 0.436426 -0.15 0.0574566
      vertex 0.483694 -0.212132 0.0636795
      vertex 0.425193 -0.15 0.11393
    endloop
  endfacet
  facet normal -0.00388884 -0.00303596 -0.000773539
    outer loop
      vertex 0.483694 -0.212132 0.0636795
      vertex 0.471244 -0.212132 0.12627
      vertex 0.425193 -0.15 0.11393
    endloop
  endfacet
  facet normal -0.00298401 -0.00395654 -0.000593557
    outer loop
      vertex 0.483694 -0.212132 0.0636795
      vertex 0.545295 -0.259808 0.0717894
      vertex 0.471244 -0.212132 0.12627
    endloop
  endfacet
  facet normal -0.00336404 -0.00446042 -0.000669149
    outer loop
      vertex 0.545295 -0.259808 0.0717894
      vertex 0.531259 -0.259808 0.14235
      vertex 0.471244 -0.212132 0.12627
    endloop
  endfacet
  facet normal -0.00211472 -0.00519427 -0.000420645
    outer loop
      vertex 0.545295 -0.259808 0.0717894
      vertex 0.61703 -0.289778 0.0812335
      vertex 0.531259 -0.259808 0.14235
    endloop
  endfacet
  facet normal -0.00239292 -0.00587759 -0.000475982
    outer loop
      vertex 0.61703 -0.289778 0.0812335
      vertex 0.601148 -0.289778 0.161077
      vertex 0.531259 -0.259808 0.14235
    endloop
  endfacet
  facet normal -0.000816181 -0.00630744 -0.000162349
    outer loop
      vertex 0.61703 -0.289778 0.0812335
      vertex 0.694011 -0.3 0.0913683
      vertex 0.601148 -0.289778 0.161077
    endloop
  endfacet
  facet normal -0.000918009 -0.00709436 -0.000182603
    outer loop
      vertex 0.694011 -0.3 0.0913683
      vertex 0.676148 -0.3 0.181173
      vertex 0.601148 -0.289778 0.161077
    endloop
  endfacet
  facet normal 0.000918009 -0.00709436 0.000182603
    outer loop
      vertex 0.694011 -0.3 0.0913683
      vertex 0.770993 -0.289778 0.101503
      vertex 0.676148 -0.3 0.181173
    endloop
  endfacet
  facet normal 0.00101984 -0.00788128 0.000202858
    outer loop
      vertex 0.770993 -0.289778 0.101503
      vertex 0.751148 -0.289778 0.20127
      vertex 0.676148 -0.3 0.181173
    endloop
  endfacet
  facet normal 0.00299001 -0.00734419 0.00059475
    outer loop
      vertex 0.770993 -0.289778 0.101503
      vertex 0.842728 -0.259808 0.110947
      vertex 0.751148 -0.289778 0.20127
    endloop
  endfacet
  facet normal 0.00326821 -0.00802751 0.000650087
    outer loop
      vertex 0.842728 -0.259808 0.110947
      vertex 0.821037 -0.259808 0.219996
      vertex 0.751148 -0.289778 0.20127
    endloop
  endfacet
  facet normal 0.00519897 -0.00689338 0.00103414
    outer loop
      vertex 0.842728 -0.259808 0.110947
      vertex 0.904329 -0.212132 0.119057
      vertex 0.821037 -0.259808 0.219996
    endloop
  endfacet
  facet normal 0.005579 -0.00739726 0.00110973
    outer loop
      vertex 0.904329 -0.212132 0.119057
      vertex 0.881052 -0.212132 0.236077
      vertex 0.821037 -0.259808 0.219996
    endloop
  endfacet
  facet normal 0.00727069 -0.00567612 0.00144623
    outer loop
      vertex 0.904329 -0.212132 0.119057
      vertex 0.951596 -0.15 0.12528
      vertex 0.881052 -0.212132 0.236077
    endloop
  endfacet
  facet normal 0.00765072 -0.0059728 0.00152182
    outer loop
      vertex 0.951596 -0.15 0.12528
      vertex 0.927103 -0.15 0.248416
      vertex 0.881052 -0.212132 0.236077
    endloop
  endfacet
  facet normal 0.00890945 -0.00375466 0.0017722
    outer loop
      vertex 0.951596 -0.15 0.12528
      vertex 0.98131 -0.0776457 0.129192
      vertex 0.927103 -0.15 0.248416
    endloop
  endfacet
  facet normal 0.00918765 -0.0038719 0.00182754
    outer loop
      vertex 0.98131 -0.0776457 0.129192
      vertex 0.956052 -0.0776457 0.256173
      vertex 0.927103 -0.15 0.248416
    endloop
  endfacet
  facet normal 0.00985956 -0.00132063 0.00196119
    outer loop
      vertex 0.98131 -0.0776457 0.129192
      vertex 0.991445 -1.93865e-15 0.130526
      vertex 0.956052 -0.0776457 0.256173
    endloop
  endfacet
  facet normal 0.00996139 -0.00133427 0.00198144
    outer loop
      vertex 0.991445 -1.93865e-15 0.130526
      vertex 0.965926 -1.93865e-15 0.258819
      vertex 0.956052 -0.0776457 0.256173
    endloop
  endfacet
  facet normal 0.00961754 0.00133427 0.00326471
    outer loop
      vertex 0.965926 0 0.258819
      vertex 0.956052 0.0776457 0.256173
      vertex 0.92388 0 0.382683
    endloop
  endfacet
  facet normal 0.00951923 0.00132063 0.00323134
    outer loop
      vertex 0.956052 0.0776457 0.256173
      vertex 0.914435 0.0776457 0.378772
      vertex 0.92388 0 0.382683
    endloop
  endfacet
  facet normal 0.00887051 0.0038719 0.00301113
    outer loop
      vertex 0.956052 0.0776457 0.256173
      vertex 0.927103 0.15 0.248416
      vertex 0.914435 0.0776457 0.378772
    endloop
  endfacet
  facet normal 0.00860191 0.00375466 0.00291996
    outer loop
      vertex 0.927103 0.15 0.248416
      vertex 0.886747 0.15 0.367302
      vertex 0.914435 0.0776457 0.378772
    endloop
  endfacet
  facet normal 0.00738663 0.0059728 0.00250742
    outer loop
      vertex 0.927103 0.15 0.248416
      vertex 0.881052 0.212132 0.236077
      vertex 0.886747 0.15 0.367302
    endloop
  endfacet
  facet normal 0.00701972 0.00567612 0.00238287
    outer loop
      vertex 0.881052 0.212132 0.236077
      vertex 0.8427 0.212132 0.349058
      vertex 0.886747 0.15 0.367302
    endloop
  endfacet
  facet normal 0.00538642 0.00739726 0.00182844
    outer loop
      vertex 0.881052 0.212132 0.236077
      vertex 0.821037 0.259808 0.219996
      vertex 0.8427 0.212132 0.349058
    endloop
  endfacet
  facet normal 0.00501951 0.00689338 0.00170389
    outer loop
      vertex 0.821037 0.259808 0.219996
      vertex 0.785298 0.259808 0.325281
      vertex 0.8427 0.212132 0.349058
    endloop
  endfacet
  facet normal 0.0031554 0.00802751 0.00107111
    outer loop
      vertex 0.821037 0.259808 0.219996
      vertex 0.751148 0.289778 0.20127
      vertex 0.785298 0.259808 0.325281
    endloop
  endfacet
  facet normal 0.0028868 0.00734419 0.000979937
    outer loop
      vertex 0.751148 0.289778 0.20127
      vertex 0.718451 0.289778 0.297592
      vertex 0.785298 0.259808 0.325281
    endloop
  endfacet
  facet normal 0.000984634 0.00788128 0.000334238
    outer loop
      vertex 0.751148 0.289778 0.20127
      vertex 0.676148 0.3 0.181173
      vertex 0.718451 0.289778 0.297592
    endloop
  endfacet
  facet normal 0.000886321 0.00709436 0.000300865
    outer loop
      vertex 0.676148 0.3 0.181173
      vertex 0.646716 0.3 0.267878
      vertex 0.718451 0.289778 0.297592
    endloop
  endfacet
  facet normal -0.000886321 0.00709436 -0.000300865
    outer loop
      vertex 0.676148 0.3 0.181173
      vertex 0.601148 0.289778 0.161077
      vertex 0.646716 0.3 0.267878
    endloop
  endfacet
  facet normal -0.000788008 0.00630744 -0.000267493
    outer loop
      vertex 0.601148 0.289778 0.161077
      vertex 0.57498 0.289778 0.238165
      vertex 0.646716 0.3 0.267878
    endloop
  endfacet
  facet normal -0.00231032 0.00587759 -0.000784249
    outer loop
      vertex 0.601148 0.289778 0.161077
      vertex 0.531259 0.259808 0.14235
      vertex 0.57498 0.289778 0.238165
    endloop
  endfacet
  facet normal -0.00204173 0.00519427 -0.000693073
    outer loop
      vertex 0.531259 0.259808 0.14235
      vertex 0.508134 0.259808 0.210476
      vertex 0.57498 0.289778 0.238165
    endloop
  endfacet
  facet normal -0.00324792 0.00446042 -0.00110252
    outer loop
      vertex 0.531259 0.259808 0.14235
      vertex 0.471244 0.212132 0.12627
      vertex 0.508134 0.259808 0.210476
    endloop
  endfacet
  facet normal -0.00288101 0.00395654 -0.000977971
    outer loop
      vertex 0.471244 0.212132 0.12627
      vertex 0.450731 0.212132 0.186699
      vertex 0.508134 0.259808 0.210476
    endloop
  endfacet
  facet normal -0.00375461 0.00303596 -0.00127452
    outer loop
      vertex 0.471244 0.212132 0.12627
      vertex 0.425193 0.15 0.11393
      vertex 0.450731 0.212132 0.186699
    endloop
  endfacet
  facet normal -0.0033877 0.00273928 -0.00114997
    outer loop
      vertex 0.425193 0.15 0.11393
      vertex 0.406685 0.15 0.168454
      vertex 0.450731 0.212132 0.186699
    endloop
  endfacet
  facet normal -0.00394506 0.00172198 -0.00133917
    outer loop
      vertex 0.425193 0.15 0.11393
      vertex 0.396244 0.0776457 0.106173
      vertex 0.406685 0.15 0.168454
    endloop
  endfacet
  facet normal -0.00367646 0.00160474 -0.00124799
    outer loop
      vertex 0.396244 0.0776457 0.106173
      vertex 0.378996 0.0776457 0.156985
      vertex 0.406685 0.15 0.168454
    endloop
  endfacet
  facet normal -0.00394533 0.000547348 -0.00133926
    outer loop
      vertex 0.396244 0.0776457 0.106173
      vertex 0.38637 9.69327e-16 0.103528
      vertex 0.378996 0.0776457 0.156985
    endloop
  endfacet
  facet normal -0.00384702 0.000533709 -0.00130589
    outer loop
      vertex 0.38637 9.69327e-16 0.103528
      vertex 0.369552 9.69327e-16 0.153073
      vertex 0.378996 0.0776457 0.156985
    endloop
  endfacet
  facet normal -0.00384702 -0.000533709 -0.00130589
    outer loop
      vertex 0.38637 9.69327e-16 0.103528
      vertex 0.396244 -0.0776457 0.106173
      vertex 0.369552 9.69327e-16 0.153073
    endloop
  endfacet
  facet normal -0.00394533 -0.000547348 -0.00133926
    outer loop
      vertex 0.396244 -0.0776457 0.106173
      vertex 0.378996 -0.0776457 0.156985
      vertex 0.369552 9.69327e-16 0.153073
    endloop
  endfacet
  facet normal -0.00367646 -0.00160474 -0.00124799
    outer loop
      vertex 0.396244 -0.0776457 0.106173
      vertex 0.425193 -0.15 0.11393
      vertex 0.378996 -0.0776457 0.156985
    endloop
  endfacet
  facet normal -0.00394506 -0.00172198 -0.00133917
    outer loop
      vertex 0.425193 -0.15 0.11393
      vertex 0.406685 -0.15 0.168454
      vertex 0.378996 -0.0776457 0.156985
    endloop
  endfacet
  facet normal -0.0033877 -0.00273928 -0.00114997
    outer loop
      vertex 0.425193 -0.15 0.11393
      vertex 0.471244 -0.212132 0.12627
      vertex 0.406685 -0.15 0.168454
    endloop
  endfacet
  facet normal -0.00375461 -0.00303596 -0.00127452
    outer loop
      vertex 0.471244 -0.212132 0.12627
      vertex 0.450731 -0.212132 0.186699
      vertex 0.406685 -0.15 0.168454
    endloop
  endfacet
  facet normal -0.00288101 -0.00395654 -0.000977971
    outer loop
      vertex 0.471244 -0.212132 0.12627
      vertex 0.531259 -0.259808 0.14235
      vertex 0.450731 -0.212132 0.186699
    endloop
  endfacet
  facet normal -0.00324792 -0.00446042 -0.00110252
    outer loop
      vertex 0.531259 -0.259808 0.14235
      vertex 0.508134 -0.259808 0.210476
      vertex 0.450731 -0.212132 0.186699
    endloop
  endfacet
  facet normal -0.00204173 -0.00519427 -0.000693073
    outer loop
      vertex 0.531259 -0.259808 0.14235
      vertex 0.601148 -0.289778 0.161077
      vertex 0.508134 -0.259808 0.210476
    endloop
  endfacet
  facet normal -0.00231032 -0.00587759 -0.000784249
    outer loop
      vertex 0.601148 -0.289778 0.161077
      vertex 0.57498 -0.289778 0.238165
      vertex 0.508134 -0.259808 0.210476
    endloop
  endfacet
  facet normal -0.000788008 -0.00630744 -0.000267493
    outer loop
      vertex 0.601148 -0.289778 0.161077
      vertex 0.676148 -0.3 0.181173
      vertex 0.57498 -0.289778 0.238165
    endloop
  endfacet
  facet normal -0.000886321 -0.00709436 -0.000300865
    outer loop
      vertex 0.676148 -0.3 0.181173
      vertex 0.646716 -0.3 0.267878
      vertex 0.57498 -0.289778 0.238165
    endloop
  endfacet
  facet normal 0.000886321 -0.00709436 0.000300865
    outer loop
      vertex 0.676148 -0.3 0.181173
      vertex 0.751148 -0.289778 0.20127
      vertex 0.646716 -0.3 0.267878
    endloop
  endfacet
  facet normal 0.000984634 -0.00788128 0.000334238
    outer loop
      vertex 0.751148 -0.289778 0.20127
      vertex 0.718451 -0.289778 0.297592
      vertex 0.646716 -0.3 0.267878
    endloop
  endfacet
  facet normal 0.0028868 -0.00734419 0.000979937
    outer loop
      vertex 0.751148 -0.289778 0.20127
      vertex 0.821037 -0.259808 0.219996
      vertex 0.718451 -0.289778 0.297592
    endloop
  endfacet
  facet normal 0.0031554 -0.00802751 0.00107111
    outer loop
      vertex 0.821037 -0.259808 0.219996
      vertex 0.785298 -0.259808 0.325281
      vertex 0.718451 -0.289778 0.297592
    endloop
  endfacet
  facet normal 0.00501951 -0.00689338 0.00170389
    outer loop
      vertex 0.821037 -0.259808 0.219996
      vertex 0.881052 -0.212132 0.236077
      vertex 0.785298 -0.259808 0.325281
    endloop
  endfacet
  facet normal 0.00538642 -0.00739726 0.00182844
    outer loop
      vertex 0.881052 -0.212132 0.236077
      vertex 0.8427 -0.212132 0.349058
      vertex 0.785298 -0.259808 0.325281
    endloop
  endfacet
  facet normal 0.00701972 -0.00567612 0.00238287
    outer loop
      vertex 0.881052 -0.212132 0.236077
      vertex 0.927103 -0.15 0.248416
      vertex 0.8427 -0.212132 0.349058
    endloop
  endfacet
  facet normal 0.00738663 -0.0059728 0.00250742
    outer loop
      vertex 0.927103 -0.15 0.248416
      vertex 0.886747 -0.15 0.367302
      vertex 0.8427 -0.212132 0.349058
    endloop
  endfacet
  facet normal 0.00860191 -0.00375466 0.00291996
    outer loop
      vertex 0.927103 -0.15 0.248416
      vertex 0.956052 -0.0776457 0.256173
      vertex 0.886747 -0.15 0.367302
    endloop
  endfacet
  facet normal 0.00887051 -0.0038719 0.00301113
    outer loop
      vertex 0.956052 -0.0776457 0.256173
      vertex 0.914435 -0.0776457 0.378772
      vertex 0.886747 -0.15 0.367302
    endloop
  endfacet
  facet normal 0.00951923 -0.00132063 0.00323134
    outer loop
      vertex 0.956052 -0.0776457 0.256173
      vertex 0.965926 -1.93865e-15 0.258819
      vertex 0.914435 -0.0776457 0.378772
    endloop
  endfacet
  facet normal 0.00961754 -0.00133427 0.00326471
    outer loop
      vertex 0.965926 -1.93865e-15 0.258819
      vertex 0.92388 -1.93865e-15 0.382683
      vertex 0.914435 -0.0776457 0.378772
    endloop
  endfacet
  facet normal 0.00910913 0.00133427 0.00449213
    outer loop
      vertex 0.92388 0 0.382683
      vertex 0.914435 0.0776457 0.378772
      vertex 0.866025 0 0.5
    endloop
  endfacet
  facet normal 0.00901601 0.00132063 0.00444621
    outer loop
      vertex 0.914435 0.0776457 0.378772
      vertex 0.857173 0.0776457 0.494889
      vertex 0.866025 0 0.5
    endloop
  endfacet
  facet normal 0.00840159 0.0038719 0.0041432
    outer loop
      vertex 0.914435 0.0776457 0.378772
      vertex 0.886747 0.15 0.367302
      vertex 0.857173 0.0776457 0.494889
    endloop
  endfacet
  facet normal 0.00814719 0.00375466 0.00401775
    outer loop
      vertex 0.886747 0.15 0.367302
      vertex 0.831218 0.15 0.479904
      vertex 0.857173 0.0776457 0.494889
    endloop
  endfacet
  facet normal 0.00699615 0.0059728 0.00345012
    outer loop
      vertex 0.886747 0.15 0.367302
      vertex 0.8427 0.212132 0.349058
      vertex 0.831218 0.15 0.479904
    endloop
  endfacet
  facet normal 0.00664864 0.00567612 0.00327874
    outer loop
      vertex 0.8427 0.212132 0.349058
      vertex 0.78993 0.212132 0.456066
      vertex 0.831218 0.15 0.479904
    endloop
  endfacet
  facet normal 0.00510168 0.00739726 0.00251587
    outer loop
      vertex 0.8427 0.212132 0.349058
      vertex 0.785298 0.259808 0.325281
      vertex 0.78993 0.212132 0.456066
    endloop
  endfacet
  facet normal 0.00475417 0.00689338 0.0023445
    outer loop
      vertex 0.785298 0.259808 0.325281
      vertex 0.736122 0.259808 0.425
      vertex 0.78993 0.212132 0.456066
    endloop
  endfacet
  facet normal 0.00298859 0.00802751 0.00147381
    outer loop
      vertex 0.785298 0.259808 0.325281
      vertex 0.718451 0.289778 0.297592
      vertex 0.736122 0.259808 0.425
    endloop
  endfacet
  facet normal 0.0027342 0.00734419 0.00134836
    outer loop
      vertex 0.718451 0.289778 0.297592
      vertex 0.673461 0.289778 0.388823
      vertex 0.736122 0.259808 0.425
    endloop
  endfacet
  facet normal 0.000932583 0.00788128 0.000459899
    outer loop
      vertex 0.718451 0.289778 0.297592
      vertex 0.646716 0.3 0.267878
      vertex 0.673461 0.289778 0.388823
    endloop
  endfacet
  facet normal 0.000839468 0.00709436 0.00041398
    outer loop
      vertex 0.646716 0.3 0.267878
      vertex 0.606218 0.3 0.35
      vertex 0.673461 0.289778 0.388823
    endloop
  endfacet
  facet normal -0.000839468 0.00709436 -0.00041398
    outer loop
      vertex 0.646716 0.3 0.267878
      vertex 0.57498 0.289778 0.238165
      vertex 0.606218 0.3 0.35
    endloop
  endfacet
  facet normal -0.000746352 0.00630744 -0.00036806
    outer loop
      vertex 0.57498 0.289778 0.238165
      vertex 0.538975 0.289778 0.311177
      vertex 0.606218 0.3 0.35
    endloop
  endfacet
  facet normal -0.00218819 0.00587759 -0.0010791
    outer loop
      vertex 0.57498 0.289778 0.238165
      vertex 0.508134 0.259808 0.210476
      vertex 0.538975 0.289778 0.311177
    endloop
  endfacet
  facet normal -0.0019338 0.00519427 -0.000953643
    outer loop
      vertex 0.508134 0.259808 0.210476
      vertex 0.476314 0.259808 0.275
      vertex 0.538975 0.289778 0.311177
    endloop
  endfacet
  facet normal -0.00307622 0.00446042 -0.00151703
    outer loop
      vertex 0.508134 0.259808 0.210476
      vertex 0.450731 0.212132 0.186699
      vertex 0.476314 0.259808 0.275
    endloop
  endfacet
  facet normal -0.00272871 0.00395654 -0.00134565
    outer loop
      vertex 0.450731 0.212132 0.186699
      vertex 0.422506 0.212132 0.243934
      vertex 0.476314 0.259808 0.275
    endloop
  endfacet
  facet normal -0.00355613 0.00303596 -0.00175369
    outer loop
      vertex 0.450731 0.212132 0.186699
      vertex 0.406685 0.15 0.168454
      vertex 0.422506 0.212132 0.243934
    endloop
  endfacet
  facet normal -0.00320861 0.00273928 -0.00158231
    outer loop
      vertex 0.406685 0.15 0.168454
      vertex 0.381218 0.15 0.220096
      vertex 0.422506 0.212132 0.243934
    endloop
  endfacet
  facet normal -0.00373651 0.00172198 -0.00184264
    outer loop
      vertex 0.406685 0.15 0.168454
      vertex 0.378996 0.0776457 0.156985
      vertex 0.381218 0.15 0.220096
    endloop
  endfacet
  facet normal -0.00348211 0.00160474 -0.00171719
    outer loop
      vertex 0.378996 0.0776457 0.156985
      vertex 0.355263 0.0776457 0.205111
      vertex 0.381218 0.15 0.220096
    endloop
  endfacet
  facet normal -0.00373677 0.000547348 -0.00184277
    outer loop
      vertex 0.378996 0.0776457 0.156985
      vertex 0.369552 9.69327e-16 0.153073
      vertex 0.355263 0.0776457 0.205111
    endloop
  endfacet
  facet normal -0.00364365 0.000533709 -0.00179685
    outer loop
      vertex 0.369552 9.69327e-16 0.153073
      vertex 0.34641 9.69327e-16 0.2
      vertex 0.355263 0.0776457 0.205111
    endloop
  endfacet
  facet normal -0.00364365 -0.000533709 -0.00179685
    outer loop
      vertex 0.369552 9.69327e-16 0.153073
      vertex 0.378996 -0.0776457 0.156985
      vertex 0.34641 9.69327e-16 0.2
    endloop
  endfacet
  facet normal -0.00373677 -0.000547348 -0.00184277
    outer loop
      vertex 0.378996 -0.0776457 0.156985
      vertex 0.355263 -0.0776457 0.205111
      vertex 0.34641 9.69327e-16 0.2
    endloop
  endfacet
  facet normal -0.00348211 -0.00160474 -0.00171719
    outer loop
      vertex 0.378996 -0.0776457 0.156985
      vertex 0.406685 -0.15 0.168454
      vertex 0.355263 -0.0776457 0.205111
    endloop
  endfacet
  facet normal -0.00373651 -0.00172198 -0.00184264
    outer loop
      vertex 0.406685 -0.15 0.168454
      vertex 0.381218 -0.15 0.220096
      vertex 0.355263 -0.0776457 0.205111
    endloop
  endfacet
  facet normal -0.00320861 -0.00273928 -0.00158231
    outer loop
      vertex 0.406685 -0.15 0.168454
      vertex 0.450731 -0.212132 0.186699
      vertex 0.381218 -0.15 0.220096
    endloop
  endfacet
  facet normal -0.00355613 -0.00303596 -0.00175369
    outer loop
      vertex 0.450731 -0.212132 0.186699
      vertex 0.422506 -0.212132 0.243934
      vertex 0.381218 -0.15 0.220096
    endloop
  endfacet
  facet normal -0.00272871 -0.00395654 -0.00134565
    outer loop
      vertex 0.450731 -0.212132 0.186699
      vertex 0.508134 -0.259808 0.210476
      vertex 0.422506 -0.212132 0.243934
    endloop
  endfacet
  facet normal -0.00307622 -0.00446042 -0.00151703
    outer loop
      vertex 0.508134 -0.259808 0.210476
      vertex 0.476314 -0.259808 0.275
      vertex 0.422506 -0.212132 0.243934
    endloop
  endfacet
  facet normal -0.0019338 -0.00519427 -0.000953643
    outer loop
      vertex 0.508134 -0.259808 0.210476
      vertex 0.57498 -0.289778 0.238165
      vertex 0.476314 -0.259808 0.275
    endloop
  endfacet
  facet normal -0.00218819 -0.00587759 -0.0010791
    outer loop
      vertex 0.57498 -0.289778 0.238165
      vertex 0.538975 -0.289778 0.311177
      vertex 0.476314 -0.259808 0.275
    endloop
  endfacet
  facet normal -0.000746352 -0.00630744 -0.00036806
    outer loop
      vertex 0.57498 -0.289778 0.238165
      vertex 0.646716 -0.3 0.267878
      vertex 0.538975 -0.289778 0.311177
    endloop
  endfacet
  facet normal -0.000839468 -0.00709436 -0.00041398
    outer loop
      vertex 0.646716 -0.3 0.267878
      vertex 0.606218 -0.3 0.35
      vertex 0.538975 -0.289778 0.311177
    endloop
  endfacet
  facet normal 0.000839468 -0.00709436 0.00041398
    outer loop
      vertex 0.646716 -0.3 0.267878
      vertex 0.718451 -0.289778 0.297592
      vertex 0.606218 -0.3 0.35
    endloop
  endfacet
  facet normal 0.000932583 -0.00788128 0.000459899
    outer loop
      vertex 0.718451 -0.289778 0.297592
      vertex 0.673461 -0.289778 0.388823
      vertex 0.606218 -0.3 0.35
    endloop
  endfacet
  facet normal 0.0027342 -0.00734419 0.00134836
    outer loop
      vertex 0.718451 -0.289778 0.297592
      vertex 0.785298 -0.259808 0.325281
      vertex 0.673461 -0.289778 0.388823
    endloop
  endfacet
  facet normal 0.00298859 -0.00802751 0.00147381
    outer loop
      vertex 0.785298 -0.259808 0.325281
      vertex 0.736122 -0.259808 0.425
      vertex 0.673461 -0.289778 0.388823
    endloop
  endfacet
  facet normal 0.00475417 -0.00689338 0.0023445
    outer loop
      vertex 0.785298 -0.259808 0.325281
      vertex 0.8427 -0.212132 0.349058
      vertex 0.736122 -0.259808 0.425
    endloop
  endfacet
  facet normal 0.00510168 -0.00739726 0.00251587
    outer loop
      vertex 0.8427 -0.212132 0.349058
      vertex 0.78993 -0.212132 0.456066
      vertex 0.736122 -0.259808 0.425
    endloop
  endfacet
  facet normal 0.00664864 -0.00567612 0.00327874
    outer loop
      vertex 0.8427 -0.212132 0.349058
      vertex 0.886747 -0.15 0.367302
      vertex 0.78993 -0.212132 0.456066
    endloop
  endfacet
  facet normal 0.00699615 -0.0059728 0.00345012
    outer loop
      vertex 0.886747 -0.15 0.367302
      vertex 0.831218 -0.15 0.479904
      vertex 0.78993 -0.212132 0.456066
    endloop
  endfacet
  facet normal 0.00814719 -0.00375466 0.00401775
    outer loop
      vertex 0.886747 -0.15 0.367302
      vertex 0.914435 -0.0776457 0.378772
      vertex 0.831218 -0.15 0.479904
    endloop
  endfacet
  facet normal 0.00840159 -0.0038719 0.0041432
    outer loop
      vertex 0.914435 -0.0776457 0.378772
      vertex 0.857173 -0.0776457 0.494889
      vertex 0.831218 -0.15 0.479904
    endloop
  endfacet
  facet normal 0.00901601 -0.00132063 0.00444621
    outer loop
      vertex 0.914435 -0.0776457 0.378772
      vertex 0.92388 -1.93865e-15 0.382683
      vertex 0.857173 -0.0776457 0.494889
    endloop
  endfacet
  facet normal 0.00910913 -0.00133427 0.00449213
    outer loop
      vertex 0.92388 -1.93865e-15 0.382683
      vertex 0.866025 -1.93865e-15 0.5
      vertex 0.857173 -0.0776457 0.494889
    endloop
  endfacet
  facet normal 0.00844486 0.00133427 0.00564267
    outer loop
      vertex 0.866025 0 0.5
      vertex 0.857173 0.0776457 0.494889
      vertex 0.793353 0 0.608761
    endloop
  endfacet
  facet normal 0.00835853 0.00132063 0.00558499
    outer loop
      vertex 0.857173 0.0776457 0.494889
      vertex 0.785243 0.0776457 0.602539
      vertex 0.793353 0 0.608761
    endloop
  endfacet
  facet normal 0.00778891 0.0038719 0.00520439
    outer loop
      vertex 0.857173 0.0776457 0.494889
      vertex 0.831218 0.15 0.479904
      vertex 0.785243 0.0776457 0.602539
    endloop
  endfacet
  facet normal 0.00755307 0.00375466 0.0050468
    outer loop
      vertex 0.831218 0.15 0.479904
      vertex 0.761467 0.15 0.584294
      vertex 0.785243 0.0776457 0.602539
    endloop
  endfacet
  facet normal 0.00648597 0.0059728 0.00433378
    outer loop
      vertex 0.831218 0.15 0.479904
      vertex 0.78993 0.212132 0.456066
      vertex 0.761467 0.15 0.584294
    endloop
  endfacet
  facet normal 0.0061638 0.00567612 0.00411852
    outer loop
      vertex 0.78993 0.212132 0.456066
      vertex 0.723643 0.212132 0.555271
      vertex 0.761467 0.15 0.584294
    endloop
  endfacet
  facet normal 0.00472965 0.00739726 0.00316025
    outer loop
      vertex 0.78993 0.212132 0.456066
      vertex 0.736122 0.259808 0.425
      vertex 0.723643 0.212132 0.555271
    endloop
  endfacet
  facet normal 0.00440748 0.00689338 0.00294498
    outer loop
      vertex 0.736122 0.259808 0.425
      vertex 0.67435 0.259808 0.517447
      vertex 0.723643 0.212132 0.555271
    endloop
  endfacet
  facet normal 0.00277065 0.00802751 0.00185129
    outer loop
      vertex 0.736122 0.259808 0.425
      vertex 0.673461 0.289778 0.388823
      vertex 0.67435 0.259808 0.517447
    endloop
  endfacet
  facet normal 0.00253481 0.00734419 0.00169371
    outer loop
      vertex 0.673461 0.289778 0.388823
      vertex 0.616948 0.289778 0.473401
      vertex 0.67435 0.259808 0.517447
    endloop
  endfacet
  facet normal 0.000864576 0.00788128 0.000577691
    outer loop
      vertex 0.673461 0.289778 0.388823
      vertex 0.606218 0.3 0.35
      vertex 0.616948 0.289778 0.473401
    endloop
  endfacet
  facet normal 0.000778251 0.00709436 0.000520011
    outer loop
      vertex 0.606218 0.3 0.35
      vertex 0.555347 0.3 0.426133
      vertex 0.616948 0.289778 0.473401
    endloop
  endfacet
  facet normal -0.000778251 0.00709436 -0.000520011
    outer loop
      vertex 0.606218 0.3 0.35
      vertex 0.538975 0.289778 0.311177
      vertex 0.555347 0.3 0.426133
    endloop
  endfacet
  facet normal -0.000691925 0.00630744 -0.00046233
    outer loop
      vertex 0.538975 0.289778 0.311177
      vertex 0.493747 0.289778 0.378865
      vertex 0.555347 0.3 0.426133
    endloop
  endfacet
  facet normal -0.00202862 0.00587759 -0.00135548
    outer loop
      vertex 0.538975 0.289778 0.311177
      vertex 0.476314 0.259808 0.275
      vertex 0.493747 0.289778 0.378865
    endloop
  endfacet
  facet normal -0.00179278 0.00519427 -0.0011979
    outer loop
      vertex 0.476314 0.259808 0.275
      vertex 0.436344 0.259808 0.334819
      vertex 0.493747 0.289778 0.378865
    endloop
  endfacet
  facet normal -0.0028519 0.00446042 -0.00190558
    outer loop
      vertex 0.476314 0.259808 0.275
      vertex 0.422506 0.212132 0.243934
      vertex 0.436344 0.259808 0.334819
    endloop
  endfacet
  facet normal -0.00252972 0.00395654 -0.00169031
    outer loop
      vertex 0.422506 0.212132 0.243934
      vertex 0.387052 0.212132 0.296995
      vertex 0.436344 0.259808 0.334819
    endloop
  endfacet
  facet normal -0.0032968 0.00303596 -0.00220285
    outer loop
      vertex 0.422506 0.212132 0.243934
      vertex 0.381218 0.15 0.220096
      vertex 0.387052 0.212132 0.296995
    endloop
  endfacet
  facet normal -0.00297463 0.00273928 -0.00198758
    outer loop
      vertex 0.381218 0.15 0.220096
      vertex 0.349228 0.15 0.267972
      vertex 0.387052 0.212132 0.296995
    endloop
  endfacet
  facet normal -0.00346403 0.00172198 -0.00231459
    outer loop
      vertex 0.381218 0.15 0.220096
      vertex 0.355263 0.0776457 0.205111
      vertex 0.349228 0.15 0.267972
    endloop
  endfacet
  facet normal -0.00322818 0.00160474 -0.002157
    outer loop
      vertex 0.355263 0.0776457 0.205111
      vertex 0.325451 0.0776457 0.249727
      vertex 0.349228 0.15 0.267972
    endloop
  endfacet
  facet normal -0.00346427 0.000547348 -0.00231475
    outer loop
      vertex 0.355263 0.0776457 0.205111
      vertex 0.34641 9.69327e-16 0.2
      vertex 0.325451 0.0776457 0.249727
    endloop
  endfacet
  facet normal -0.00337794 0.000533709 -0.00225707
    outer loop
      vertex 0.34641 9.69327e-16 0.2
      vertex 0.317341 9.69327e-16 0.243505
      vertex 0.325451 0.0776457 0.249727
    endloop
  endfacet
  facet normal -0.00337794 -0.000533709 -0.00225707
    outer loop
      vertex 0.34641 9.69327e-16 0.2
      vertex 0.355263 -0.0776457 0.205111
      vertex 0.317341 9.69327e-16 0.243505
    endloop
  endfacet
  facet normal -0.00346427 -0.000547348 -0.00231475
    outer loop
      vertex 0.355263 -0.0776457 0.205111
      vertex 0.325451 -0.0776457 0.249727
      vertex 0.317341 9.69327e-16 0.243505
    endloop
  endfacet
  facet normal -0.00322818 -0.00160474 -0.002157
    outer loop
      vertex 0.355263 -0.0776457 0.205111
      vertex 0.381218 -0.15 0.220096
      vertex 0.325451 -0.0776457 0.249727
    endloop
  endfacet
  facet normal -0.00346403 -0.00172198 -0.00231459
    outer loop
      vertex 0.381218 -0.15 0.220096
      vertex 0.349228 -0.15 0.267972
      vertex 0.325451 -0.0776457 0.249727
    endloop
  endfacet
  facet normal -0.00297463 -0.00273928 -0.00198758
    outer loop
      vertex 0.381218 -0.15 0.220096
      vertex 0.422506 -0.212132 0.243934
      vertex 0.349228 -0.15 0.267972
    endloop
  endfacet
  facet normal -0.0032968 -0.00303596 -0.00220285
    outer loop
      vertex 0.422506 -0.212132 0.243934
      vertex 0.387052 -0.212132 0.296995
      vertex 0.349228 -0.15 0.267972
    endloop
  endfacet
  facet normal -0.00252972 -0.00395654 -0.00169031
    outer loop
      vertex 0.422506 -0.212132 0.243934
      vertex 0.476314 -0.259808 0.275
      vertex 0.387052 -0.212132 0.296995
    endloop
  endfacet
  facet normal -0.0028519 -0.00446042 -0.00190558
    outer loop
      vertex 0.476314 -0.259808 0.275
      vertex 0.436344 -0.259808 0.334819
      vertex 0.387052 -0.212132 0.296995
    endloop
  endfacet
  facet normal -0.00179278 -0.00519427 -0.0011979
    outer loop
      vertex 0.476314 -0.259808 0.275
      vertex 0.538975 -0.289778 0.311177
      vertex 0.436344 -0.259808 0.334819
    endloop
  endfacet
  facet normal -0.00202862 -0.00587759 -0.00135548
    outer loop
      vertex 0.538975 -0.289778 0.311177
      vertex 0.493747 -0.289778 0.378865
      vertex 0.436344 -0.259808 0.334819
    endloop
  endfacet
  facet normal -0.000691925 -0.00630744 -0.00046233
    outer loop
      vertex 0.538975 -0.289778 0.311177
      vertex 0.606218 -0.3 0.35
      vertex 0.493747 -0.289778 0.378865
    endloop
  endfacet
  facet normal -0.000778251 -0.00709436 -0.000520011
    outer loop
      vertex 0.606218 -0.3 0.35
      vertex 0.555347 -0.3 0.426133
      vertex 0.493747 -0.289778 0.378865
    endloop
  endfacet
  facet normal 0.000778251 -0.00709436 0.000520011
    outer loop
      vertex 0.606218 -0.3 0.35
      vertex 0.673461 -0.289778 0.388823
      vertex 0.555347 -0.3 0.426133
    endloop
  endfacet
  facet normal 0.000864576 -0.00788128 0.000577691
    outer loop
      vertex 0.673461 -0.289778 0.388823
      vertex 0.616948 -0.289778 0.473401
      vertex 0.555347 -0.3 0.426133
    endloop
  endfacet
  facet normal 0.00253481 -0.00734419 0.00169371
    outer loop
      vertex 0.673461 -0.289778 0.388823
      vertex 0.736122 -0.259808 0.425
      vertex 0.616948 -0.289778 0.473401
    endloop
  endfacet
  facet normal 0.00277065 -0.00802751 0.00185129
    outer loop
      vertex 0.736122 -0.259808 0.425
      vertex 0.67435 -0.259808 0.517447
      vertex 0.616948 -0.289778 0.473401
    endloop
  endfacet
  facet normal 0.00440748 -0.00689338 0.00294498
    outer loop
      vertex 0.736122 -0.259808 0.425
      vertex 0.78993 -0.212132 0.456066
      vertex 0.67435 -0.259808 0.517447
    endloop
  endfacet
  facet normal 0.00472965 -0.00739726 0.00316025
    outer loop
      vertex 0.78993 -0.212132 0.456066
      vertex 0.723643 -0.212132 0.555271
      vertex 0.67435 -0.259808 0.517447
    endloop
  endfacet
  facet normal 0.0061638 -0.00567612 0.00411852
    outer loop
      vertex 0.78993 -0.212132 0.456066
      vertex 0.831218 -0.15 0.479904
      vertex 0.723643 -0.212132 0.555271
    endloop
  endfacet
  facet normal 0.00648597 -0.0059728 0.00433378
    outer loop
      vertex 0.831218 -0.15 0.479904
      vertex 0.761467 -0.15 0.584294
      vertex 0.723643 -0.212132 0.555271
    endloop
  endfacet
  facet normal 0.00755307 -0.00375466 0.0050468
    outer loop
      vertex 0.831218 -0.15 0.479904
      vertex 0.857173 -0.0776457 0.494889
      vertex 0.761467 -0.15 0.584294
    endloop
  endfacet
  facet normal 0.00778891 -0.0038719 0.00520439
    outer loop
      vertex 0.857173 -0.0776457 0.494889
      vertex 0.785243 -0.0776457 0.602539
      vertex 0.761467 -0.15 0.584294
    endloop
  endfacet
  facet normal 0.00835853 -0.00132063 0.00558499
    outer loop
      vertex 0.857173 -0.0776457 0.494889
      vertex 0.866025 -1.93865e-15 0.5
      vertex 0.785243 -0.0776457 0.602539
    endloop
  endfacet
  facet normal 0.00844486 -0.00133427 0.00564267
    outer loop
      vertex 0.866025 -1.93865e-15 0.5
      vertex 0.793353 -1.93865e-15 0.608761
      vertex 0.785243 -0.0776457 0.602539
    endloop
  endfacet
  facet normal 0.0076361 0.00133427 0.00669668
    outer loop
      vertex 0.793353 0 0.608761
      vertex 0.785243 0.0776457 0.602539
      vertex 0.707107 0 0.707107
    endloop
  endfacet
  facet normal 0.00755804 0.00132063 0.00662822
    outer loop
      vertex 0.785243 0.0776457 0.602539
      vertex 0.699879 0.0776457 0.699879
      vertex 0.707107 0 0.707107
    endloop
  endfacet
  facet normal 0.00704297 0.0038719 0.00617652
    outer loop
      vertex 0.785243 0.0776457 0.602539
      vertex 0.761467 0.15 0.584294
      vertex 0.699879 0.0776457 0.699879
    endloop
  endfacet
  facet normal 0.00682971 0.00375466 0.0059895
    outer loop
      vertex 0.761467 0.15 0.584294
      vertex 0.678686 0.15 0.678686
      vertex 0.699879 0.0776457 0.699879
    endloop
  endfacet
  facet normal 0.00586481 0.0059728 0.0051433
    outer loop
      vertex 0.761467 0.15 0.584294
      vertex 0.723643 0.212132 0.555271
      vertex 0.678686 0.15 0.678686
    endloop
  endfacet
  facet normal 0.00557349 0.00567612 0.00488782
    outer loop
      vertex 0.723643 0.212132 0.555271
      vertex 0.644975 0.212132 0.644975
      vertex 0.678686 0.15 0.678686
    endloop
  endfacet
  facet normal 0.00427669 0.00739726 0.00375055
    outer loop
      vertex 0.723643 0.212132 0.555271
      vertex 0.67435 0.259808 0.517447
      vertex 0.644975 0.212132 0.644975
    endloop
  endfacet
  facet normal 0.00398537 0.00689338 0.00349508
    outer loop
      vertex 0.67435 0.259808 0.517447
      vertex 0.601041 0.259808 0.601041
      vertex 0.644975 0.212132 0.644975
    endloop
  endfacet
  facet normal 0.00250531 0.00802751 0.0021971
    outer loop
      vertex 0.67435 0.259808 0.517447
      vertex 0.616948 0.289778 0.473401
      vertex 0.601041 0.259808 0.601041
    endloop
  endfacet
  facet normal 0.00229205 0.00734419 0.00201007
    outer loop
      vertex 0.616948 0.289778 0.473401
      vertex 0.549879 0.289778 0.549879
      vertex 0.601041 0.259808 0.601041
    endloop
  endfacet
  facet normal 0.000781776 0.00788128 0.000685599
    outer loop
      vertex 0.616948 0.289778 0.473401
      vertex 0.555347 0.3 0.426133
      vertex 0.549879 0.289778 0.549879
    endloop
  endfacet
  facet normal 0.000703718 0.00709436 0.000617144
    outer loop
      vertex 0.555347 0.3 0.426133
      vertex 0.494975 0.3 0.494975
      vertex 0.549879 0.289778 0.549879
    endloop
  endfacet
  facet normal -0.000703718 0.00709436 -0.000617144
    outer loop
      vertex 0.555347 0.3 0.426133
      vertex 0.493747 0.289778 0.378865
      vertex 0.494975 0.3 0.494975
    endloop
  endfacet
  facet normal -0.00062566 0.00630744 -0.000548689
    outer loop
      vertex 0.493747 0.289778 0.378865
      vertex 0.440071 0.289778 0.440071
      vertex 0.494975 0.3 0.494975
    endloop
  endfacet
  facet normal -0.00183434 0.00587759 -0.00160867
    outer loop
      vertex 0.493747 0.289778 0.378865
      vertex 0.436344 0.259808 0.334819
      vertex 0.440071 0.289778 0.440071
    endloop
  endfacet
  facet normal -0.00162108 0.00519427 -0.00142165
    outer loop
      vertex 0.436344 0.259808 0.334819
      vertex 0.388909 0.259808 0.388909
      vertex 0.440071 0.289778 0.440071
    endloop
  endfacet
  facet normal -0.00257877 0.00446042 -0.00226152
    outer loop
      vertex 0.436344 0.259808 0.334819
      vertex 0.387052 0.212132 0.296995
      vertex 0.388909 0.259808 0.388909
    endloop
  endfacet
  facet normal -0.00228745 0.00395654 -0.00200604
    outer loop
      vertex 0.387052 0.212132 0.296995
      vertex 0.344975 0.212132 0.344975
      vertex 0.388909 0.259808 0.388909
    endloop
  endfacet
  facet normal -0.00298107 0.00303596 -0.00261433
    outer loop
      vertex 0.387052 0.212132 0.296995
      vertex 0.349228 0.15 0.267972
      vertex 0.344975 0.212132 0.344975
    endloop
  endfacet
  facet normal -0.00268975 0.00273928 -0.00235885
    outer loop
      vertex 0.349228 0.15 0.267972
      vertex 0.311263 0.15 0.311263
      vertex 0.344975 0.212132 0.344975
    endloop
  endfacet
  facet normal -0.00313228 0.00172198 -0.00274694
    outer loop
      vertex 0.349228 0.15 0.267972
      vertex 0.325451 0.0776457 0.249727
      vertex 0.311263 0.15 0.311263
    endloop
  endfacet
  facet normal -0.00291902 0.00160474 -0.00255991
    outer loop
      vertex 0.325451 0.0776457 0.249727
      vertex 0.290071 0.0776457 0.290071
      vertex 0.311263 0.15 0.311263
    endloop
  endfacet
  facet normal -0.0031325 0.000547348 -0.00274713
    outer loop
      vertex 0.325451 0.0776457 0.249727
      vertex 0.317341 9.69327e-16 0.243505
      vertex 0.290071 0.0776457 0.290071
    endloop
  endfacet
  facet normal -0.00305444 0.000533709 -0.00267867
    outer loop
      vertex 0.317341 9.69327e-16 0.243505
      vertex 0.282843 9.69327e-16 0.282843
      vertex 0.290071 0.0776457 0.290071
    endloop
  endfacet
  facet normal -0.00305444 -0.000533709 -0.00267867
    outer loop
      vertex 0.317341 9.69327e-16 0.243505
      vertex 0.325451 -0.0776457 0.249727
      vertex 0.282843 9.69327e-16 0.282843
    endloop
  endfacet
  facet normal -0.0031325 -0.000547348 -0.00274713
    outer loop
      vertex 0.325451 -0.0776457 0.249727
      vertex 0.290071 -0.0776457 0.290071
      vertex 0.282843 9.69327e-16 0.282843
    endloop
  endfacet
  facet normal -0.00291902 -0.00160474 -0.00255991
    outer loop
      vertex 0.325451 -0.0776457 0.249727
      vertex 0.349228 -0.15 0.267972
      vertex 0.290071 -0.0776457 0.290071
    endloop
  endfacet
  facet normal -0.00313228 -0.00172198 -0.00274694
    outer loop
      vertex 0.349228 -0.15 0.267972
      vertex 0.311263 -0.15 0.311263
      vertex 0.290071 -0.0776457 0.290071
    endloop
  endfacet
  facet normal -0.00268975 -0.00273928 -0.00235885
    outer loop
      vertex 0.349228 -0.15 0.267972
      vertex 0.387052 -0.212132 0.296995
      vertex 0.311263 -0.15 0.311263
    endloop
  endfacet
  facet normal -0.00298107 -0.00303596 -0.00261433
    outer loop
      vertex 0.387052 -0.212132 0.296995
      vertex 0.344975 -0.212132 0.344975
      vertex 0.311263 -0.15 0.311263
    endloop
  endfacet
  facet normal -0.00228745 -0.00395654 -0.00200604
    outer loop
      vertex 0.387052 -0.212132 0.296995
      vertex 0.436344 -0.259808 0.334819
      vertex 0.344975 -0.212132 0.344975
    endloop
  endfacet
  facet normal -0.00257877 -0.00446042 -0.00226152
    outer loop
      vertex 0.436344 -0.259808 0.334819
      vertex 0.388909 -0.259808 0.388909
      vertex 0.344975 -0.212132 0.344975
    endloop
  endfacet
  facet normal -0.00162108 -0.00519427 -0.00142165
    outer loop
      vertex 0.436344 -0.259808 0.334819
      vertex 0.493747 -0.289778 0.378865
      vertex 0.388909 -0.259808 0.388909
    endloop
  endfacet
  facet normal -0.00183434 -0.00587759 -0.00160867
    outer loop
      vertex 0.493747 -0.289778 0.378865
      vertex 0.440071 -0.289778 0.440071
      vertex 0.388909 -0.259808 0.388909
    endloop
  endfacet
  facet normal -0.00062566 -0.00630744 -0.000548689
    outer loop
      vertex 0.493747 -0.289778 0.378865
      vertex 0.555347 -0.3 0.426133
      vertex 0.440071 -0.289778 0.440071
    endloop
  endfacet
  facet normal -0.000703718 -0.00709436 -0.000617144
    outer loop
      vertex 0.555347 -0.3 0.426133
      vertex 0.494975 -0.3 0.494975
      vertex 0.440071 -0.289778 0.440071
    endloop
  endfacet
  facet normal 0.000703718 -0.00709436 0.000617144
    outer loop
      vertex 0.555347 -0.3 0.426133
      vertex 0.616948 -0.289778 0.473401
      vertex 0.494975 -0.3 0.494975
    endloop
  endfacet
  facet normal 0.000781776 -0.00788128 0.000685599
    outer loop
      vertex 0.616948 -0.289778 0.473401
      vertex 0.549879 -0.289778 0.549879
      vertex 0.494975 -0.3 0.494975
    endloop
  endfacet
  facet normal 0.00229205 -0.00734419 0.00201007
    outer loop
      vertex 0.616948 -0.289778 0.473401
      vertex 0.67435 -0.259808 0.517447
      vertex 0.549879 -0.289778 0.549879
    endloop
  endfacet
  facet normal 0.00250531 -0.00802751 0.0021971
    outer loop
      vertex 0.67435 -0.259808 0.517447
      vertex 0.601041 -0.259808 0.601041
      vertex 0.549879 -0.289778 0.549879
    endloop
  endfacet
  facet normal 0.00398537 -0.00689338 0.00349508
    outer loop
      vertex 0.67435 -0.259808 0.517447
      vertex 0.723643 -0.212132 0.555271
      vertex 0.601041 -0.259808 0.601041
    endloop
  endfacet
  facet normal 0.00427669 -0.00739726 0.00375055
    outer loop
      vertex 0.723643 -0.212132 0.555271
      vertex 0.644975 -0.212132 0.644975
      vertex 0.601041 -0.259808 0.601041
    endloop
  endfacet
  facet normal 0.00557349 -0.00567612 0.00488782
    outer loop
      vertex 0.723643 -0.212132 0.555271
      vertex 0.761467 -0.15 0.584294
      vertex 0.644975 -0.212132 0.644975
    endloop
  endfacet
  facet normal 0.00586481 -0.0059728 0.0051433
    outer loop
      vertex 0.761467 -0.15 0.584294
      vertex 0.678686 -0.15 0.678686
      vertex 0.644975 -0.212132 0.644975
    endloop
  endfacet
  facet normal 0.00682971 -0.00375466 0.0059895
    outer loop
      vertex 0.761467 -0.15 0.584294
      vertex 0.785243 -0.0776457 0.602539
      vertex 0.678686 -0.15 0.678686
    endloop
  endfacet
  facet normal 0.00704297 -0.0038719 0.00617652
    outer loop
      vertex 0.785243 -0.0776457 0.602539
      vertex 0.699879 -0.0776457 0.699879
      vertex 0.678686 -0.15 0.678686
    endloop
  endfacet
  facet normal 0.00755804 -0.00132063 0.00662822
    outer loop
      vertex 0.785243 -0.0776457 0.602539
      vertex 0.793353 -1.93865e-15 0.608761
      vertex 0.699879 -0.0776457 0.699879
    endloop
  endfacet
  facet normal 0.0076361 -0.00133427 0.00669668
    outer loop
      vertex 0.793353 -1.93865e-15 0.608761
      vertex 0.707107 -1.93865e-15 0.707107
      vertex 0.699879 -0.0776457 0.699879
    endloop
  endfacet
  facet normal 0.00669668 0.00133427 0.0076361
    outer loop
      vertex 0.707107 0 0.707107
      vertex 0.699879 0.0776457 0.699879
      vertex 0.608761 0 0.793353
    endloop
  endfacet
  facet normal 0.00662822 0.00132063 0.00755804
    outer loop
      vertex 0.699879 0.0776457 0.699879
      vertex 0.602539 0.0776457 0.785243
      vertex 0.608761 0 0.793353
    endloop
  endfacet
  facet normal 0.00617652 0.0038719 0.00704297
    outer loop
      vertex 0.699879 0.0776457 0.699879
      vertex 0.678686 0.15 0.678686
      vertex 0.602539 0.0776457 0.785243
    endloop
  endfacet
  facet normal 0.0059895 0.00375466 0.00682971
    outer loop
      vertex 0.678686 0.15 0.678686
      vertex 0.584294 0.15 0.761467
      vertex 0.602539 0.0776457 0.785243
    endloop
  endfacet
  facet normal 0.0051433 0.0059728 0.00586481
    outer loop
      vertex 0.678686 0.15 0.678686
      vertex 0.644975 0.212132 0.644975
      vertex 0.584294 0.15 0.761467
    endloop
  endfacet
  facet normal 0.00488782 0.00567612 0.00557349
    outer loop
      vertex 0.644975 0.212132 0.644975
      vertex 0.555271 0.212132 0.723643
      vertex 0.584294 0.15 0.761467
    endloop
  endfacet
  facet normal 0.00375055 0.00739726 0.00427669
    outer loop
      vertex 0.644975 0.212132 0.644975
      vertex 0.601041 0.259808 0.601041
      vertex 0.555271 0.212132 0.723643
    endloop
  endfacet
  facet normal 0.00349508 0.00689338 0.00398537
    outer loop
      vertex 0.601041 0.259808 0.601041
      vertex 0.517447 0.259808 0.67435
      vertex 0.555271 0.212132 0.723643
    endloop
  endfacet
  facet normal 0.0021971 0.00802751 0.00250531
    outer loop
      vertex 0.601041 0.259808 0.601041
      vertex 0.549879 0.289778 0.549879
      vertex 0.517447 0.259808 0.67435
    endloop
  endfacet
  facet normal 0.00201007 0.00734419 0.00229205
    outer loop
      vertex 0.549879 0.289778 0.549879
      vertex 0.473401 0.289778 0.616948
      vertex 0.517447 0.259808 0.67435
    endloop
  endfacet
  facet normal 0.000685599 0.00788128 0.000781776
    outer loop
      vertex 0.549879 0.289778 0.549879
      vertex 0.494975 0.3 0.494975
      vertex 0.473401 0.289778 0.616948
    endloop
  endfacet
  facet normal 0.000617144 0.00709436 0.000703718
    outer loop
      vertex 0.494975 0.3 0.494975
      vertex 0.426133 0.3 0.555347
      vertex 0.473401 0.289778 0.616948
    endloop
  endfacet
  facet normal -0.000617144 0.00709436 -0.000703718
    outer loop
      vertex 0.494975 0.3 0.494975
      vertex 0.440071 0.289778 0.440071
      vertex 0.426133 0.3 0.555347
    endloop
  endfacet
  facet normal -0.000548689 0.00630744 -0.00062566
    outer loop
      vertex 0.440071 0.289778 0.440071
      vertex 0.378865 0.289778 0.493747
      vertex 0.426133 0.3 0.555347
    endloop
  endfacet
  facet normal -0.00160867 0.00587759 -0.00183434
    outer loop
      vertex 0.440071 0.289778 0.440071
      vertex 0.388909 0.259808 0.388909
      vertex 0.378865 0.289778 0.493747
    endloop
  endfacet
  facet normal -0.00142165 0.00519427 -0.00162108
    outer loop
      vertex 0.388909 0.259808 0.388909
      vertex 0.334819 0.259808 0.436344
      vertex 0.378865 0.289778 0.493747
    endloop
  endfacet
  facet normal -0.00226152 0.00446042 -0.00257877
    outer loop
      vertex 0.388909 0.259808 0.388909
      vertex 0.344975 0.212132 0.344975
      vertex 0.334819 0.259808 0.436344
    endloop
  endfacet
  facet normal -0.00200604 0.00395654 -0.00228745
    outer loop
      vertex 0.344975 0.212132 0.344975
      vertex 0.296995 0.212132 0.387052
      vertex 0.334819 0.259808 0.436344
    endloop
  endfacet
  facet normal -0.00261433 0.00303596 -0.00298107
    outer loop
      vertex 0.344975 0.212132 0.344975
      vertex 0.311263 0.15 0.311263
      vertex 0.296995 0.212132 0.387052
    endloop
  endfacet
  facet normal -0.00235885 0.00273928 -0.00268975
    outer loop
      vertex 0.311263 0.15 0.311263
      vertex 0.267972 0.15 0.349228
      vertex 0.296995 0.212132 0.387052
    endloop
  endfacet
  facet normal -0.00274694 0.00172198 -0.00313228
    outer loop
      vertex 0.311263 0.15 0.311263
      vertex 0.290071 0.0776457 0.290071
      vertex 0.267972 0.15 0.349228
    endloop
  endfacet
  facet normal -0.00255991 0.00160474 -0.00291902
    outer loop
      vertex 0.290071 0.0776457 0.290071
      vertex 0.249727 0.0776457 0.325451
      vertex 0.267972 0.15 0.349228
    endloop
  endfacet
  facet normal -0.00274713 0.000547348 -0.0031325
    outer loop
      vertex 0.290071 0.0776457 0.290071
      vertex 0.282843 9.69327e-16 0.282843
      vertex 0.249727 0.0776457 0.325451
    endloop
  endfacet
  facet normal -0.00267867 0.000533709 -0.00305444
    outer loop
      vertex 0.282843 9.69327e-16 0.282843
      vertex 0.243505 9.69327e-16 0.317341
      vertex 0.249727 0.0776457 0.325451
    endloop
  endfacet
  facet normal -0.00267867 -0.000533709 -0.00305444
    outer loop
      vertex 0.282843 9.69327e-16 0.282843
      vertex 0.290071 -0.0776457 0.290071
      vertex 0.243505 9.69327e-16 0.317341
    endloop
  endfacet
  facet normal -0.00274713 -0.000547348 -0.0031325
    outer loop
      vertex 0.290071 -0.0776457 0.290071
      vertex 0.249727 -0.0776457 0.325451
      vertex 0.243505 9.69327e-16 0.317341
    endloop
  endfacet
  facet normal -0.00255991 -0.00160474 -0.00291902
    outer loop
      vertex 0.290071 -0.0776457 0.290071
      vertex 0.311263 -0.15 0.311263
      vertex 0.249727 -0.0776457 0.325451
    endloop
  endfacet
  facet normal -0.00274694 -0.00172198 -0.00313228
    outer loop
      vertex 0.311263 -0.15 0.311263
      vertex 0.267972 -0.15 0.349228
      vertex 0.249727 -0.0776457 0.325451
    endloop
  endfacet
  facet normal -0.00235885 -0.00273928 -0.00268975
    outer loop
      vertex 0.311263 -0.15 0.311263
      vertex 0.344975 -0.212132 0.344975
      vertex 0.267972 -0.15 0.349228
    endloop
  endfacet
  facet normal -0.00261433 -0.00303596 -0.00298107
    outer loop
      vertex 0.344975 -0.212132 0.344975
      vertex 0.296995 -0.212132 0.387052
      vertex 0.267972 -0.15 0.349228
    endloop
  endfacet
  facet normal -0.00200604 -0.00395654 -0.00228745
    outer loop
      vertex 0.344975 -0.212132 0.344975
      vertex 0.388909 -0.259808 0.388909
      vertex 0.296995 -0.212132 0.387052
    endloop
  endfacet
  facet normal -0.00226152 -0.00446042 -0.00257877
    outer loop
      vertex 0.388909 -0.259808 0.388909
      vertex 0.334819 -0.259808 0.436344
      vertex 0.296995 -0.212132 0.387052
    endloop
  endfacet
  facet normal -0.00142165 -0.00519427 -0.00162108
    outer loop
      vertex 0.388909 -0.259808 0.388909
      vertex 0.440071 -0.289778 0.440071
      vertex 0.334819 -0.259808 0.436344
    endloop
  endfacet
  facet normal -0.00160867 -0.00587759 -0.00183434
    outer loop
      vertex 0.440071 -0.289778 0.440071
      vertex 0.378865 -0.289778 0.493747
      vertex 0.334819 -0.259808 0.436344
    endloop
  endfacet
  facet normal -0.000548689 -0.00630744 -0.00062566
    outer loop
      vertex 0.440071 -0.289778 0.440071
      vertex 0.494975 -0.3 0.494975
      vertex 0.378865 -0.289778 0.493747
    endloop
  endfacet
  facet normal -0.000617144 -0.00709436 -0.000703718
    outer loop
      vertex 0.494975 -0.3 0.494975
      vertex 0.426133 -0.3 0.555347
      vertex 0.378865 -0.289778 0.493747
    endloop
  endfacet
  facet normal 0.000617144 -0.00709436 0.000703718
    outer loop
      vertex 0.494975 -0.3 0.494975
      vertex 0.549879 -0.289778 0.549879
      vertex 0.426133 -0.3 0.555347
    endloop
  endfacet
  facet normal 0.000685599 -0.00788128 0.000781776
    outer loop
      vertex 0.549879 -0.289778 0.549879
      vertex 0.473401 -0.289778 0.616948
      vertex 0.426133 -0.3 0.555347
    endloop
  endfacet
  facet normal 0.00201007 -0.00734419 0.00229205
    outer loop
      vertex 0.549879 -0.289778 0.549879
      vertex 0.601041 -0.259808 0.601041
      vertex 0.473401 -0.289778 0.616948
    endloop
  endfacet
  facet normal 0.0021971 -0.00802751 0.00250531
    outer loop
      vertex 0.601041 -0.259808 0.601041
      vertex 0.517447 -0.259808 0.67435
      vertex 0.473401 -0.289778 0.616948
    endloop
  endfacet
  facet normal 0.00349508 -0.00689338 0.00398537
    outer loop
      vertex 0.601041 -0.259808 0.601041
      vertex 0.644975 -0.212132 0.644975
      vertex 0.517447 -0.259808 0.67435
    endloop
  endfacet
  facet normal 0.00375055 -0.00739726 0.00427669
    outer loop
      vertex 0.644975 -0.212132 0.644975
      vertex 0.555271 -0.212132 0.723643
      vertex 0.517447 -0.259808 0.67435
    endloop
  endfacet
  facet normal 0.00488782 -0.00567612 0.00557349
    outer loop
      vertex 0.644975 -0.212132 0.644975
      vertex 0.678686 -0.15 0.678686
      vertex 0.555271 -0.212132 0.723643
    endloop
  endfacet
  facet normal 0.0051433 -0.0059728 0.00586481
    outer loop
      vertex 0.678686 -0.15 0.678686
      vertex 0.584294 -0.15 0.761467
      vertex 0.555271 -0.212132 0.723643
    endloop
  endfacet
  facet normal 0.0059895 -0.00375466 0.00682971
    outer loop
      vertex 0.678686 -0.15 0.678686
      vertex 0.699879 -0.0776457 0.699879
      vertex 0.584294 -0.15 0.761467
    endloop
  endfacet
  facet normal 0.00617652 -0.0038719 0.00704297
    outer loop
      vertex 0.699879 -0.0776457 0.699879
      vertex 0.602539 -0.0776457 0.785243
      vertex 0.584294 -0.15 0.761467
    endloop
  endfacet
  facet normal 0.00662822 -0.00132063 0.00755804
    outer loop
      vertex 0.699879 -0.0776457 0.699879
      vertex 0.707107 -1.93865e-15 0.707107
      vertex 0.602539 -0.0776457 0.785243
    endloop
  endfacet
  facet normal 0.00669668 -0.00133427 0.0076361
    outer loop
      vertex 0.707107 -1.93865e-15 0.707107
      vertex 0.608761 -1.93865e-15 0.793353
      vertex 0.602539 -0.0776457 0.785243
    endloop
  endfacet
  facet normal 0.00564267 0.00133427 0.00844486
    outer loop
      vertex 0.608761 0 0.793353
      vertex 0.602539 0.0776457 0.785243
      vertex 0.5 0 0.866025
    endloop
  endfacet
  facet normal 0.00558499 0.00132063 0.00835853
    outer loop
      vertex 0.602539 0.0776457 0.785243
      vertex 0.494889 0.0776457 0.857173
      vertex 0.5 0 0.866025
    endloop
  endfacet
  facet normal 0.00520439 0.0038719 0.00778891
    outer loop
      vertex 0.602539 0.0776457 0.785243
      vertex 0.584294 0.15 0.761467
      vertex 0.494889 0.0776457 0.857173
    endloop
  endfacet
  facet normal 0.0050468 0.00375466 0.00755307
    outer loop
      vertex 0.584294 0.15 0.761467
      vertex 0.479904 0.15 0.831218
      vertex 0.494889 0.0776457 0.857173
    endloop
  endfacet
  facet normal 0.00433378 0.0059728 0.00648597
    outer loop
      vertex 0.584294 0.15 0.761467
      vertex 0.555271 0.212132 0.723643
      vertex 0.479904 0.15 0.831218
    endloop
  endfacet
  facet normal 0.00411852 0.00567612 0.0061638
    outer loop
      vertex 0.555271 0.212132 0.723643
      vertex 0.456066 0.212132 0.78993
      vertex 0.479904 0.15 0.831218
    endloop
  endfacet
  facet normal 0.00316025 0.00739726 0.00472965
    outer loop
      vertex 0.555271 0.212132 0.723643
      vertex 0.517447 0.259808 0.67435
      vertex 0.456066 0.212132 0.78993
    endloop
  endfacet
  facet normal 0.00294498 0.00689338 0.00440748
    outer loop
      vertex 0.517447 0.259808 0.67435
      vertex 0.425 0.259808 0.736122
      vertex 0.456066 0.212132 0.78993
    endloop
  endfacet
  facet normal 0.00185129 0.00802751 0.00277065
    outer loop
      vertex 0.517447 0.259808 0.67435
      vertex 0.473401 0.289778 0.616948
      vertex 0.425 0.259808 0.736122
    endloop
  endfacet
  facet normal 0.00169371 0.00734419 0.00253481
    outer loop
      vertex 0.473401 0.289778 0.616948
      vertex 0.388823 0.289778 0.673461
      vertex 0.425 0.259808 0.736122
    endloop
  endfacet
  facet normal 0.000577691 0.00788128 0.000864576
    outer loop
      vertex 0.473401 0.289778 0.616948
      vertex 0.426133 0.3 0.555347
      vertex 0.388823 0.289778 0.673461
    endloop
  endfacet
  facet normal 0.000520011 0.00709436 0.000778251
    outer loop
      vertex 0.426133 0.3 0.555347
      vertex 0.35 0.3 0.606218
      vertex 0.388823 0.289778 0.673461
    endloop
  endfacet
  facet normal -0.000520011 0.00709436 -0.000778251
    outer loop
      vertex 0.426133 0.3 0.555347
      vertex 0.378865 0.289778 0.493747
      vertex 0.35 0.3 0.606218
    endloop
  endfacet
  facet normal -0.00046233 0.00630744 -0.000691925
    outer loop
      vertex 0.378865 0.289778 0.493747
      vertex 0.311177 0.289778 0.538975
      vertex 0.35 0.3 0.606218
    endloop
  endfacet
  facet normal -0.00135548 0.00587759 -0.00202862
    outer loop
      vertex 0.378865 0.289778 0.493747
      vertex 0.334819 0.259808 0.436344
      vertex 0.311177 0.289778 0.538975
    endloop
  endfacet
  facet normal -0.0011979 0.00519427 -0.00179278
    outer loop
      vertex 0.334819 0.259808 0.436344
      vertex 0.275 0.259808 0.476314
      vertex 0.311177 0.289778 0.538975
    endloop
  endfacet
  facet normal -0.00190558 0.00446042 -0.0028519
    outer loop
      vertex 0.334819 0.259808 0.436344
      vertex 0.296995 0.212132 0.387052
      vertex 0.275 0.259808 0.476314
    endloop
  endfacet
  facet normal -0.00169031 0.00395654 -0.00252972
    outer loop
      vertex 0.296995 0.212132 0.387052
      vertex 0.243934 0.212132 0.422506
      vertex 0.275 0.259808 0.476314
    endloop
  endfacet
  facet normal -0.00220285 0.00303596 -0.0032968
    outer loop
      vertex 0.296995 0.212132 0.387052
      vertex 0.267972 0.15 0.349228
      vertex 0.243934 0.212132 0.422506
    endloop
  endfacet
  facet normal -0.00198758 0.00273928 -0.00297463
    outer loop
      vertex 0.267972 0.15 0.349228
      vertex 0.220096 0.15 0.381218
      vertex 0.243934 0.212132 0.422506
    endloop
  endfacet
  facet normal -0.00231459 0.00172198 -0.00346403
    outer loop
      vertex 0.267972 0.15 0.349228
      vertex 0.249727 0.0776457 0.325451
      vertex 0.220096 0.15 0.381218
    endloop
  endfacet
  facet normal -0.002157 0.00160474 -0.00322818
    outer loop
      vertex 0.249727 0.0776457 0.325451
      vertex 0.205111 0.0776457 0.355263
      vertex 0.220096 0.15 0.381218
    endloop
  endfacet
  facet normal -0.00231475 0.000547348 -0.00346427
    outer loop
      vertex 0.249727 0.0776457 0.325451
      vertex 0.243505 9.69327e-16 0.317341
      vertex 0.205111 0.0776457 0.355263
    endloop
  endfacet
  facet normal -0.00225707 0.000533709 -0.00337794
    outer loop
      vertex 0.243505 9.69327e-16 0.317341
      vertex 0.2 9.69327e-16 0.34641
      vertex 0.205111 0.0776457 0.355263
    endloop
  endfacet
  facet normal -0.00225707 -0.000533709 -0.00337794
    outer loop
      vertex 0.243505 9.69327e-16 0.317341
      vertex 0.249727 -0.0776457 0.325451
      vertex 0.2 9.69327e-16 0.34641
    endloop
  endfacet
  facet normal -0.00231475 -0.000547348 -0.00346427
    outer loop
      vertex 0.249727 -0.0776457 0.325451
      vertex 0.205111 -0.0776457 0.355263
      vertex 0.2 9.69327e-16 0.34641
    endloop
  endfacet
  facet normal -0.002157 -0.00160474 -0.00322818
    outer loop
      vertex 0.249727 -0.0776457 0.325451
      vertex 0.267972 -0.15 0.349228
      vertex 0.205111 -0.0776457 0.355263
    endloop
  endfacet
  facet normal -0.00231459 -0.00172198 -0.00346403
    outer loop
      vertex 0.267972 -0.15 0.349228
      vertex 0.220096 -0.15 0.381218
      vertex 0.205111 -0.0776457 0.355263
    endloop
  endfacet
  facet normal -0.00198758 -0.00273928 -0.00297463
    outer loop
      vertex 0.267972 -0.15 0.349228
      vertex 0.296995 -0.212132 0.387052
      vertex 0.220096 -0.15 0.381218
    endloop
  endfacet
  facet normal -0.00220285 -0.00303596 -0.0032968
    outer loop
      vertex 0.296995 -0.212132 0.387052
      vertex 0.243934 -0.212132 0.422506
      vertex 0.220096 -0.15 0.381218
    endloop
  endfacet
  facet normal -0.00169031 -0.00395654 -0.00252972
    outer loop
      vertex 0.296995 -0.212132 0.387052
      vertex 0.334819 -0.259808 0.436344
      vertex 0.243934 -0.212132 0.422506
    endloop
  endfacet
  facet normal -0.00190558 -0.00446042 -0.0028519
    outer loop
      vertex 0.334819 -0.259808 0.436344
      vertex 0.275 -0.259808 0.476314
      vertex 0.243934 -0.212132 0.422506
    endloop
  endfacet
  facet normal -0.0011979 -0.00519427 -0.00179278
    outer loop
      vertex 0.334819 -0.259808 0.436344
      vertex 0.378865 -0.289778 0.493747
      vertex 0.275 -0.259808 0.476314
    endloop
  endfacet
  facet normal -0.00135548 -0.00587759 -0.00202862
    outer loop
      vertex 0.378865 -0.289778 0.493747
      vertex 0.311177 -0.289778 0.538975
      vertex 0.275 -0.259808 0.476314
    endloop
  endfacet
  facet normal -0.00046233 -0.00630744 -0.000691925
    outer loop
      vertex 0.378865 -0.289778 0.493747
      vertex 0.426133 -0.3 0.555347
      vertex 0.311177 -0.289778 0.538975
    endloop
  endfacet
  facet normal -0.000520011 -0.00709436 -0.000778251
    outer loop
      vertex 0.426133 -0.3 0.555347
      vertex 0.35 -0.3 0.606218
      vertex 0.311177 -0.289778 0.538975
    endloop
  endfacet
  facet normal 0.000520011 -0.00709436 0.000778251
    outer loop
      vertex 0.426133 -0.3 0.555347
      vertex 0.473401 -0.289778 0.616948
      vertex 0.35 -0.3 0.606218
    endloop
  endfacet
  facet normal 0.000577691 -0.00788128 0.000864576
    outer loop
      vertex 0.473401 -0.289778 0.616948
      vertex 0.388823 -0.289778 0.673461
      vertex 0.35 -0.3 0.606218
    endloop
  endfacet
  facet normal 0.00169371 -0.00734419 0.00253481
    outer loop
      vertex 0.473401 -0.289778 0.616948
      vertex 0.517447 -0.259808 0.67435
      vertex 0.388823 -0.289778 0.673461
    endloop
  endfacet
  facet normal 0.00185129 -0.00802751 0.00277065
    outer loop
      vertex 0.517447 -0.259808 0.67435
      vertex 0.425 -0.259808 0.736122
      vertex 0.388823 -0.289778 0.673461
    endloop
  endfacet
  facet normal 0.00294498 -0.00689338 0.00440748
    outer loop
      vertex 0.517447 -0.259808 0.67435
      vertex 0.555271 -0.212132 0.723643
      vertex 0.425 -0.259808 0.736122
    endloop
  endfacet
  facet normal 0.00316025 -0.00739726 0.00472965
    outer loop
      vertex 0.555271 -0.212132 0.723643
      vertex 0.456066 -0.212132 0.78993
      vertex 0.425 -0.259808 0.736122
    endloop
  endfacet
  facet normal 0.00411852 -0.00567612 0.0061638
    outer loop
      vertex 0.555271 -0.212132 0.723643
      vertex 0.584294 -0.15 0.761467
      vertex 0.456066 -0.212132 0.78993
    endloop
  endfacet
  facet normal 0.00433378 -0.0059728 0.00648597
    outer loop
      vertex 0.584294 -0.15 0.761467
      vertex 0.479904 -0.15 0.831218
      vertex 0.456066 -0.212132 0.78993
    endloop
  endfacet
  facet normal 0.0050468 -0.00375466 0.00755307
    outer loop
      vertex 0.584294 -0.15 0.761467
      vertex 0.602539 -0.0776457 0.785243
      vertex 0.479904 -0.15 0.831218
    endloop
  endfacet
  facet normal 0.00520439 -0.0038719 0.00778891
    outer loop
      vertex 0.602539 -0.0776457 0.785243
      vertex 0.494889 -0.0776457 0.857173
      vertex 0.479904 -0.15 0.831218
    endloop
  endfacet
  facet normal 0.00558499 -0.00132063 0.00835853
    outer loop
      vertex 0.602539 -0.0776457 0.785243
      vertex 0.608761 -1.93865e-15 0.793353
      vertex 0.494889 -0.0776457 0.857173
    endloop
  endfacet
  facet normal 0.00564267 -0.00133427 0.00844486
    outer loop
      vertex 0.608761 -1.93865e-15 0.793353
      vertex 0.5 -1.93865e-15 0.866025
      vertex 0.494889 -0.0776457 0.857173
    endloop
  endfacet
  facet normal 0.00449213 0.00133427 0.00910913
    outer loop
      vertex 0.5 0 0.866025
      vertex 0.494889 0.0776457 0.857173
      vertex 0.382683 0 0.92388
    endloop
  endfacet
  facet normal 0.00444621 0.00132063 0.00901601
    outer loop
      vertex 0.494889 0.0776457 0.857173
      vertex 0.378772 0.0776457 0.914435
      vertex 0.382683 0 0.92388
    endloop
  endfacet
  facet normal 0.0041432 0.0038719 0.00840159
    outer loop
      vertex 0.494889 0.0776457 0.857173
      vertex 0.479904 0.15 0.831218
      vertex 0.378772 0.0776457 0.914435
    endloop
  endfacet
  facet normal 0.00401775 0.00375466 0.00814719
    outer loop
      vertex 0.479904 0.15 0.831218
      vertex 0.367302 0.15 0.886747
      vertex 0.378772 0.0776457 0.914435
    endloop
  endfacet
  facet normal 0.00345012 0.0059728 0.00699615
    outer loop
      vertex 0.479904 0.15 0.831218
      vertex 0.456066 0.212132 0.78993
      vertex 0.367302 0.15 0.886747
    endloop
  endfacet
  facet normal 0.00327874 0.00567612 0.00664864
    outer loop
      vertex 0.456066 0.212132 0.78993
      vertex 0.349058 0.212132 0.8427
      vertex 0.367302 0.15 0.886747
    endloop
  endfacet
  facet normal 0.00251587 0.00739726 0.00510168
    outer loop
      vertex 0.456066 0.212132 0.78993
      vertex 0.425 0.259808 0.736122
      vertex 0.349058 0.212132 0.8427
    endloop
  endfacet
  facet normal 0.0023445 0.00689338 0.00475417
    outer loop
      vertex 0.425 0.259808 0.736122
      vertex 0.325281 0.259808 0.785298
      vertex 0.349058 0.212132 0.8427
    endloop
  endfacet
  facet normal 0.00147381 0.00802751 0.00298859
    outer loop
      vertex 0.425 0.259808 0.736122
      vertex 0.388823 0.289778 0.673461
      vertex 0.325281 0.259808 0.785298
    endloop
  endfacet
  facet normal 0.00134836 0.00734419 0.0027342
    outer loop
      vertex 0.388823 0.289778 0.673461
      vertex 0.297592 0.289778 0.718451
      vertex 0.325281 0.259808 0.785298
    endloop
  endfacet
  facet normal 0.000459899 0.00788128 0.000932583
    outer loop
      vertex 0.388823 0.289778 0.673461
      vertex 0.35 0.3 0.606218
      vertex 0.297592 0.289778 0.718451
    endloop
  endfacet
  facet normal 0.00041398 0.00709436 0.000839468
    outer loop
      vertex 0.35 0.3 0.606218
      vertex 0.267878 0.3 0.646716
      vertex 0.297592 0.289778 0.718451
    endloop
  endfacet
  facet normal -0.00041398 0.00709436 -0.000839468
    outer loop
      vertex 0.35 0.3 0.606218
      vertex 0.311177 0.289778 0.538975
      vertex 0.267878 0.3 0.646716
    endloop
  endfacet
  facet normal -0.00036806 0.00630744 -0.000746352
    outer loop
      vertex 0.311177 0.289778 0.538975
      vertex 0.238165 0.289778 0.57498
      vertex 0.267878 0.3 0.646716
    endloop
  endfacet
  facet normal -0.0010791 0.00587759 -0.00218819
    outer loop
      vertex 0.311177 0.289778 0.538975
      vertex 0.275 0.259808 0.476314
      vertex 0.238165 0.289778 0.57498
    endloop
  endfacet
  facet normal -0.000953643 0.00519427 -0.0019338
    outer loop
      vertex 0.275 0.259808 0.476314
      vertex 0.210476 0.259808 0.508134
      vertex 0.238165 0.289778 0.57498
    endloop
  endfacet
  facet normal -0.00151703 0.00446042 -0.00307622
    outer loop
      vertex 0.275 0.259808 0.476314
      vertex 0.243934 0.212132 0.422506
      vertex 0.210476 0.259808 0.508134
    endloop
  endfacet
  facet normal -0.00134565 0.00395654 -0.00272871
    outer loop
      vertex 0.243934 0.212132 0.422506
      vertex 0.186699 0.212132 0.450731
      vertex 0.210476 0.259808 0.508134
    endloop
  endfacet
  facet normal -0.00175369 0.00303596 -0.00355613
    outer loop
      vertex 0.243934 0.212132 0.422506
      vertex 0.220096 0.15 0.381218
      vertex 0.186699 0.212132 0.450731
    endloop
  endfacet
  facet normal -0.00158231 0.00273928 -0.00320861
    outer loop
      vertex 0.220096 0.15 0.381218
      vertex 0.168454 0.15 0.406685
      vertex 0.186699 0.212132 0.450731
    endloop
  endfacet
  facet normal -0.00184264 0.00172198 -0.00373651
    outer loop
      vertex 0.220096 0.15 0.381218
      vertex 0.205111 0.0776457 0.355263
      vertex 0.168454 0.15 0.406685
    endloop
  endfacet
  facet normal -0.00171719 0.00160474 -0.00348211
    outer loop
      vertex 0.205111 0.0776457 0.355263
      vertex 0.156985 0.0776457 0.378996
      vertex 0.168454 0.15 0.406685
    endloop
  endfacet
  facet normal -0.00184277 0.000547348 -0.00373677
    outer loop
      vertex 0.205111 0.0776457 0.355263
      vertex 0.2 9.69327e-16 0.34641
      vertex 0.156985 0.0776457 0.378996
    endloop
  endfacet
  facet normal -0.00179685 0.000533709 -0.00364365
    outer loop
      vertex 0.2 9.69327e-16 0.34641
      vertex 0.153073 9.69327e-16 0.369552
      vertex 0.156985 0.0776457 0.378996
    endloop
  endfacet
  facet normal -0.00179685 -0.000533709 -0.00364365
    outer loop
      vertex 0.2 9.69327e-16 0.34641
      vertex 0.205111 -0.0776457 0.355263
      vertex 0.153073 9.69327e-16 0.369552
    endloop
  endfacet
  facet normal -0.00184277 -0.000547348 -0.00373677
    outer loop
      vertex 0.205111 -0.0776457 0.355263
      vertex 0.156985 -0.0776457 0.378996
      vertex 0.153073 9.69327e-16 0.369552
    endloop
  endfacet
  facet normal -0.00171719 -0.00160474 -0.00348211
    outer loop
      vertex 0.205111 -0.0776457 0.355263
      vertex 0.220096 -0.15 0.381218
      vertex 0.156985 -0.0776457 0.378996
    endloop
  endfacet
  facet normal -0.00184264 -0.00172198 -0.00373651
    outer loop
      vertex 0.220096 -0.15 0.381218
      vertex 0.168454 -0.15 0.406685
      vertex 0.156985 -0.0776457 0.378996
    endloop
  endfacet
  facet normal -0.00158231 -0.00273928 -0.00320861
    outer loop
      vertex 0.220096 -0.15 0.381218
      vertex 0.243934 -0.212132 0.422506
      vertex 0.168454 -0.15 0.406685
    endloop
  endfacet
  facet normal -0.00175369 -0.00303596 -0.00355613
    outer loop
      vertex 0.243934 -0.212132 0.422506
      vertex 0.186699 -0.212132 0.450731
      vertex 0.168454 -0.15 0.406685
    endloop
  endfacet
  facet normal -0.00134565 -0.00395654 -0.00272871
    outer loop
      vertex 0.243934 -0.212132 0.422506
      vertex 0.275 -0.259808 0.476314
      vertex 0.186699 -0.212132 0.450731
    endloop
  endfacet
  facet normal -0.00151703 -0.00446042 -0.00307622
    outer loop
      vertex 0.275 -0.259808 0.476314
      vertex 0.210476 -0.259808 0.508134
      vertex 0.186699 -0.212132 0.450731
    endloop
  endfacet
  facet normal -0.000953643 -0.00519427 -0.0019338
    outer loop
      vertex 0.275 -0.259808 0.476314
      vertex 0.311177 -0.289778 0.538975
      vertex 0.210476 -0.259808 0.508134
    endloop
  endfacet
  facet normal -0.0010791 -0.00587759 -0.00218819
    outer loop
      vertex 0.311177 -0.289778 0.538975
      vertex 0.238165 -0.289778 0.57498
      vertex 0.210476 -0.259808 0.508134
    endloop
  endfacet
  facet normal -0.00036806 -0.00630744 -0.000746352
    outer loop
      vertex 0.311177 -0.289778 0.538975
      vertex 0.35 -0.3 0.606218
      vertex 0.238165 -0.289778 0.57498
    endloop
  endfacet
  facet normal -0.00041398 -0.00709436 -0.000839468
    outer loop
      vertex 0.35 -0.3 0.606218
      vertex 0.267878 -0.3 0.646716
      vertex 0.238165 -0.289778 0.57498
    endloop
  endfacet
  facet normal 0.00041398 -0.00709436 0.000839468
    outer loop
      vertex 0.35 -0.3 0.606218
      vertex 0.388823 -0.289778 0.673461
      vertex 0.267878 -0.3 0.646716
    endloop
  endfacet
  facet normal 0.000459899 -0.00788128 0.000932583
    outer loop
      vertex 0.388823 -0.289778 0.673461
      vertex 0.297592 -0.289778 0.718451
      vertex 0.267878 -0.3 0.646716
    endloop
  endfacet
  facet normal 0.00134836 -0.00734419 0.0027342
    outer loop
      vertex 0.388823 -0.289778 0.673461
      vertex 0.425 -0.259808 0.736122
      vertex 0.297592 -0.289778 0.718451
    endloop
  endfacet
  facet normal 0.00147381 -0.00802751 0.00298859
    outer loop
      vertex 0.425 -0.259808 0.736122
      vertex 0.325281 -0.259808 0.785298
      vertex 0.297592 -0.289778 0.718451
    endloop
  endfacet
  facet normal 0.0023445 -0.00689338 0.00475417
    outer loop
      vertex 0.425 -0.259808 0.736122
      vertex 0.456066 -0.212132 0.78993
      vertex 0.325281 -0.259808 0.785298
    endloop
  endfacet
  facet normal 0.00251587 -0.00739726 0.00510168
    outer loop
      vertex 0.456066 -0.212132 0.78993
      vertex 0.349058 -0.212132 0.8427
      vertex 0.325281 -0.259808 0.785298
    endloop
  endfacet
  facet normal 0.00327874 -0.00567612 0.00664864
    outer loop
      vertex 0.456066 -0.212132 0.78993
      vertex 0.479904 -0.15 0.831218
      vertex 0.349058 -0.212132 0.8427
    endloop
  endfacet
  facet normal 0.00345012 -0.0059728 0.00699615
    outer loop
      vertex 0.479904 -0.15 0.831218
      vertex 0.367302 -0.15 0.886747
      vertex 0.349058 -0.212132 0.8427
    endloop
  endfacet
  facet normal 0.00401775 -0.00375466 0.00814719
    outer loop
      vertex 0.479904 -0.15 0.831218
      vertex 0.494889 -0.0776457 0.857173
      vertex 0.367302 -0.15 0.886747
    endloop
  endfacet
  facet normal 0.0041432 -0.0038719 0.00840159
    outer loop
      vertex 0.494889 -0.0776457 0.857173
      vertex 0.378772 -0.0776457 0.914435
      vertex 0.367302 -0.15 0.886747
    endloop
  endfacet
  facet normal 0.00444621 -0.00132063 0.00901601
    outer loop
      vertex 0.494889 -0.0776457 0.857173
      vertex 0.5 -1.93865e-15 0.866025
      vertex 0.378772 -0.0776457 0.914435
    endloop
  endfacet
  facet normal 0.00449213 -0.00133427 0.00910913
    outer loop
      vertex 0.5 -1.93865e-15 0.866025
      vertex 0.382683 -1.93865e-15 0.92388
      vertex 0.378772 -0.0776457 0.914435
    endloop
  endfacet
  facet normal 0.00326471 0.00133427 0.00961754
    outer loop
      vertex 0.382683 0 0.92388
      vertex 0.378772 0.0776457 0.914435
      vertex 0.258819 0 0.965926
    endloop
  endfacet
  facet normal 0.00323134 0.00132063 0.00951923
    outer loop
      vertex 0.378772 0.0776457 0.914435
      vertex 0.256173 0.0776457 0.956052
      vertex 0.258819 0 0.965926
    endloop
  endfacet
  facet normal 0.00301113 0.0038719 0.00887051
    outer loop
      vertex 0.378772 0.0776457 0.914435
      vertex 0.367302 0.15 0.886747
      vertex 0.256173 0.0776457 0.956052
    endloop
  endfacet
  facet normal 0.00291996 0.00375466 0.00860191
    outer loop
      vertex 0.367302 0.15 0.886747
      vertex 0.248416 0.15 0.927103
      vertex 0.256173 0.0776457 0.956052
    endloop
  endfacet
  facet normal 0.00250742 0.0059728 0.00738663
    outer loop
      vertex 0.367302 0.15 0.886747
      vertex 0.349058 0.212132 0.8427
      vertex 0.248416 0.15 0.927103
    endloop
  endfacet
  facet normal 0.00238287 0.00567612 0.00701972
    outer loop
      vertex 0.349058 0.212132 0.8427
      vertex 0.236077 0.212132 0.881052
      vertex 0.248416 0.15 0.927103
    endloop
  endfacet
  facet normal 0.00182844 0.00739726 0.00538642
    outer loop
      vertex 0.349058 0.212132 0.8427
      vertex 0.325281 0.259808 0.785298
      vertex 0.236077 0.212132 0.881052
    endloop
  endfacet
  facet normal 0.00170389 0.00689338 0.00501951
    outer loop
      vertex 0.325281 0.259808 0.785298
      vertex 0.219996 0.259808 0.821037
      vertex 0.236077 0.212132 0.881052
    endloop
  endfacet
  facet normal 0.00107111 0.00802751 0.0031554
    outer loop
      vertex 0.325281 0.259808 0.785298
      vertex 0.297592 0.289778 0.718451
      vertex 0.219996 0.259808 0.821037
    endloop
  endfacet
  facet normal 0.000979937 0.00734419 0.0028868
    outer loop
      vertex 0.297592 0.289778 0.718451
      vertex 0.20127 0.289778 0.751148
      vertex 0.219996 0.259808 0.821037
    endloop
  endfacet
  facet normal 0.000334238 0.00788128 0.000984634
    outer loop
      vertex 0.297592 0.289778 0.718451
      vertex 0.267878 0.3 0.646716
      vertex 0.20127 0.289778 0.751148
    endloop
  endfacet
  facet normal 0.000300865 0.00709436 0.000886321
    outer loop
      vertex 0.267878 0.3 0.646716
      vertex 0.181173 0.3 0.676148
      vertex 0.20127 0.289778 0.751148
    endloop
  endfacet
  facet normal -0.000300865 0.00709436 -0.000886321
    outer loop
      vertex 0.267878 0.3 0.646716
      vertex 0.238165 0.289778 0.57498
      vertex 0.181173 0.3 0.676148
    endloop
  endfacet
  facet normal -0.000267493 0.00630744 -0.000788008
    outer loop
      vertex 0.238165 0.289778 0.57498
      vertex 0.161077 0.289778 0.601148
      vertex 0.181173 0.3 0.676148
    endloop
  endfacet
  facet normal -0.000784249 0.00587759 -0.00231032
    outer loop
      vertex 0.238165 0.289778 0.57498
      vertex 0.210476 0.259808 0.508134
      vertex 0.161077 0.289778 0.601148
    endloop
  endfacet
  facet normal -0.000693073 0.00519427 -0.00204173
    outer loop
      vertex 0.210476 0.259808 0.508134
      vertex 0.14235 0.259808 0.531259
      vertex 0.161077 0.289778 0.601148
    endloop
  endfacet
  facet normal -0.00110252 0.00446042 -0.00324792
    outer loop
      vertex 0.210476 0.259808 0.508134
      vertex 0.186699 0.212132 0.450731
      vertex 0.14235 0.259808 0.531259
    endloop
  endfacet
  facet normal -0.000977971 0.00395654 -0.00288101
    outer loop
      vertex 0.186699 0.212132 0.450731
      vertex 0.12627 0.212132 0.471244
      vertex 0.14235 0.259808 0.531259
    endloop
  endfacet
  facet normal -0.00127452 0.00303596 -0.00375461
    outer loop
      vertex 0.186699 0.212132 0.450731
      vertex 0.168454 0.15 0.406685
      vertex 0.12627 0.212132 0.471244
    endloop
  endfacet
  facet normal -0.00114997 0.00273928 -0.0033877
    outer loop
      vertex 0.168454 0.15 0.406685
      vertex 0.11393 0.15 0.425193
      vertex 0.12627 0.212132 0.471244
    endloop
  endfacet
  facet normal -0.00133917 0.00172198 -0.00394506
    outer loop
      vertex 0.168454 0.15 0.406685
      vertex 0.156985 0.0776457 0.378996
      vertex 0.11393 0.15 0.425193
    endloop
  endfacet
  facet normal -0.00124799 0.00160474 -0.00367646
    outer loop
      vertex 0.156985 0.0776457 0.378996
      vertex 0.106173 0.0776457 0.396244
      vertex 0.11393 0.15 0.425193
    endloop
  endfacet
  facet normal -0.00133926 0.000547348 -0.00394533
    outer loop
      vertex 0.156985 0.0776457 0.378996
      vertex 0.153073 9.69327e-16 0.369552
      vertex 0.106173 0.0776457 0.396244
    endloop
  endfacet
  facet normal -0.00130589 0.000533709 -0.00384702
    outer loop
      vertex 0.153073 9.69327e-16 0.369552
      vertex 0.103528 9.69327e-16 0.38637
      vertex 0.106173 0.0776457 0.396244
    endloop
  endfacet
  facet normal -0.00130589 -0.000533709 -0.00384702
    outer loop
      vertex 0.153073 9.69327e-16 0.369552
      vertex 0.156985 -0.0776457 0.378996
      vertex 0.103528 9.69327e-16 0.38637
    endloop
  endfacet
  facet normal -0.00133926 -0.000547348 -0.00394533
    outer loop
      vertex 0.156985 -0.0776457 0.378996
      vertex 0.106173 -0.0776457 0.396244
      vertex 0.103528 9.69327e-16 0.38637
    endloop
  endfacet
  facet normal -0.00124799 -0.00160474 -0.00367646
    outer loop
      vertex 0.156985 -0.0776457 0.378996
      vertex 0.168454 -0.15 0.406685
      vertex 0.106173 -0.0776457 0.396244
    endloop
  endfacet
  facet normal -0.00133917 -0.00172198 -0.00394506
    outer loop
      vertex 0.168454 -0.15 0.406685
      vertex 0.11393 -0.15 0.425193
      vertex 0.106173 -0.0776457 0.396244
    endloop
  endfacet
  facet normal -0.00114997 -0.00273928 -0.0033877
    outer loop
      vertex 0.168454 -0.15 0.406685
      vertex 0.186699 -0.212132 0.450731
      vertex 0.11393 -0.15 0.425193
    endloop
  endfacet
  facet normal -0.00127452 -0.00303596 -0.00375461
    outer loop
      vertex 0.186699 -0.212132 0.450731
      vertex 0.12627 -0.212132 0.471244
      vertex 0.11393 -0.15 0.425193
    endloop
  endfacet
  facet normal -0.000977971 -0.00395654 -0.00288101
    outer loop
      vertex 0.186699 -0.212132 0.450731
      vertex 0.210476 -0.259808 0.508134
      vertex 0.12627 -0.212132 0.471244
    endloop
  endfacet
  facet normal -0.00110252 -0.00446042 -0.00324792
    outer loop
      vertex 0.210476 -0.259808 0.508134
      vertex 0.14235 -0.259808 0.531259
      vertex 0.12627 -0.212132 0.471244
    endloop
  endfacet
  facet normal -0.000693073 -0.00519427 -0.00204173
    outer loop
      vertex 0.210476 -0.259808 0.508134
      vertex 0.238165 -0.289778 0.57498
      vertex 0.14235 -0.259808 0.531259
    endloop
  endfacet
  facet normal -0.000784249 -0.00587759 -0.00231032
    outer loop
      vertex 0.238165 -0.289778 0.57498
      vertex 0.161077 -0.289778 0.601148
      vertex 0.14235 -0.259808 0.531259
    endloop
  endfacet
  facet normal -0.000267493 -0.00630744 -0.000788008
    outer loop
      vertex 0.238165 -0.289778 0.57498
      vertex 0.267878 -0.3 0.646716
      vertex 0.161077 -0.289778 0.601148
    endloop
  endfacet
  facet normal -0.000300865 -0.00709436 -0.000886321
    outer loop
      vertex 0.267878 -0.3 0.646716
      vertex 0.181173 -0.3 0.676148
      vertex 0.161077 -0.289778 0.601148
    endloop
  endfacet
  facet normal 0.000300865 -0.00709436 0.000886321
    outer loop
      vertex 0.267878 -0.3 0.646716
      vertex 0.297592 -0.289778 0.718451
      vertex 0.181173 -0.3 0.676148
    endloop
  endfacet
  facet normal 0.000334238 -0.00788128 0.000984634
    outer loop
      vertex 0.297592 -0.289778 0.718451
      vertex 0.20127 -0.289778 0.751148
      vertex 0.181173 -0.3 0.676148
    endloop
  endfacet
  facet normal 0.000979937 -0.00734419 0.0028868
    outer loop
      vertex 0.297592 -0.289778 0.718451
      vertex 0.325281 -0.259808 0.785298
      vertex 0.20127 -0.289778 0.751148
    endloop
  endfacet
  facet normal 0.00107111 -0.00802751 0.0031554
    outer loop
      vertex 0.325281 -0.259808 0.785298
      vertex 0.219996 -0.259808 0.821037
      vertex 0.20127 -0.289778 0.751148
    endloop
  endfacet
  facet normal 0.00170389 -0.00689338 0.00501951
    outer loop
      vertex 0.325281 -0.259808 0.785298
      vertex 0.349058 -0.212132 0.8427
      vertex 0.219996 -0.259808 0.821037
    endloop
  endfacet
  facet normal 0.00182844 -0.00739726 0.00538642
    outer loop
      vertex 0.349058 -0.212132 0.8427
      vertex 0.236077 -0.212132 0.881052
      vertex 0.219996 -0.259808 0.821037
    endloop
  endfacet
  facet normal 0.00238287 -0.00567612 0.00701972
    outer loop
      vertex 0.349058 -0.212132 0.8427
      vertex 0.367302 -0.15 0.886747
      vertex 0.236077 -0.212132 0.881052
    endloop
  endfacet
  facet normal 0.00250742 -0.0059728 0.00738663
    outer loop
      vertex 0.367302 -0.15 0.886747
      vertex 0.248416 -0.15 0.927103
      vertex 0.236077 -0.212132 0.881052
    endloop
  endfacet
  facet normal 0.00291996 -0.00375466 0.00860191
    outer loop
      vertex 0.367302 -0.15 0.886747
      vertex 0.378772 -0.0776457 0.914435
      vertex 0.248416 -0.15 0.927103
    endloop
  endfacet
  facet normal 0.00301113 -0.0038719 0.00887051
    outer loop
      vertex 0.378772 -0.0776457 0.914435
      vertex 0.256173 -0.0776457 0.956052
      vertex 0.248416 -0.15 0.927103
    endloop
  endfacet
  facet normal 0.00323134 -0.00132063 0.00951923
    outer loop
      vertex 0.378772 -0.0776457 0.914435
      vertex 0.382683 -1.93865e-15 0.92388
      vertex 0.256173 -0.0776457 0.956052
    endloop
  endfacet
  facet normal 0.00326471 -0.00133427 0.00961754
    outer loop
      vertex 0.382683 -1.93865e-15 0.92388
      vertex 0.258819 -1.93865e-15 0.965926
      vertex 0.256173 -0.0776457 0.956052
    endloop
  endfacet
  facet normal 0.00198144 0.00133427 0.00996139
    outer loop
      vertex 0.258819 0 0.965926
      vertex 0.256173 0.0776457 0.956052
      vertex 0.130526 0 0.991445
    endloop
  endfacet
  facet normal 0.00196119 0.00132063 0.00985956
    outer loop
      vertex 0.256173 0.0776457 0.956052
      vertex 0.129192 0.0776457 0.98131
      vertex 0.130526 0 0.991445
    endloop
  endfacet
  facet normal 0.00182754 0.0038719 0.00918765
    outer loop
      vertex 0.256173 0.0776457 0.956052
      vertex 0.248416 0.15 0.927103
      vertex 0.129192 0.0776457 0.98131
    endloop
  endfacet
  facet normal 0.0017722 0.00375466 0.00890945
    outer loop
      vertex 0.248416 0.15 0.927103
      vertex 0.12528 0.15 0.951596
      vertex 0.129192 0.0776457 0.98131
    endloop
  endfacet
  facet normal 0.00152182 0.0059728 0.00765072
    outer loop
      vertex 0.248416 0.15 0.927103
      vertex 0.236077 0.212132 0.881052
      vertex 0.12528 0.15 0.951596
    endloop
  endfacet
  facet normal 0.00144623 0.00567612 0.00727069
    outer loop
      vertex 0.236077 0.212132 0.881052
      vertex 0.119057 0.212132 0.904329
      vertex 0.12528 0.15 0.951596
    endloop
  endfacet
  facet normal 0.00110973 0.00739726 0.005579
    outer loop
      vertex 0.236077 0.212132 0.881052
      vertex 0.219996 0.259808 0.821037
      vertex 0.119057 0.212132 0.904329
    endloop
  endfacet
  facet normal 0.00103414 0.00689338 0.00519897
    outer loop
      vertex 0.219996 0.259808 0.821037
      vertex 0.110947 0.259808 0.842728
      vertex 0.119057 0.212132 0.904329
    endloop
  endfacet
  facet normal 0.000650087 0.00802751 0.00326821
    outer loop
      vertex 0.219996 0.259808 0.821037
      vertex 0.20127 0.289778 0.751148
      vertex 0.110947 0.259808 0.842728
    endloop
  endfacet
  facet normal 0.00059475 0.00734419 0.00299001
    outer loop
      vertex 0.20127 0.289778 0.751148
      vertex 0.101503 0.289778 0.770993
      vertex 0.110947 0.259808 0.842728
    endloop
  endfacet
  facet normal 0.000202858 0.00788128 0.00101984
    outer loop
      vertex 0.20127 0.289778 0.751148
      vertex 0.181173 0.3 0.676148
      vertex 0.101503 0.289778 0.770993
    endloop
  endfacet
  facet normal 0.000182603 0.00709436 0.000918009
    outer loop
      vertex 0.181173 0.3 0.676148
      vertex 0.0913683 0.3 0.694011
      vertex 0.101503 0.289778 0.770993
    endloop
  endfacet
  facet normal -0.000182603 0.00709436 -0.000918009
    outer loop
      vertex 0.181173 0.3 0.676148
      vertex 0.161077 0.289778 0.601148
      vertex 0.0913683 0.3 0.694011
    endloop
  endfacet
  facet normal -0.000162349 0.00630744 -0.000816181
    outer loop
      vertex 0.161077 0.289778 0.601148
      vertex 0.0812335 0.289778 0.61703
      vertex 0.0913683 0.3 0.694011
    endloop
  endfacet
  facet normal -0.000475982 0.00587759 -0.00239292
    outer loop
      vertex 0.161077 0.289778 0.601148
      vertex 0.14235 0.259808 0.531259
      vertex 0.0812335 0.289778 0.61703
    endloop
  endfacet
  facet normal -0.000420645 0.00519427 -0.00211472
    outer loop
      vertex 0.14235 0.259808 0.531259
      vertex 0.0717894 0.259808 0.545295
      vertex 0.0812335 0.289778 0.61703
    endloop
  endfacet
  facet normal -0.000669149 0.00446042 -0.00336404
    outer loop
      vertex 0.14235 0.259808 0.531259
      vertex 0.12627 0.212132 0.471244
      vertex 0.0717894 0.259808 0.545295
    endloop
  endfacet
  facet normal -0.000593557 0.00395654 -0.00298401
    outer loop
      vertex 0.12627 0.212132 0.471244
      vertex 0.0636795 0.212132 0.483694
      vertex 0.0717894 0.259808 0.545295
    endloop
  endfacet
  facet normal -0.000773539 0.00303596 -0.00388884
    outer loop
      vertex 0.12627 0.212132 0.471244
      vertex 0.11393 0.15 0.425193
      vertex 0.0636795 0.212132 0.483694
    endloop
  endfacet
  facet normal -0.000697947 0.00273928 -0.00350882
    outer loop
      vertex 0.11393 0.15 0.425193
      vertex 0.0574566 0.15 0.436426
      vertex 0.0636795 0.212132 0.483694
    endloop
  endfacet
  facet normal -0.000812776 0.00172198 -0.0040861
    outer loop
      vertex 0.11393 0.15 0.425193
      vertex 0.106173 0.0776457 0.396244
      vertex 0.0574566 0.15 0.436426
    endloop
  endfacet
  facet normal -0.000757439 0.00160474 -0.0038079
    outer loop
      vertex 0.106173 0.0776457 0.396244
      vertex 0.0535447 0.0776457 0.406713
      vertex 0.0574566 0.15 0.436426
    endloop
  endfacet
  facet normal -0.000812832 0.000547348 -0.00408638
    outer loop
      vertex 0.106173 0.0776457 0.396244
      vertex 0.103528 9.69327e-16 0.38637
      vertex 0.0535447 0.0776457 0.406713
    endloop
  endfacet
  facet normal -0.000792577 0.000533709 -0.00398456
    outer loop
      vertex 0.103528 9.69327e-16 0.38637
      vertex 0.0522105 9.69327e-16 0.396578
      vertex 0.0535447 0.0776457 0.406713
    endloop
  endfacet
  facet normal -0.000792577 -0.000533709 -0.00398456
    outer loop
      vertex 0.103528 9.69327e-16 0.38637
      vertex 0.106173 -0.0776457 0.396244
      vertex 0.0522105 9.69327e-16 0.396578
    endloop
  endfacet
  facet normal -0.000812832 -0.000547348 -0.00408638
    outer loop
      vertex 0.106173 -0.0776457 0.396244
      vertex 0.0535447 -0.0776457 0.406713
      vertex 0.0522105 9.69327e-16 0.396578
    endloop
  endfacet
  facet normal -0.000757439 -0.00160474 -0.0038079
    outer loop
      vertex 0.106173 -0.0776457 0.396244
      vertex 0.11393 -0.15 0.425193
      vertex 0.0535447 -0.0776457 0.406713
    endloop
  endfacet
  facet normal -0.000812776 -0.00172198 -0.0040861
    outer loop
      vertex 0.11393 -0.15 0.425193
      vertex 0.0574566 -0.15 0.436426
      vertex 0.0535447 -0.0776457 0.406713
    endloop
  endfacet
  facet normal -0.000697947 -0.00273928 -0.00350882
    outer loop
      vertex 0.11393 -0.15 0.425193
      vertex 0.12627 -0.212132 0.471244
      vertex 0.0574566 -0.15 0.436426
    endloop
  endfacet
  facet normal -0.000773539 -0.00303596 -0.00388884
    outer loop
      vertex 0.12627 -0.212132 0.471244
      vertex 0.0636795 -0.212132 0.483694
      vertex 0.0574566 -0.15 0.436426
    endloop
  endfacet
  facet normal -0.000593557 -0.00395654 -0.00298401
    outer loop
      vertex 0.12627 -0.212132 0.471244
      vertex 0.14235 -0.259808 0.531259
      vertex 0.0636795 -0.212132 0.483694
    endloop
  endfacet
  facet normal -0.000669149 -0.00446042 -0.00336404
    outer loop
      vertex 0.14235 -0.259808 0.531259
      vertex 0.0717894 -0.259808 0.545295
      vertex 0.0636795 -0.212132 0.483694
    endloop
  endfacet
  facet normal -0.000420645 -0.00519427 -0.00211472
    outer loop
      vertex 0.14235 -0.259808 0.531259
      vertex 0.161077 -0.289778 0.601148
      vertex 0.0717894 -0.259808 0.545295
    endloop
  endfacet
  facet normal -0.000475982 -0.00587759 -0.00239292
    outer loop
      vertex 0.161077 -0.289778 0.601148
      vertex 0.0812335 -0.289778 0.61703
      vertex 0.0717894 -0.259808 0.545295
    endloop
  endfacet
  facet normal -0.000162349 -0.00630744 -0.000816181
    outer loop
      vertex 0.161077 -0.289778 0.601148
      vertex 0.181173 -0.3 0.676148
      vertex 0.0812335 -0.289778 0.61703
    endloop
  endfacet
  facet normal -0.000182603 -0.00709436 -0.000918009
    outer loop
      vertex 0.181173 -0.3 0.676148
      vertex 0.0913683 -0.3 0.694011
      vertex 0.0812335 -0.289778 0.61703
    endloop
  endfacet
  facet normal 0.000182603 -0.00709436 0.000918009
    outer loop
      vertex 0.181173 -0.3 0.676148
      vertex 0.20127 -0.289778 0.751148
      vertex 0.0913683 -0.3 0.694011
    endloop
  endfacet
  facet normal 0.000202858 -0.00788128 0.00101984
    outer loop
      vertex 0.20127 -0.289778 0.751148
      vertex 0.101503 -0.289778 0.770993
      vertex 0.0913683 -0.3 0.694011
    endloop
  endfacet
  facet normal 0.00059475 -0.00734419 0.00299001
    outer loop
      vertex 0.20127 -0.289778 0.751148
      vertex 0.219996 -0.259808 0.821037
      vertex 0.101503 -0.289778 0.770993
    endloop
  endfacet
  facet normal 0.000650087 -0.00802751 0.00326821
    outer loop
      vertex 0.219996 -0.259808 0.821037
      vertex 0.110947 -0.259808 0.842728
      vertex 0.101503 -0.289778 0.770993
    endloop
  endfacet
  facet normal 0.00103414 -0.00689338 0.00519897
    outer loop
      vertex 0.219996 -0.259808 0.821037
      vertex 0.236077 -0.212132 0.881052
      vertex 0.110947 -0.259808 0.842728
    endloop
  endfacet
  facet normal 0.00110973 -0.00739726 0.005579
    outer loop
      vertex 0.236077 -0.212132 0.881052
      vertex 0.119057 -0.212132 0.904329
      vertex 0.110947 -0.259808 0.842728
    endloop
  endfacet
  facet normal 0.00144623 -0.00567612 0.00727069
    outer loop
      vertex 0.236077 -0.212132 0.881052
      vertex 0.248416 -0.15 0.927103
      vertex 0.119057 -0.212132 0.904329
    endloop
  endfacet
  facet normal 0.00152182 -0.0059728 0.00765072
    outer loop
      vertex 0.248416 -0.15 0.927103
      vertex 0.12528 -0.15 0.951596
      vertex 0.119057 -0.212132 0.904329
    endloop
  endfacet
  facet normal 0.0017722 -0.00375466 0.00890945
    outer loop
      vertex 0.248416 -0.15 0.927103
      vertex 0.256173 -0.0776457 0.956052
      vertex 0.12528 -0.15 0.951596
    endloop
  endfacet
  facet normal 0.00182754 -0.0038719 0.00918765
    outer loop
      vertex 0.256173 -0.0776457 0.956052
      vertex 0.129192 -0.0776457 0.98131
      vertex 0.12528 -0.15 0.951596
    endloop
  endfacet
  facet normal 0.00196119 -0.00132063 0.00985956
    outer loop
      vertex 0.256173 -0.0776457 0.956052
      vertex 0.258819 -1.93865e-15 0.965926
      vertex 0.129192 -0.0776457 0.98131
    endloop
  endfacet
  facet normal 0.00198144 -0.00133427 0.00996139
    outer loop
      vertex 0.258819 -1.93865e-15 0.965926
      vertex 0.130526 -1.93865e-15 0.991445
      vertex 0.129192 -0.0776457 0.98131
    endloop
  endfacet
  facet normal 0.00066427 0.00133427 0.0101348
    outer loop
      vertex 0.130526 0 0.991445
      vertex 0.129192 0.0776457 0.98131
      vertex 1.61554e-15 0 1
    endloop
  endfacet
  facet normal 0.00065748 0.00132063 0.0100312
    outer loop
      vertex 0.129192 0.0776457 0.98131
      vertex 1.59903e-15 0.0776457 0.989778
      vertex 1.61554e-15 0 1
    endloop
  endfacet
  facet normal 0.000612673 0.0038719 0.00934759
    outer loop
      vertex 0.129192 0.0776457 0.98131
      vertex 0.12528 0.15 0.951596
      vertex 1.59903e-15 0.0776457 0.989778
    endloop
  endfacet
  facet normal 0.000594122 0.00375466 0.00906455
    outer loop
      vertex 0.12528 0.15 0.951596
      vertex 1.55061e-15 0.15 0.959808
      vertex 1.59903e-15 0.0776457 0.989778
    endloop
  endfacet
  facet normal 0.000510184 0.0059728 0.0077839
    outer loop
      vertex 0.12528 0.15 0.951596
      vertex 0.119057 0.212132 0.904329
      vertex 1.55061e-15 0.15 0.959808
    endloop
  endfacet
  facet normal 0.000484842 0.00567612 0.00739726
    outer loop
      vertex 0.119057 0.212132 0.904329
      vertex 1.47359e-15 0.212132 0.912132
      vertex 1.55061e-15 0.15 0.959808
    endloop
  endfacet
  facet normal 0.000372032 0.00739726 0.00567612
    outer loop
      vertex 0.119057 0.212132 0.904329
      vertex 0.110947 0.259808 0.842728
      vertex 1.47359e-15 0.212132 0.912132
    endloop
  endfacet
  facet normal 0.000346691 0.00689338 0.00528948
    outer loop
      vertex 0.110947 0.259808 0.842728
      vertex 1.37321e-15 0.259808 0.85
      vertex 1.47359e-15 0.212132 0.912132
    endloop
  endfacet
  facet normal 0.000217939 0.00802751 0.0033251
    outer loop
      vertex 0.110947 0.259808 0.842728
      vertex 0.101503 0.289778 0.770993
      vertex 1.37321e-15 0.259808 0.85
    endloop
  endfacet
  facet normal 0.000199387 0.00734419 0.00304206
    outer loop
      vertex 0.101503 0.289778 0.770993
      vertex 1.25632e-15 0.289778 0.777646
      vertex 1.37321e-15 0.259808 0.85
    endloop
  endfacet
  facet normal 6.80073e-05 0.00788128 0.00103759
    outer loop
      vertex 0.101503 0.289778 0.770993
      vertex 0.0913683 0.3 0.694011
      vertex 1.25632e-15 0.289778 0.777646
    endloop
  endfacet
  facet normal 6.12169e-05 0.00709436 0.00093399
    outer loop
      vertex 0.0913683 0.3 0.694011
      vertex 1.13088e-15 0.3 0.7
      vertex 1.25632e-15 0.289778 0.777646
    endloop
  endfacet
  facet normal -6.12169e-05 0.00709436 -0.00093399
    outer loop
      vertex 0.0913683 0.3 0.694011
      vertex 0.0812335 0.289778 0.61703
      vertex 1.13088e-15 0.3 0.7
    endloop
  endfacet
  facet normal -5.44266e-05 0.00630744 -0.00083039
    outer loop
      vertex 0.0812335 0.289778 0.61703
      vertex 1.00544e-15 0.289778 0.622354
      vertex 1.13088e-15 0.3 0.7
    endloop
  endfacet
  facet normal -0.000159571 0.00587759 -0.00243458
    outer loop
      vertex 0.0812335 0.289778 0.61703
      vertex 0.0717894 0.259808 0.545295
      vertex 1.00544e-15 0.289778 0.622354
    endloop
  endfacet
  facet normal -0.000141019 0.00519427 -0.00215154
    outer loop
      vertex 0.0717894 0.259808 0.545295
      vertex 8.8855e-16 0.259808 0.55
      vertex 1.00544e-15 0.289778 0.622354
    endloop
  endfacet
  facet normal -0.000224329 0.00446042 -0.0034226
    outer loop
      vertex 0.0717894 0.259808 0.545295
      vertex 0.0636795 0.212132 0.483694
      vertex 8.8855e-16 0.259808 0.55
    endloop
  endfacet
  facet normal -0.000198987 0.00395654 -0.00303596
    outer loop
      vertex 0.0636795 0.212132 0.483694
      vertex 7.88172e-16 0.212132 0.487868
      vertex 8.8855e-16 0.259808 0.55
    endloop
  endfacet
  facet normal -0.000259325 0.00303596 -0.00395654
    outer loop
      vertex 0.0636795 0.212132 0.483694
      vertex 0.0574566 0.15 0.436426
      vertex 7.88172e-16 0.212132 0.487868
    endloop
  endfacet
  facet normal -0.000233983 0.00273928 -0.0035699
    outer loop
      vertex 0.0574566 0.15 0.436426
      vertex 7.1115e-16 0.15 0.440192
      vertex 7.88172e-16 0.212132 0.487868
    endloop
  endfacet
  facet normal -0.00027248 0.00172198 -0.00415723
    outer loop
      vertex 0.0574566 0.15 0.436426
      vertex 0.0535447 0.0776457 0.406713
      vertex 7.1115e-16 0.15 0.440192
    endloop
  endfacet
  facet normal -0.000253928 0.00160474 -0.00387419
    outer loop
      vertex 0.0535447 0.0776457 0.406713
      vertex 6.62732e-16 0.0776457 0.410222
      vertex 7.1115e-16 0.15 0.440192
    endloop
  endfacet
  facet normal -0.000272498 0.000547348 -0.00415752
    outer loop
      vertex 0.0535447 0.0776457 0.406713
      vertex 0.0522105 9.69327e-16 0.396578
      vertex 6.62732e-16 0.0776457 0.410222
    endloop
  endfacet
  facet normal -0.000265708 0.000533709 -0.00405392
    outer loop
      vertex 0.0522105 9.69327e-16 0.396578
      vertex 6.46218e-16 9.69327e-16 0.4
      vertex 6.62732e-16 0.0776457 0.410222
    endloop
  endfacet
  facet normal -0.000265708 -0.000533709 -0.00405392
    outer loop
      vertex 0.0522105 9.69327e-16 0.396578
      vertex 0.0535447 -0.0776457 0.406713
      vertex 6.46218e-16 9.69327e-16 0.4
    endloop
  endfacet
  facet normal -0.000272498 -0.000547348 -0.00415752
    outer loop
      vertex 0.0535447 -0.0776457 0.406713
      vertex 6.62732e-16 -0.0776457 0.410222
      vertex 6.46218e-16 9.69327e-16 0.4
    endloop
  endfacet
  facet normal -0.000253928 -0.00160474 -0.00387419
    outer loop
      vertex 0.0535447 -0.0776457 0.406713
      vertex 0.0574566 -0.15 0.436426
      vertex 6.62732e-16 -0.0776457 0.410222
    endloop
  endfacet
  facet normal -0.00027248 -0.00172198 -0.00415723
    outer loop
      vertex 0.0574566 -0.15 0.436426
      vertex 7.1115e-16 -0.15 0.440192
      vertex 6.62732e-16 -0.0776457 0.410222
    endloop
  endfacet
  facet normal -0.000233983 -0.00273928 -0.0035699
    outer loop
      vertex 0.0574566 -0.15 0.436426
      vertex 0.0636795 -0.212132 0.483694
      vertex 7.1115e-16 -0.15 0.440192
    endloop
  endfacet
  facet normal -0.000259325 -0.00303596 -0.00395654
    outer loop
      vertex 0.0636795 -0.212132 0.483694
      vertex 7.88172e-16 -0.212132 0.487868
      vertex 7.1115e-16 -0.15 0.440192
    endloop
  endfacet
  facet normal -0.000198987 -0.00395654 -0.00303596
    outer loop
      vertex 0.0636795 -0.212132 0.483694
      vertex 0.0717894 -0.259808 0.545295
      vertex 7.88172e-16 -0.212132 0.487868
    endloop
  endfacet
  facet normal -0.000224329 -0.00446042 -0.0034226
    outer loop
      vertex 0.0717894 -0.259808 0.545295
      vertex 8.8855e-16 -0.259808 0.55
      vertex 7.88172e-16 -0.212132 0.487868
    endloop
  endfacet
  facet normal -0.000141019 -0.00519427 -0.00215154
    outer loop
      vertex 0.0717894 -0.259808 0.545295
      vertex 0.0812335 -0.289778 0.61703
      vertex 8.8855e-16 -0.259808 0.55
    endloop
  endfacet
  facet normal -0.000159571 -0.00587759 -0.00243458
    outer loop
      vertex 0.0812335 -0.289778 0.61703
      vertex 1.00544e-15 -0.289778 0.622354
      vertex 8.8855e-16 -0.259808 0.55
    endloop
  endfacet
  facet normal -5.44266e-05 -0.00630744 -0.00083039
    outer loop
      vertex 0.0812335 -0.289778 0.61703
      vertex 0.0913683 -0.3 0.694011
      vertex 1.00544e-15 -0.289778 0.622354
    endloop
  endfacet
  facet normal -6.12169e-05 -0.00709436 -0.00093399
    outer loop
      vertex 0.0913683 -0.3 0.694011
      vertex 1.13088e-15 -0.3 0.7
      vertex 1.00544e-15 -0.289778 0.622354
    endloop
  endfacet
  facet normal 6.12169e-05 -0.00709436 0.00093399
    outer loop
      vertex 0.0913683 -0.3 0.694011
      vertex 0.101503 -0.289778 0.770993
      vertex 1.13088e-15 -0.3 0.7
    endloop
  endfacet
  facet normal 6.80073e-05 -0.00788128 0.00103759
    outer loop
      vertex 0.101503 -0.289778 0.770993
      vertex 1.25632e-15 -0.289778 0.777646
      vertex 1.13088e-15 -0.3 0.7
    endloop
  endfacet
  facet normal 0.000199387 -0.00734419 0.00304206
    outer loop
      vertex 0.101503 -0.289778 0.770993
      vertex 0.110947 -0.259808 0.842728
      vertex 1.25632e-15 -0.289778 0.777646
    endloop
  endfacet
  facet normal 0.000217939 -0.00802751 0.0033251
    outer loop
      vertex 0.110947 -0.259808 0.842728
      vertex 1.37321e-15 -0.259808 0.85
      vertex 1.25632e-15 -0.289778 0.777646
    endloop
  endfacet
  facet normal 0.000346691 -0.00689338 0.00528948
    outer loop
      vertex 0.110947 -0.259808 0.842728
      vertex 0.119057 -0.212132 0.904329
      vertex 1.37321e-15 -0.259808 0.85
    endloop
  endfacet
  facet normal 0.000372032 -0.00739726 0.00567612
    outer loop
      vertex 0.119057 -0.212132 0.904329
      vertex 1.47359e-15 -0.212132 0.912132
      vertex 1.37321e-15 -0.259808 0.85
    endloop
  endfacet
  facet normal 0.000484842 -0.00567612 0.00739726
    outer loop
      vertex 0.119057 -0.212132 0.904329
      vertex 0.12528 -0.15 0.951596
      vertex 1.47359e-15 -0.212132 0.912132
    endloop
  endfacet
  facet normal 0.000510184 -0.0059728 0.0077839
    outer loop
      vertex 0.12528 -0.15 0.951596
      vertex 1.55061e-15 -0.15 0.959808
      vertex 1.47359e-15 -0.212132 0.912132
    endloop
  endfacet
  facet normal 0.000594122 -0.00375466 0.00906455
    outer loop
      vertex 0.12528 -0.15 0.951596
      vertex 0.129192 -0.0776457 0.98131
      vertex 1.55061e-15 -0.15 0.959808
    endloop
  endfacet
  facet normal 0.000612673 -0.0038719 0.00934759
    outer loop
      vertex 0.129192 -0.0776457 0.98131
      vertex 1.59903e-15 -0.0776457 0.989778
      vertex 1.55061e-15 -0.15 0.959808
    endloop
  endfacet
  facet normal 0.00065748 -0.00132063 0.0100312
    outer loop
      vertex 0.129192 -0.0776457 0.98131
      vertex 0.130526 -1.93865e-15 0.991445
      vertex 1.59903e-15 -0.0776457 0.989778
    endloop
  endfacet
  facet normal 0.00066427 -0.00133427 0.0101348
    outer loop
      vertex 0.130526 -1.93865e-15 0.991445
      vertex 1.61554e-15 -1.93865e-15 1
      vertex 1.59903e-15 -0.0776457 0.989778
    endloop
  endfacet
  facet normal -0.00066427 0.00133427 0.0101348
    outer loop
      vertex 1.61554e-15 0 1
      vertex 1.59903e-15 0.0776457 0.989778
      vertex -0.130526 0 0.991445
    endloop
  endfacet
  facet normal -0.00065748 0.00132063 0.0100312
    outer loop
      vertex 1.59903e-15 0.0776457 0.989778
      vertex -0.129192 0.0776457 0.98131
      vertex -0.130526 0 0.991445
    endloop
  endfacet
  facet normal -0.000612673 0.0038719 0.00934759
    outer loop
      vertex 1.59903e-15 0.0776457 0.989778
      vertex 1.55061e-15 0.15 0.959808
      vertex -0.129192 0.0776457 0.98131
    endloop
  endfacet
  facet normal -0.000594122 0.00375466 0.00906455
    outer loop
      vertex 1.55061e-15 0.15 0.959808
      vertex -0.12528 0.15 0.951596
      vertex -0.129192 0.0776457 0.98131
    endloop
  endfacet
  facet normal -0.000510184 0.0059728 0.0077839
    outer loop
      vertex 1.55061e-15 0.15 0.959808
      vertex 1.47359e-15 0.212132 0.912132
      vertex -0.12528 0.15 0.951596
    endloop
  endfacet
  facet normal -0.000484842 0.00567612 0.00739726
    outer loop
      vertex 1.47359e-15 0.212132 0.912132
      vertex -0.119057 0.212132 0.904329
      vertex -0.12528 0.15 0.951596
    endloop
  endfacet
  facet normal -0.000372032 0.00739726 0.00567612
    outer loop
      vertex 1.47359e-15 0.212132 0.912132
      vertex 1.37321e-15 0.259808 0.85
      vertex -0.119057 0.212132 0.904329
    endloop
  endfacet
  facet normal -0.000346691 0.00689338 0.00528948
    outer loop
      vertex 1.37321e-15 0.259808 0.85
      vertex -0.110947 0.259808 0.842728
      vertex -0.119057 0.212132 0.904329
    endloop
  endfacet
  facet normal -0.000217939 0.00802751 0.0033251
    outer loop
      vertex 1.37321e-15 0.259808 0.85
      vertex 1.25632e-15 0.289778 0.777646
      vertex -0.110947 0.259808 0.842728
    endloop
  endfacet
  facet normal -0.000199387 0.00734419 0.00304206
    outer loop
      vertex 1.25632e-15 0.289778 0.777646
      vertex -0.101503 0.289778 0.770993
      vertex -0.110947 0.259808 0.842728
    endloop
  endfacet
  facet normal -6.80073e-05 0.00788128 0.00103759
    outer loop
      vertex 1.25632e-15 0.289778 0.777646
      vertex 1.13088e-15 0.3 0.7
      vertex -0.101503 0.289778 0.770993
    endloop
  endfacet
  facet normal -6.12169e-05 0.00709436 0.00093399
    outer loop
      vertex 1.13088e-15 0.3 0.7
      vertex -0.0913683 0.3 0.694011
      vertex -0.101503 0.289778 0.770993
    endloop
  endfacet
  facet normal 6.12169e-05 0.00709436 -0.00093399
    outer loop
      vertex 1.13088e-15 0.3 0.7
      vertex 1.00544e-15 0.289778 0.622354
      vertex -0.0913683 0.3 0.694011
    endloop
  endfacet
  facet normal 5.44266e-05 0.00630744 -0.00083039
    outer loop
      vertex 1.00544e-15 0.289778 0.622354
      vertex -0.0812335 0.289778 0.61703
      vertex -0.0913683 0.3 0.694011
    endloop
  endfacet
  facet normal 0.000159571 0.00587759 -0.00243458
    outer loop
      vertex 1.00544e-15 0.289778 0.622354
      vertex 8.8855e-16 0.259808 0.55
      vertex -0.0812335 0.289778 0.61703
    endloop
  endfacet
  facet normal 0.000141019 0.00519427 -0.00215154
    outer loop
      vertex 8.8855e-16 0.259808 0.55
      vertex -0.0717894 0.259808 0.545295
      vertex -0.0812335 0.289778 0.61703
    endloop
  endfacet
  facet normal 0.000224329 0.00446042 -0.0034226
    outer loop
      vertex 8.8855e-16 0.259808 0.55
      vertex 7.88172e-16 0.212132 0.487868
      vertex -0.0717894 0.259808 0.545295
    endloop
  endfacet
  facet normal 0.000198987 0.00395654 -0.00303596
    outer loop
      vertex 7.88172e-16 0.212132 0.487868
      vertex -0.0636795 0.212132 0.483694
      vertex -0.0717894 0.259808 0.545295
    endloop
  endfacet
  facet normal 0.000259325 0.00303596 -0.00395654
    outer loop
      vertex 7.88172e-16 0.212132 0.487868
      vertex 7.1115e-16 0.15 0.440192
      vertex -0.0636795 0.212132 0.483694
    endloop
  endfacet
  facet normal 0.000233983 0.00273928 -0.0035699
    outer loop
      vertex 7.1115e-16 0.15 0.440192
      vertex -0.0574566 0.15 0.436426
      vertex -0.0636795 0.212132 0.483694
    endloop
  endfacet
  facet normal 0.00027248 0.00172198 -0.00415723
    outer loop
      vertex 7.1115e-16 0.15 0.440192
      vertex 6.62732e-16 0.0776457 0.410222
      vertex -0.0574566 0.15 0.436426
    endloop
  endfacet
  facet normal 0.000253928 0.00160474 -0.00387419
    outer loop
      vertex 6.62732e-16 0.0776457 0.410222
      vertex -0.0535447 0.0776457 0.406713
      vertex -0.0574566 0.15 0.436426
    endloop
  endfacet
  facet normal 0.000272498 0.000547348 -0.00415752
    outer loop
      vertex 6.62732e-16 0.0776457 0.410222
      vertex 6.46218e-16 9.69327e-16 0.4
      vertex -0.0535447 0.0776457 0.406713
    endloop
  endfacet
  facet normal 0.000265708 0.000533709 -0.00405392
    outer loop
      vertex 6.46218e-16 9.69327e-16 0.4
      vertex -0.0522105 9.69327e-16 0.396578
      vertex -0.0535447 0.0776457 0.406713
    endloop
  endfacet
  facet normal 0.000265708 -0.000533709 -0.00405392
    outer loop
      vertex 6.46218e-16 9.69327e-16 0.4
      vertex 6.62732e-16 -0.0776457 0.410222
      vertex -0.0522105 9.69327e-16 0.396578
    endloop
  endfacet
  facet normal 0.000272498 -0.000547348 -0.00415752
    outer loop
      vertex 6.62732e-16 -0.0776457 0.410222
      vertex -0.0535447 -0.0776457 0.406713
      vertex -0.0522105 9.69327e-16 0.396578
    endloop
  endfacet
  facet normal 0.000253928 -0.00160474 -0.00387419
    outer loop
      vertex 6.62732e-16 -0.0776457 0.410222
      vertex 7.1115e-16 -0.15 0.440192
      vertex -0.0535447 -0.0776457 0.406713
    endloop
  endfacet
  facet normal 0.00027248 -0.00172198 -0.00415723
    outer loop
      vertex 7.1115e-16 -0.15 0.440192
      vertex -0.0574566 -0.15 0.436426
      vertex -0.0535447 -0.0776457 0.406713
    endloop
  endfacet
  facet normal 0.000233983 -0.00273928 -0.0035699
    outer loop
      vertex 7.1115e-16 -0.15 0.440192
      vertex 7.88172e-16 -0.212132 0.487868
      vertex -0.0574566 -0.15 0.436426
    endloop
  endfacet
  facet normal 0.000259325 -0.00303596 -0.00395654
    outer loop
      vertex 7.88172e-16 -0.212132 0.487868
      vertex -0.0636795 -0.212132 0.483694
      vertex -0.0574566 -0.15 0.436426
    endloop
  endfacet
  facet normal 0.000198987 -0.00395654 -0.00303596
    outer loop
      vertex 7.88172e-16 -0.212132 0.487868
      vertex 8.8855e-16 -0.259808 0.55
      vertex -0.0636795 -0.212132 0.483694
    endloop
  endfacet
  facet normal 0.000224329 -0.00446042 -0.0034226
    outer loop
      vertex 8.8855e-16 -0.259808 0.55
      vertex -0.0717894 -0.259808 0.545295
      vertex -0.0636795 -0.212132 0.483694
    endloop
  endfacet
  facet normal 0.000141019 -0.00519427 -0.00215154
    outer loop
      vertex 8.8855e-16 -0.259808 0.55
      vertex 1.00544e-15 -0.289778 0.622354
      vertex -0.0717894 -0.259808 0.545295
    endloop
  endfacet
  facet normal 0.000159571 -0.00587759 -0.00243458
    outer loop
      vertex 1.00544e-15 -0.289778 0.622354
      vertex -0.0812335 -0.289778 0.61703
      vertex -0.0717894 -0.259808 0.545295
    endloop
  endfacet
  facet normal 5.44266e-05 -0.00630744 -0.00083039
    outer loop
      vertex 1.00544e-15 -0.289778 0.622354
      vertex 1.13088e-15 -0.3 0.7
      vertex -0.0812335 -0.289778 0.61703
    endloop
  endfacet
  facet normal 6.12169e-05 -0.00709436 -0.00093399
    outer loop
      vertex 1.13088e-15 -0.3 0.7
      vertex -0.0913683 -0.3 0.694011
      vertex -0.0812335 -0.289778 0.61703
    endloop
  endfacet
  facet normal -6.12169e-05 -0.00709436 0.00093399
    outer loop
      vertex 1.13088e-15 -0.3 0.7
      vertex 1.25632e-15 -0.289778 0.777646
      vertex -0.0913683 -0.3 0.694011
    endloop
  endfacet
  facet normal -6.80073e-05 -0.00788128 0.00103759
    outer loop
      vertex 1.25632e-15 -0.289778 0.777646
      vertex -0.101503 -0.289778 0.770993
      vertex -0.0913683 -0.3 0.694011
    endloop
  endfacet
  facet normal -0.000199387 -0.00734419 0.00304206
    outer loop
      vertex 1.25632e-15 -0.289778 0.777646
      vertex 1.37321e-15 -0.259808 0.85
      vertex -0.101503 -0.289778 0.770993
    endloop
  endfacet
  facet normal -0.000217939 -0.00802751 0.0033251
    outer loop
      vertex 1.37321e-15 -0.259808 0.85
      vertex -0.110947 -0.259808 0.842728
      vertex -0.101503 -0.289778 0.770993
    endloop
  endfacet
  facet normal -0.000346691 -0.00689338 0.00528948
    outer loop
      vertex 1.37321e-15 -0.259808 0.85
      vertex 1.47359e-15 -0.212132 0.912132
      vertex -0.110947 -0.259808 0.842728
    endloop
  endfacet
  facet normal -0.000372032 -0.00739726 0.00567612
    outer loop
      vertex 1.47359e-15 -0.212132 0.912132
      vertex -0.119057 -0.212132 0.904329
      vertex -0.110947 -0.259808 0.842728
    endloop
  endfacet
  facet normal -0.000484842 -0.00567612 0.00739726
    outer loop
      vertex 1.47359e-15 -0.212132 0.912132
      vertex 1.55061e-15 -0.15 0.959808
      vertex -0.119057 -0.212132 0.904329
    endloop
  endfacet
  facet normal -0.000510184 -0.0059728 0.0077839
    outer loop
      vertex 1.55061e-15 -0.15 0.959808
      vertex -0.12528 -0.15 0.951596
      vertex -0.119057 -0.212132 0.904329
    endloop
  endfacet
  facet normal -0.000594122 -0.00375466 0.00906455
    outer loop
      vertex 1.55061e-15 -0.15 0.959808
      vertex 1.59903e-15 -0.0776457 0.989778
      vertex -0.12528 -0.15 0.951596
    endloop
  endfacet
  facet normal -0.000612673 -0.0038719 0.00934759
    outer loop
      vertex 1.59903e-15 -0.0776457 0.989778
      vertex -0.129192 -0.0776457 0.98131
      vertex -0.12528 -0.15 0.951596
    endloop
  endfacet
  facet normal -0.00065748 -0.00132063 0.0100312
    outer loop
      vertex 1.59903e-15 -0.0776457 0.989778
      vertex 1.61554e-15 -1.93865e-15 1
      vertex -0.129192 -0.0776457 0.98131
    endloop
  endfacet
  facet normal -0.00066427 -0.00133427 0.0101348
    outer loop
      vertex 1.61554e-15 -1.93865e-15 1
      vertex -0.130526 -1.93865e-15 0.991445
      vertex -0.129192 -0.0776457 0.98131
    endloop
  endfacet
  facet normal -0.00198144 0.00133427 0.00996139
    outer loop
      vertex -0.130526 0 0.991445
      vertex -0.129192 0.0776457 0.98131
      vertex -0.258819 0 0.965926
    endloop
  endfacet
  facet normal -0.00196119 0.00132063 0.00985956
    outer loop
      vertex -0.129192 0.0776457 0.98131
      vertex -0.256173 0.0776457 0.956052
      vertex -0.258819 0 0.965926
    endloop
  endfacet
  facet normal -0.00182754 0.0038719 0.00918765
    outer loop
      vertex -0.129192 0.0776457 0.98131
      vertex -0.12528 0.15 0.951596
      vertex -0.256173 0.0776457 0.956052
    endloop
  endfacet
  facet normal -0.0017722 0.00375466 0.00890945
    outer loop
      vertex -0.12528 0.15 0.951596
      vertex -0.248416 0.15 0.927103
      vertex -0.256173 0.0776457 0.956052
    endloop
  endfacet
  facet normal -0.00152182 0.0059728 0.00765072
    outer loop
      vertex -0.12528 0.15 0.951596
      vertex -0.119057 0.212132 0.904329
      vertex -0.248416 0.15 0.927103
    endloop
  endfacet
  facet normal -0.00144623 0.00567612 0.00727069
    outer loop
      vertex -0.119057 0.212132 0.904329
      vertex -0.236077 0.212132 0.881052
      vertex -0.248416 0.15 0.927103
    endloop
  endfacet
  facet normal -0.00110973 0.00739726 0.005579
    outer loop
      vertex -0.119057 0.212132 0.904329
      vertex -0.110947 0.259808 0.842728
      vertex -0.236077 0.212132 0.881052
    endloop
  endfacet
  facet normal -0.00103414 0.00689338 0.00519897
    outer loop
      vertex -0.110947 0.259808 0.842728
      vertex -0.219996 0.259808 0.821037
      vertex -0.236077 0.212132 0.881052
    endloop
  endfacet
  facet normal -0.000650087 0.00802751 0.00326821
    outer loop
      vertex -0.110947 0.259808 0.842728
      vertex -0.101503 0.289778 0.770993
      vertex -0.219996 0.259808 0.821037
    endloop
  endfacet
  facet normal -0.00059475 0.00734419 0.00299001
    outer loop
      vertex -0.101503 0.289778 0.770993
      vertex -0.20127 0.289778 0.751148
      vertex -0.219996 0.259808 0.821037
    endloop
  endfacet
  facet normal -0.000202858 0.00788128 0.00101984
    outer loop
      vertex -0.101503 0.289778 0.770993
      vertex -0.0913683 0.3 0.694011
      vertex -0.20127 0.289778 0.751148
    endloop
  endfacet
  facet normal -0.000182603 0.00709436 0.000918009
    outer loop
      vertex -0.0913683 0.3 0.694011
      vertex -0.181173 0.3 0.676148
      vertex -0.20127 0.289778 0.751148
    endloop
  endfacet
  facet normal 0.000182603 0.00709436 -0.000918009
    outer loop
      vertex -0.0913683 0.3 0.694011
      vertex -0.0812335 0.289778 0.61703
      vertex -0.181173 0.3 0.676148
    endloop
  endfacet
  facet normal 0.000162349 0.00630744 -0.000816181
    outer loop
      vertex -0.0812335 0.289778 0.61703
      vertex -0.161077 0.289778 0.601148
      vertex -0.181173 0.3 0.676148
    endloop
  endfacet
  facet normal 0.000475982 0.00587759 -0.00239292
    outer loop
      vertex -0.0812335 0.289778 0.61703
      vertex -0.0717894 0.259808 0.545295
      vertex -0.161077 0.289778 0.601148
    endloop
  endfacet
  facet normal 0.000420645 0.00519427 -0.00211472
    outer loop
      vertex -0.0717894 0.259808 0.545295
      vertex -0.14235 0.259808 0.531259
      vertex -0.161077 0.289778 0.601148
    endloop
  endfacet
  facet normal 0.000669149 0.00446042 -0.00336404
    outer loop
      vertex -0.0717894 0.259808 0.545295
      vertex -0.0636795 0.212132 0.483694
      vertex -0.14235 0.259808 0.531259
    endloop
  endfacet
  facet normal 0.000593557 0.00395654 -0.00298401
    outer loop
      vertex -0.0636795 0.212132 0.483694
      vertex -0.12627 0.212132 0.471244
      vertex -0.14235 0.259808 0.531259
    endloop
  endfacet
  facet normal 0.000773539 0.00303596 -0.00388884
    outer loop
      vertex -0.0636795 0.212132 0.483694
      vertex -0.0574566 0.15 0.436426
      vertex -0.12627 0.212132 0.471244
    endloop
  endfacet
  facet normal 0.000697947 0.00273928 -0.00350882
    outer loop
      vertex -0.0574566 0.15 0.436426
      vertex -0.11393 0.15 0.425193
      vertex -0.12627 0.212132 0.471244
    endloop
  endfacet
  facet normal 0.000812776 0.00172198 -0.0040861
    outer loop
      vertex -0.0574566 0.15 0.436426
      vertex -0.0535447 0.0776457 0.406713
      vertex -0.11393 0.15 0.425193
    endloop
  endfacet
  facet normal 0.000757439 0.00160474 -0.0038079
    outer loop
      vertex -0.0535447 0.0776457 0.406713
      vertex -0.106173 0.0776457 0.396244
      vertex -0.11393 0.15 0.425193
    endloop
  endfacet
  facet normal 0.000812832 0.000547348 -0.00408638
    outer loop
      vertex -0.0535447 0.0776457 0.406713
      vertex -0.0522105 9.69327e-16 0.396578
      vertex -0.106173 0.0776457 0.396244
    endloop
  endfacet
  facet normal 0.000792577 0.000533709 -0.00398456
    outer loop
      vertex -0.0522105 9.69327e-16 0.396578
      vertex -0.103528 9.69327e-16 0.38637
      vertex -0.106173 0.0776457 0.396244
    endloop
  endfacet
  facet normal 0.000792577 -0.000533709 -0.00398456
    outer loop
      vertex -0.0522105 9.69327e-16 0.396578
      vertex -0.0535447 -0.0776457 0.406713
      vertex -0.103528 9.69327e-16 0.38637
    endloop
  endfacet
  facet normal 0.000812832 -0.000547348 -0.00408638
    outer loop
      vertex -0.0535447 -0.0776457 0.406713
      vertex -0.106173 -0.0776457 0.396244
      vertex -0.103528 9.69327e-16 0.38637
    endloop
  endfacet
  facet normal 0.000757439 -0.00160474 -0.0038079
    outer loop
      vertex -0.0535447 -0.0776457 0.406713
      vertex -0.0574566 -0.15 0.436426
      vertex -0.106173 -0.0776457 0.396244
    endloop
  endfacet
  facet normal 0.000812776 -0.00172198 -0.0040861
    outer loop
      vertex -0.0574566 -0.15 0.436426
      vertex -0.11393 -0.15 0.425193
      vertex -0.106173 -0.0776457 0.396244
    endloop
  endfacet
  facet normal 0.000697947 -0.00273928 -0.00350882
    outer loop
      vertex -0.0574566 -0.15 0.436426
      vertex -0.0636795 -0.212132 0.483694
      vertex -0.11393 -0.15 0.425193
    endloop
  endfacet
  facet normal 0.000773539 -0.00303596 -0.00388884
    outer loop
      vertex -0.0636795 -0.212132 0.483694
      vertex -0.12627 -0.212132 0.471244
      vertex -0.11393 -0.15 0.425193
    endloop
  endfacet
  facet normal 0.000593557 -0.00395654 -0.00298401
    outer loop
      vertex -0.0636795 -0.212132 0.483694
      vertex -0.0717894 -0.259808 0.545295
      vertex -0.12627 -0.212132 0.471244
    endloop
  endfacet
  facet normal 0.000669149 -0.00446042 -0.00336404
    outer loop
      vertex -0.0717894 -0.259808 0.545295
      vertex -0.14235 -0.259808 0.531259
      vertex -0.12627 -0.212132 0.471244
    endloop
  endfacet
  facet normal 0.000420645 -0.00519427 -0.00211472
    outer loop
      vertex -0.0717894 -0.259808 0.545295
      vertex -0.0812335 -0.289778 0.61703
      vertex -0.14235 -0.259808 0.531259
    endloop
  endfacet
  facet normal 0.000475982 -0.00587759 -0.00239292
    outer loop
      vertex -0.0812335 -0.289778 0.61703
      vertex -0.161077 -0.289778 0.601148
      vertex -0.14235 -0.259808 0.531259
    endloop
  endfacet
  facet normal 0.000162349 -0.00630744 -0.000816181
    outer loop
      vertex -0.0812335 -0.289778 0.61703
      vertex -0.0913683 -0.3 0.694011
      vertex -0.161077 -0.289778 0.601148
    endloop
  endfacet
  facet normal 0.000182603 -0.00709436 -0.000918009
    outer loop
      vertex -0.0913683 -0.3 0.694011
      vertex -0.181173 -0.3 0.676148
      vertex -0.161077 -0.289778 0.601148
    endloop
  endfacet
  facet normal -0.000182603 -0.00709436 0.000918009
    outer loop
      vertex -0.0913683 -0.3 0.694011
      vertex -0.101503 -0.289778 0.770993
      vertex -0.181173 -0.3 0.676148
    endloop
  endfacet
  facet normal -0.000202858 -0.00788128 0.00101984
    outer loop
      vertex -0.101503 -0.289778 0.770993
      vertex -0.20127 -0.289778 0.751148
      vertex -0.181173 -0.3 0.676148
    endloop
  endfacet
  facet normal -0.00059475 -0.00734419 0.00299001
    outer loop
      vertex -0.101503 -0.289778 0.770993
      vertex -0.110947 -0.259808 0.842728
      vertex -0.20127 -0.289778 0.751148
    endloop
  endfacet
  facet normal -0.000650087 -0.00802751 0.00326821
    outer loop
      vertex -0.110947 -0.259808 0.842728
      vertex -0.219996 -0.259808 0.821037
      vertex -0.20127 -0.289778 0.751148
    endloop
  endfacet
  facet normal -0.00103414 -0.00689338 0.00519897
    outer loop
      vertex -0.110947 -0.259808 0.842728
      vertex -0.119057 -0.212132 0.904329
      vertex -0.219996 -0.259808 0.821037
    endloop
  endfacet
  facet normal -0.00110973 -0.00739726 0.005579
    outer loop
      vertex -0.119057 -0.212132 0.904329
      vertex -0.236077 -0.212132 0.881052
      vertex -0.219996 -0.259808 0.821037
    endloop
  endfacet
  facet normal -0.00144623 -0.00567612 0.00727069
    outer loop
      vertex -0.119057 -0.212132 0.904329
      vertex -0.12528 -0.15 0.951596
      vertex -0.236077 -0.212132 0.881052
    endloop
  endfacet
  facet normal -0.00152182 -0.0059728 0.00765072
    outer loop
      vertex -0.12528 -0.15 0.951596
      vertex -0.248416 -0.15 0.927103
      vertex -0.236077 -0.212132 0.881052
    endloop
  endfacet
  facet normal -0.0017722 -0.00375466 0.00890945
    outer loop
      vertex -0.12528 -0.15 0.951596
      vertex -0.129192 -0.0776457 0.98131
      vertex -0.248416 -0.15 0.927103
    endloop
  endfacet
  facet normal -0.00182754 -0.0038719 0.00918765
    outer loop
      vertex -0.129192 -0.0776457 0.98131
      vertex -0.256173 -0.0776457 0.956052
      vertex -0.248416 -0.15 0.927103
    endloop
  endfacet
  facet normal -0.00196119 -0.00132063 0.00985956
    outer loop
      vertex -0.129192 -0.0776457 0.98131
      vertex -0.130526 -1.93865e-15 0.991445
      vertex -0.256173 -0.0776457 0.956052
    endloop
  endfacet
  facet normal -0.00198144 -0.00133427 0.00996139
    outer loop
      vertex -0.130526 -1.93865e-15 0.991445
      vertex -0.258819 -1.93865e-15 0.965926
      vertex -0.256173 -0.0776457 0.956052
    endloop
  endfacet
  facet normal -0.00326471 0.00133427 0.00961754
    outer loop
      vertex -0.258819 0 0.965926
      vertex -0.256173 0.0776457 0.956052
      vertex -0.382683 0 0.92388
    endloop
  endfacet
  facet normal -0.00323134 0.00132063 0.00951923
    outer loop
      vertex -0.256173 0.0776457 0.956052
      vertex -0.378772 0.0776457 0.914435
      vertex -0.382683 0 0.92388
    endloop
  endfacet
  facet normal -0.00301113 0.0038719 0.00887051
    outer loop
      vertex -0.256173 0.0776457 0.956052
      vertex -0.248416 0.15 0.927103
      vertex -0.378772 0.0776457 0.914435
    endloop
  endfacet
  facet normal -0.00291996 0.00375466 0.00860191
    outer loop
      vertex -0.248416 0.15 0.927103
      vertex -0.367302 0.15 0.886747
      vertex -0.378772 0.0776457 0.914435
    endloop
  endfacet
  facet normal -0.00250742 0.0059728 0.00738663
    outer loop
      vertex -0.248416 0.15 0.927103
      vertex -0.236077 0.212132 0.881052
      vertex -0.367302 0.15 0.886747
    endloop
  endfacet
  facet normal -0.00238287 0.00567612 0.00701972
    outer loop
      vertex -0.236077 0.212132 0.881052
      vertex -0.349058 0.212132 0.8427
      vertex -0.367302 0.15 0.886747
    endloop
  endfacet
  facet normal -0.00182844 0.00739726 0.00538642
    outer loop
      vertex -0.236077 0.212132 0.881052
      vertex -0.219996 0.259808 0.821037
      vertex -0.349058 0.212132 0.8427
    endloop
  endfacet
  facet normal -0.00170389 0.00689338 0.00501951
    outer loop
      vertex -0.219996 0.259808 0.821037
      vertex -0.325281 0.259808 0.785298
      vertex -0.349058 0.212132 0.8427
    endloop
  endfacet
  facet normal -0.00107111 0.00802751 0.0031554
    outer loop
      vertex -0.219996 0.259808 0.821037
      vertex -0.20127 0.289778 0.751148
      vertex -0.325281 0.259808 0.785298
    endloop
  endfacet
  facet normal -0.000979937 0.00734419 0.0028868
    outer loop
      vertex -0.20127 0.289778 0.751148
      vertex -0.297592 0.289778 0.718451
      vertex -0.325281 0.259808 0.785298
    endloop
  endfacet
  facet normal -0.000334238 0.00788128 0.000984634
    outer loop
      vertex -0.20127 0.289778 0.751148
      vertex -0.181173 0.3 0.676148
      vertex -0.297592 0.289778 0.718451
    endloop
  endfacet
  facet normal -0.000300865 0.00709436 0.000886321
    outer loop
      vertex -0.181173 0.3 0.676148
      vertex -0.267878 0.3 0.646716
      vertex -0.297592 0.289778 0.718451
    endloop
  endfacet
  facet normal 0.000300865 0.00709436 -0.000886321
    outer loop
      vertex -0.181173 0.3 0.676148
      vertex -0.161077 0.289778 0.601148
      vertex -0.267878 0.3 0.646716
    endloop
  endfacet
  facet normal 0.000267493 0.00630744 -0.000788008
    outer loop
      vertex -0.161077 0.289778 0.601148
      vertex -0.238165 0.289778 0.57498
      vertex -0.267878 0.3 0.646716
    endloop
  endfacet
  facet normal 0.000784249 0.00587759 -0.00231032
    outer loop
      vertex -0.161077 0.289778 0.601148
      vertex -0.14235 0.259808 0.531259
      vertex -0.238165 0.289778 0.57498
    endloop
  endfacet
  facet normal 0.000693073 0.00519427 -0.00204173
    outer loop
      vertex -0.14235 0.259808 0.531259
      vertex -0.210476 0.259808 0.508134
      vertex -0.238165 0.289778 0.57498
    endloop
  endfacet
  facet normal 0.00110252 0.00446042 -0.00324792
    outer loop
      vertex -0.14235 0.259808 0.531259
      vertex -0.12627 0.212132 0.471244
      vertex -0.210476 0.259808 0.508134
    endloop
  endfacet
  facet normal 0.000977971 0.00395654 -0.00288101
    outer loop
      vertex -0.12627 0.212132 0.471244
      vertex -0.186699 0.212132 0.450731
      vertex -0.210476 0.259808 0.508134
    endloop
  endfacet
  facet normal 0.00127452 0.00303596 -0.00375461
    outer loop
      vertex -0.12627 0.212132 0.471244
      vertex -0.11393 0.15 0.425193
      vertex -0.186699 0.212132 0.450731
    endloop
  endfacet
  facet normal 0.00114997 0.00273928 -0.0033877
    outer loop
      vertex -0.11393 0.15 0.425193
      vertex -0.168454 0.15 0.406685
      vertex -0.186699 0.212132 0.450731
    endloop
  endfacet
  facet normal 0.00133917 0.00172198 -0.00394506
    outer loop
      vertex -0.11393 0.15 0.425193
      vertex -0.106173 0.0776457 0.396244
      vertex -0.168454 0.15 0.406685
    endloop
  endfacet
  facet normal 0.00124799 0.00160474 -0.00367646
    outer loop
      vertex -0.106173 0.0776457 0.396244
      vertex -0.156985 0.0776457 0.378996
      vertex -0.168454 0.15 0.406685
    endloop
  endfacet
  facet normal 0.00133926 0.000547348 -0.00394533
    outer loop
      vertex -0.106173 0.0776457 0.396244
      vertex -0.103528 9.69327e-16 0.38637
      vertex -0.156985 0.0776457 0.378996
    endloop
  endfacet
  facet normal 0.00130589 0.000533709 -0.00384702
    outer loop
      vertex -0.103528 9.69327e-16 0.38637
      vertex -0.153073 9.69327e-16 0.369552
      vertex -0.156985 0.0776457 0.378996
    endloop
  endfacet
  facet normal 0.00130589 -0.000533709 -0.00384702
    outer loop
      vertex -0.103528 9.69327e-16 0.38637
      vertex -0.106173 -0.0776457 0.396244
      vertex -0.153073 9.69327e-16 0.369552
    endloop
  endfacet
  facet normal 0.00133926 -0.000547348 -0.00394533
    outer loop
      vertex -0.106173 -0.0776457 0.396244
      vertex -0.156985 -0.0776457 0.378996
      vertex -0.153073 9.69327e-16 0.369552
    endloop
  endfacet
  facet normal 0.00124799 -0.00160474 -0.00367646
    outer loop
      vertex -0.106173 -0.0776457 0.396244
      vertex -0.11393 -0.15 0.425193
      vertex -0.156985 -0.0776457 0.378996
    endloop
  endfacet
  facet normal 0.00133917 -0.00172198 -0.00394506
    outer loop
      vertex -0.11393 -0.15 0.425193
      vertex -0.168454 -0.15 0.406685
      vertex -0.156985 -0.0776457 0.378996
    endloop
  endfacet
  facet normal 0.00114997 -0.00273928 -0.0033877
    outer loop
      vertex -0.11393 -0.15 0.425193
      vertex -0.12627 -0.212132 0.471244
      vertex -0.168454 -0.15 0.406685
    endloop
  endfacet
  facet normal 0.00127452 -0.00303596 -0.00375461
    outer loop
      vertex -0.12627 -0.212132 0.471244
      vertex -0.186699 -0.212132 0.450731
      vertex -0.168454 -0.15 0.406685
    endloop
  endfacet
  facet normal 0.000977971 -0.00395654 -0.00288101
    outer loop
      vertex -0.12627 -0.212132 0.471244
      vertex -0.14235 -0.259808 0.531259
      vertex -0.186699 -0.212132 0.450731
    endloop
  endfacet
  facet normal 0.00110252 -0.00446042 -0.00324792
    outer loop
      vertex -0.14235 -0.259808 0.531259
      vertex -0.210476 -0.259808 0.508134
      vertex -0.186699 -0.212132 0.450731
    endloop
  endfacet
  facet normal 0.000693073 -0.00519427 -0.00204173
    outer loop
      vertex -0.14235 -0.259808 0.531259
      vertex -0.161077 -0.289778 0.601148
      vertex -0.210476 -0.259808 0.508134
    endloop
  endfacet
  facet normal 0.000784249 -0.00587759 -0.00231032
    outer loop
      vertex -0.161077 -0.289778 0.601148
      vertex -0.238165 -0.289778 0.57498
      vertex -0.210476 -0.259808 0.508134
    endloop
  endfacet
  facet normal 0.000267493 -0.00630744 -0.000788008
    outer loop
      vertex -0.161077 -0.289778 0.601148
      vertex -0.181173 -0.3 0.676148
      vertex -0.238165 -0.289778 0.57498
    endloop
  endfacet
  facet normal 0.000300865 -0.00709436 -0.000886321
    outer loop
      vertex -0.181173 -0.3 0.676148
      vertex -0.267878 -0.3 0.646716
      vertex -0.238165 -0.289778 0.57498
    endloop
  endfacet
  facet normal -0.000300865 -0.00709436 0.000886321
    outer loop
      vertex -0.181173 -0.3 0.676148
      vertex -0.20127 -0.289778 0.751148
      vertex -0.267878 -0.3 0.646716
    endloop
  endfacet
  facet normal -0.000334238 -0.00788128 0.000984634
    outer loop
      vertex -0.20127 -0.289778 0.751148
      vertex -0.297592 -0.289778 0.718451
      vertex -0.267878 -0.3 0.646716
    endloop
  endfacet
  facet normal -0.000979937 -0.00734419 0.0028868
    outer loop
      vertex -0.20127 -0.289778 0.751148
      vertex -0.219996 -0.259808 0.821037
      vertex -0.297592 -0.289778 0.718451
    endloop
  endfacet
  facet normal -0.00107111 -0.00802751 0.0031554
    outer loop
      vertex -0.219996 -0.259808 0.821037
      vertex -0.325281 -0.259808 0.785298
      vertex -0.297592 -0.289778 0.718451
    endloop
  endfacet
  facet normal -0.00170389 -0.00689338 0.00501951
    outer loop
      vertex -0.219996 -0.259808 0.821037
      vertex -0.236077 -0.212132 0.881052
      vertex -0.325281 -0.259808 0.785298
    endloop
  endfacet
  facet normal -0.00182844 -0.00739726 0.00538642
    outer loop
      vertex -0.236077 -0.212132 0.881052
      vertex -0.349058 -0.212132 0.8427
      vertex -0.325281 -0.259808 0.785298
    endloop
  endfacet
  facet normal -0.00238287 -0.00567612 0.00701972
    outer loop
      vertex -0.236077 -0.212132 0.881052
      vertex -0.248416 -0.15 0.927103
      vertex -0.349058 -0.212132 0.8427
    endloop
  endfacet
  facet normal -0.00250742 -0.0059728 0.00738663
    outer loop
      vertex -0.248416 -0.15 0.927103
      vertex -0.367302 -0.15 0.886747
      vertex -0.349058 -0.212132 0.8427
    endloop
  endfacet
  facet normal -0.00291996 -0.00375466 0.00860191
    outer loop
      vertex -0.248416 -0.15 0.927103
      vertex -0.256173 -0.0776457 0.956052
      vertex -0.367302 -0.15 0.886747
    endloop
  endfacet
  facet normal -0.00301113 -0.0038719 0.00887051
    outer loop
      vertex -0.256173 -0.0776457 0.956052
      vertex -0.378772 -0.0776457 0.914435
      vertex -0.367302 -0.15 0.886747
    endloop
  endfacet
  facet normal -0.00323134 -0.00132063 0.00951923
    outer loop
      vertex -0.256173 -0.0776457 0.956052
      vertex -0.258819 -1.93865e-15 0.965926
      vertex -0.378772 -0.0776457 0.914435
    endloop
  endfacet
  facet normal -0.00326471 -0.00133427 0.00961754
    outer loop
      vertex -0.258819 -1.93865e-15 0.965926
      vertex -0.382683 -1.93865e-15 0.92388
      vertex -0.378772 -0.0776457 0.914435
    endloop
  endfacet
  facet normal -0.00449213 0.00133427 0.00910913
    outer loop
      vertex -0.382683 0 0.92388
      vertex -0.378772 0.0776457 0.914435
      vertex -0.5 0 0.866025
    endloop
  endfacet
  facet normal -0.00444621 0.00132063 0.00901601
    outer loop
      vertex -0.378772 0.0776457 0.914435
      vertex -0.494889 0.0776457 0.857173
      vertex -0.5 0 0.866025
    endloop
  endfacet
  facet normal -0.0041432 0.0038719 0.00840159
    outer loop
      vertex -0.378772 0.0776457 0.914435
      vertex -0.367302 0.15 0.886747
      vertex -0.494889 0.0776457 0.857173
    endloop
  endfacet
  facet normal -0.00401775 0.00375466 0.00814719
    outer loop
      vertex -0.367302 0.15 0.886747
      vertex -0.479904 0.15 0.831218
      vertex -0.494889 0.0776457 0.857173
    endloop
  endfacet
  facet normal -0.00345012 0.0059728 0.00699615
    outer loop
      vertex -0.367302 0.15 0.886747
      vertex -0.349058 0.212132 0.8427
      vertex -0.479904 0.15 0.831218
    endloop
  endfacet
  facet normal -0.00327874 0.00567612 0.00664864
    outer loop
      vertex -0.349058 0.212132 0.8427
      vertex -0.456066 0.212132 0.78993
      vertex -0.479904 0.15 0.831218
    endloop
  endfacet
  facet normal -0.00251587 0.00739726 0.00510168
    outer loop
      vertex -0.349058 0.212132 0.8427
      vertex -0.325281 0.259808 0.785298
      vertex -0.456066 0.212132 0.78993
    endloop
  endfacet
  facet normal -0.0023445 0.00689338 0.00475417
    outer loop
      vertex -0.325281 0.259808 0.785298
      vertex -0.425 0.259808 0.736122
      vertex -0.456066 0.212132 0.78993
    endloop
  endfacet
  facet normal -0.00147381 0.00802751 0.00298859
    outer loop
      vertex -0.325281 0.259808 0.785298
      vertex -0.297592 0.289778 0.718451
      vertex -0.425 0.259808 0.736122
    endloop
  endfacet
  facet normal -0.00134836 0.00734419 0.0027342
    outer loop
      vertex -0.297592 0.289778 0.718451
      vertex -0.388823 0.289778 0.673461
      vertex -0.425 0.259808 0.736122
    endloop
  endfacet
  facet normal -0.000459899 0.00788128 0.000932583
    outer loop
      vertex -0.297592 0.289778 0.718451
      vertex -0.267878 0.3 0.646716
      vertex -0.388823 0.289778 0.673461
    endloop
  endfacet
  facet normal -0.00041398 0.00709436 0.000839468
    outer loop
      vertex -0.267878 0.3 0.646716
      vertex -0.35 0.3 0.606218
      vertex -0.388823 0.289778 0.673461
    endloop
  endfacet
  facet normal 0.00041398 0.00709436 -0.000839468
    outer loop
      vertex -0.267878 0.3 0.646716
      vertex -0.238165 0.289778 0.57498
      vertex -0.35 0.3 0.606218
    endloop
  endfacet
  facet normal 0.00036806 0.00630744 -0.000746352
    outer loop
      vertex -0.238165 0.289778 0.57498
      vertex -0.311177 0.289778 0.538975
      vertex -0.35 0.3 0.606218
    endloop
  endfacet
  facet normal 0.0010791 0.00587759 -0.00218819
    outer loop
      vertex -0.238165 0.289778 0.57498
      vertex -0.210476 0.259808 0.508134
      vertex -0.311177 0.289778 0.538975
    endloop
  endfacet
  facet normal 0.000953643 0.00519427 -0.0019338
    outer loop
      vertex -0.210476 0.259808 0.508134
      vertex -0.275 0.259808 0.476314
      vertex -0.311177 0.289778 0.538975
    endloop
  endfacet
  facet normal 0.00151703 0.00446042 -0.00307622
    outer loop
      vertex -0.210476 0.259808 0.508134
      vertex -0.186699 0.212132 0.450731
      vertex -0.275 0.259808 0.476314
    endloop
  endfacet
  facet normal 0.00134565 0.00395654 -0.00272871
    outer loop
      vertex -0.186699 0.212132 0.450731
      vertex -0.243934 0.212132 0.422506
      vertex -0.275 0.259808 0.476314
    endloop
  endfacet
  facet normal 0.00175369 0.00303596 -0.00355613
    outer loop
      vertex -0.186699 0.212132 0.450731
      vertex -0.168454 0.15 0.406685
      vertex -0.243934 0.212132 0.422506
    endloop
  endfacet
  facet normal 0.00158231 0.00273928 -0.00320861
    outer loop
      vertex -0.168454 0.15 0.406685
      vertex -0.220096 0.15 0.381218
      vertex -0.243934 0.212132 0.422506
    endloop
  endfacet
  facet normal 0.00184264 0.00172198 -0.00373651
    outer loop
      vertex -0.168454 0.15 0.406685
      vertex -0.156985 0.0776457 0.378996
      vertex -0.220096 0.15 0.381218
    endloop
  endfacet
  facet normal 0.00171719 0.00160474 -0.00348211
    outer loop
      vertex -0.156985 0.0776457 0.378996
      vertex -0.205111 0.0776457 0.355263
      vertex -0.220096 0.15 0.381218
    endloop
  endfacet
  facet normal 0.00184277 0.000547348 -0.00373677
    outer loop
      vertex -0.156985 0.0776457 0.378996
      vertex -0.153073 9.69327e-16 0.369552
      vertex -0.205111 0.0776457 0.355263
    endloop
  endfacet
  facet normal 0.00179685 0.000533709 -0.00364365
    outer loop
      vertex -0.153073 9.69327e-16 0.369552
      vertex -0.2 9.69327e-16 0.34641
      vertex -0.205111 0.0776457 0.355263
    endloop
  endfacet
  facet normal 0.00179685 -0.000533709 -0.00364365
    outer loop
      vertex -0.153073 9.69327e-16 0.369552
      vertex -0.156985 -0.0776457 0.378996
      vertex -0.2 9.69327e-16 0.34641
    endloop
  endfacet
  facet normal 0.00184277 -0.000547348 -0.00373677
    outer loop
      vertex -0.156985 -0.0776457 0.378996
      vertex -0.205111 -0.0776457 0.355263
      vertex -0.2 9.69327e-16 0.34641
    endloop
  endfacet
  facet normal 0.00171719 -0.00160474 -0.00348211
    outer loop
      vertex -0.156985 -0.0776457 0.378996
      vertex -0.168454 -0.15 0.406685
      vertex -0.205111 -0.0776457 0.355263
    endloop
  endfacet
  facet normal 0.00184264 -0.00172198 -0.00373651
    outer loop
      vertex -0.168454 -0.15 0.406685
      vertex -0.220096 -0.15 0.381218
      vertex -0.205111 -0.0776457 0.355263
    endloop
  endfacet
  facet normal 0.00158231 -0.00273928 -0.00320861
    outer loop
      vertex -0.168454 -0.15 0.406685
      vertex -0.186699 -0.212132 0.450731
      vertex -0.220096 -0.15 0.381218
    endloop
  endfacet
  facet normal 0.00175369 -0.00303596 -0.00355613
    outer loop
      vertex -0.186699 -0.212132 0.450731
      vertex -0.243934 -0.212132 0.422506
      vertex -0.220096 -0.15 0.381218
    endloop
  endfacet
  facet normal 0.00134565 -0.00395654 -0.00272871
    outer loop
      vertex -0.186699 -0.212132 0.450731
      vertex -0.210476 -0.259808 0.508134
      vertex -0.243934 -0.212132 0.422506
    endloop
  endfacet
  facet normal 0.00151703 -0.00446042 -0.00307622
    outer loop
      vertex -0.210476 -0.259808 0.508134
      vertex -0.275 -0.259808 0.476314
      vertex -0.243934 -0.212132 0.422506
    endloop
  endfacet
  facet normal 0.000953643 -0.00519427 -0.0019338
    outer loop
      vertex -0.210476 -0.259808 0.508134
      vertex -0.238165 -0.289778 0.57498
      vertex -0.275 -0.259808 0.476314
    endloop
  endfacet
  facet normal 0.0010791 -0.00587759 -0.00218819
    outer loop
      vertex -0.238165 -0.289778 0.57498
      vertex -0.311177 -0.289778 0.538975
      vertex -0.275 -0.259808 0.476314
    endloop
  endfacet
  facet normal 0.00036806 -0.00630744 -0.000746352
    outer loop
      vertex -0.238165 -0.289778 0.57498
      vertex -0.267878 -0.3 0.646716
      vertex -0.311177 -0.289778 0.538975
    endloop
  endfacet
  facet normal 0.00041398 -0.00709436 -0.000839468
    outer loop
      vertex -0.267878 -0.3 0.646716
      vertex -0.35 -0.3 0.606218
      vertex -0.311177 -0.289778 0.538975
    endloop
  endfacet
  facet normal -0.00041398 -0.00709436 0.000839468
    outer loop
      vertex -0.267878 -0.3 0.646716
      vertex -0.297592 -0.289778 0.718451
      vertex -0.35 -0.3 0.606218
    endloop
  endfacet
  facet normal -0.000459899 -0.00788128 0.000932583
    outer loop
      vertex -0.297592 -0.289778 0.718451
      vertex -0.388823 -0.289778 0.673461
      vertex -0.35 -0.3 0.606218
    endloop
  endfacet
  facet normal -0.00134836 -0.00734419 0.0027342
    outer loop
      vertex -0.297592 -0.289778 0.718451
      vertex -0.325281 -0.259808 0.785298
      vertex -0.388823 -0.289778 0.673461
    endloop
  endfacet
  facet normal -0.00147381 -0.00802751 0.00298859
    outer loop
      vertex -0.325281 -0.259808 0.785298
      vertex -0.425 -0.259808 0.736122
      vertex -0.388823 -0.289778 0.673461
    endloop
  endfacet
  facet normal -0.0023445 -0.00689338 0.00475417
    outer loop
      vertex -0.325281 -0.259808 0.785298
      vertex -0.349058 -0.212132 0.8427
      vertex -0.425 -0.259808 0.736122
    endloop
  endfacet
  facet normal -0.00251587 -0.00739726 0.00510168
    outer loop
      vertex -0.349058 -0.212132 0.8427
      vertex -0.456066 -0.212132 0.78993
      vertex -0.425 -0.259808 0.736122
    endloop
  endfacet
  facet normal -0.00327874 -0.00567612 0.00664864
    outer loop
      vertex -0.349058 -0.212132 0.8427
      vertex -0.367302 -0.15 0.886747
      vertex -0.456066 -0.212132 0.78993
    endloop
  endfacet
  facet normal -0.00345012 -0.0059728 0.00699615
    outer loop
      vertex -0.367302 -0.15 0.886747
      vertex -0.479904 -0.15 0.831218
      vertex -0.456066 -0.212132 0.78993
    endloop
  endfacet
  facet normal -0.00401775 -0.00375466 0.00814719
    outer loop
      vertex -0.367302 -0.15 0.886747
      vertex -0.378772 -0.0776457 0.914435
      vertex -0.479904 -0.15 0.831218
    endloop
  endfacet
  facet normal -0.0041432 -0.0038719 0.00840159
    outer loop
      vertex -0.378772 -0.0776457 0.914435
      vertex -0.494889 -0.0776457 0.857173
      vertex -0.479904 -0.15 0.831218
    endloop
  endfacet
  facet normal -0.00444621 -0.00132063 0.00901601
    outer loop
      vertex -0.378772 -0.0776457 0.914435
      vertex -0.382683 -1.93865e-15 0.92388
      vertex -0.494889 -0.0776457 0.857173
    endloop
  endfacet
  facet normal -0.00449213 -0.00133427 0.00910913
    outer loop
      vertex -0.382683 -1.93865e-15 0.92388
      vertex -0.5 -1.93865e-15 0.866025
      vertex -0.494889 -0.0776457 0.857173
    endloop
  endfacet
  facet normal -0.00564267 0.00133427 0.00844486
    outer loop
      vertex -0.5 0 0.866025
      vertex -0.494889 0.0776457 0.857173
      vertex -0.608761 0 0.793353
    endloop
  endfacet
  facet normal -0.00558499 0.00132063 0.00835853
    outer loop
      vertex -0.494889 0.0776457 0.857173
      vertex -0.602539 0.0776457 0.785243
      vertex -0.608761 0 0.793353
    endloop
  endfacet
  facet normal -0.00520439 0.0038719 0.00778891
    outer loop
      vertex -0.494889 0.0776457 0.857173
      vertex -0.479904 0.15 0.831218
      vertex -0.602539 0.0776457 0.785243
    endloop
  endfacet
  facet normal -0.0050468 0.00375466 0.00755307
    outer loop
      vertex -0.479904 0.15 0.831218
      vertex -0.584294 0.15 0.761467
      vertex -0.602539 0.0776457 0.785243
    endloop
  endfacet
  facet normal -0.00433378 0.0059728 0.00648597
    outer loop
      vertex -0.479904 0.15 0.831218
      vertex -0.456066 0.212132 0.78993
      vertex -0.584294 0.15 0.761467
    endloop
  endfacet
  facet normal -0.00411852 0.00567612 0.0061638
    outer loop
      vertex -0.456066 0.212132 0.78993
      vertex -0.555271 0.212132 0.723643
      vertex -0.584294 0.15 0.761467
    endloop
  endfacet
  facet normal -0.00316025 0.00739726 0.00472965
    outer loop
      vertex -0.456066 0.212132 0.78993
      vertex -0.425 0.259808 0.736122
      vertex -0.555271 0.212132 0.723643
    endloop
  endfacet
  facet normal -0.00294498 0.00689338 0.00440748
    outer loop
      vertex -0.425 0.259808 0.736122
      vertex -0.517447 0.259808 0.67435
      vertex -0.555271 0.212132 0.723643
    endloop
  endfacet
  facet normal -0.00185129 0.00802751 0.00277065
    outer loop
      vertex -0.425 0.259808 0.736122
      vertex -0.388823 0.289778 0.673461
      vertex -0.517447 0.259808 0.67435
    endloop
  endfacet
  facet normal -0.00169371 0.00734419 0.00253481
    outer loop
      vertex -0.388823 0.289778 0.673461
      vertex -0.473401 0.289778 0.616948
      vertex -0.517447 0.259808 0.67435
    endloop
  endfacet
  facet normal -0.000577691 0.00788128 0.000864576
    outer loop
      vertex -0.388823 0.289778 0.673461
      vertex -0.35 0.3 0.606218
      vertex -0.473401 0.289778 0.616948
    endloop
  endfacet
  facet normal -0.000520011 0.00709436 0.000778251
    outer loop
      vertex -0.35 0.3 0.606218
      vertex -0.426133 0.3 0.555347
      vertex -0.473401 0.289778 0.616948
    endloop
  endfacet
  facet normal 0.000520011 0.00709436 -0.000778251
    outer loop
      vertex -0.35 0.3 0.606218
      vertex -0.311177 0.289778 0.538975
      vertex -0.426133 0.3 0.555347
    endloop
  endfacet
  facet normal 0.00046233 0.00630744 -0.000691925
    outer loop
      vertex -0.311177 0.289778 0.538975
      vertex -0.378865 0.289778 0.493747
      vertex -0.426133 0.3 0.555347
    endloop
  endfacet
  facet normal 0.00135548 0.00587759 -0.00202862
    outer loop
      vertex -0.311177 0.289778 0.538975
      vertex -0.275 0.259808 0.476314
      vertex -0.378865 0.289778 0.493747
    endloop
  endfacet
  facet normal 0.0011979 0.00519427 -0.00179278
    outer loop
      vertex -0.275 0.259808 0.476314
      vertex -0.334819 0.259808 0.436344
      vertex -0.378865 0.289778 0.493747
    endloop
  endfacet
  facet normal 0.00190558 0.00446042 -0.0028519
    outer loop
      vertex -0.275 0.259808 0.476314
      vertex -0.243934 0.212132 0.422506
      vertex -0.334819 0.259808 0.436344
    endloop
  endfacet
  facet normal 0.00169031 0.00395654 -0.00252972
    outer loop
      vertex -0.243934 0.212132 0.422506
      vertex -0.296995 0.212132 0.387052
      vertex -0.334819 0.259808 0.436344
    endloop
  endfacet
  facet normal 0.00220285 0.00303596 -0.0032968
    outer loop
      vertex -0.243934 0.212132 0.422506
      vertex -0.220096 0.15 0.381218
      vertex -0.296995 0.212132 0.387052
    endloop
  endfacet
  facet normal 0.00198758 0.00273928 -0.00297463
    outer loop
      vertex -0.220096 0.15 0.381218
      vertex -0.267972 0.15 0.349228
      vertex -0.296995 0.212132 0.387052
    endloop
  endfacet
  facet normal 0.00231459 0.00172198 -0.00346403
    outer loop
      vertex -0.220096 0.15 0.381218
      vertex -0.205111 0.0776457 0.355263
      vertex -0.267972 0.15 0.349228
    endloop
  endfacet
  facet normal 0.002157 0.00160474 -0.00322818
    outer loop
      vertex -0.205111 0.0776457 0.355263
      vertex -0.249727 0.0776457 0.325451
      vertex -0.267972 0.15 0.349228
    endloop
  endfacet
  facet normal 0.00231475 0.000547348 -0.00346427
    outer loop
      vertex -0.205111 0.0776457 0.355263
      vertex -0.2 9.69327e-16 0.34641
      vertex -0.249727 0.0776457 0.325451
    endloop
  endfacet
  facet normal 0.00225707 0.000533709 -0.00337794
    outer loop
      vertex -0.2 9.69327e-16 0.34641
      vertex -0.243505 9.69327e-16 0.317341
      vertex -0.249727 0.0776457 0.325451
    endloop
  endfacet
  facet normal 0.00225707 -0.000533709 -0.00337794
    outer loop
      vertex -0.2 9.69327e-16 0.34641
      vertex -0.205111 -0.0776457 0.355263
      vertex -0.243505 9.69327e-16 0.317341
    endloop
  endfacet
  facet normal 0.00231475 -0.000547348 -0.00346427
    outer loop
      vertex -0.205111 -0.0776457 0.355263
      vertex -0.249727 -0.0776457 0.325451
      vertex -0.243505 9.69327e-16 0.317341
    endloop
  endfacet
  facet normal 0.002157 -0.00160474 -0.00322818
    outer loop
      vertex -0.205111 -0.0776457 0.355263
      vertex -0.220096 -0.15 0.381218
      vertex -0.249727 -0.0776457 0.325451
    endloop
  endfacet
  facet normal 0.00231459 -0.00172198 -0.00346403
    outer loop
      vertex -0.220096 -0.15 0.381218
      vertex -0.267972 -0.15 0.349228
      vertex -0.249727 -0.0776457 0.325451
    endloop
  endfacet
  facet normal 0.00198758 -0.00273928 -0.00297463
    outer loop
      vertex -0.220096 -0.15 0.381218
      vertex -0.243934 -0.212132 0.422506
      vertex -0.267972 -0.15 0.349228
    endloop
  endfacet
  facet normal 0.00220285 -0.00303596 -0.0032968
    outer loop
      vertex -0.243934 -0.212132 0.422506
      vertex -0.296995 -0.212132 0.387052
      vertex -0.267972 -0.15 0.349228
    endloop
  endfacet
  facet normal 0.00169031 -0.00395654 -0.00252972
    outer loop
      vertex -0.243934 -0.212132 0.422506
      vertex -0.275 -0.259808 0.476314
      vertex -0.296995 -0.212132 0.387052
    endloop
  endfacet
  facet normal 0.00190558 -0.00446042 -0.0028519
    outer loop
      vertex -0.275 -0.259808 0.476314
      vertex -0.334819 -0.259808 0.436344
      vertex -0.296995 -0.212132 0.387052
    endloop
  endfacet
  facet normal 0.0011979 -0.00519427 -0.00179278
    outer loop
      vertex -0.275 -0.259808 0.476314
      vertex -0.311177 -0.289778 0.538975
      vertex -0.334819 -0.259808 0.436344
    endloop
  endfacet
  facet normal 0.00135548 -0.00587759 -0.00202862
    outer loop
      vertex -0.311177 -0.289778 0.538975
      vertex -0.378865 -0.289778 0.493747
      vertex -0.334819 -0.259808 0.436344
    endloop
  endfacet
  facet normal 0.00046233 -0.00630744 -0.000691925
    outer loop
      vertex -0.311177 -0.289778 0.538975
      vertex -0.35 -0.3 0.606218
      vertex -0.378865 -0.289778 0.493747
    endloop
  endfacet
  facet normal 0.000520011 -0.00709436 -0.000778251
    outer loop
      vertex -0.35 -0.3 0.606218
      vertex -0.426133 -0.3 0.555347
      vertex -0.378865 -0.289778 0.493747
    endloop
  endfacet
  facet normal -0.000520011 -0.00709436 0.000778251
    outer loop
      vertex -0.35 -0.3 0.606218
      vertex -0.388823 -0.289778 0.673461
      vertex -0.426133 -0.3 0.555347
    endloop
  endfacet
  facet normal -0.000577691 -0.00788128 0.000864576
    outer loop
      vertex -0.388823 -0.289778 0.673461
      vertex -0.473401 -0.289778 0.616948
      vertex -0.426133 -0.3 0.555347
    endloop
  endfacet
  facet normal -0.00169371 -0.00734419 0.00253481
    outer loop
      vertex -0.388823 -0.289778 0.673461
      vertex -0.425 -0.259808 0.736122
      vertex -0.473401 -0.289778 0.616948
    endloop
  endfacet
  facet normal -0.00185129 -0.00802751 0.00277065
    outer loop
      vertex -0.425 -0.259808 0.736122
      vertex -0.517447 -0.259808 0.67435
      vertex -0.473401 -0.289778 0.616948
    endloop
  endfacet
  facet normal -0.00294498 -0.00689338 0.00440748
    outer loop
      vertex -0.425 -0.259808 0.736122
      vertex -0.456066 -0.212132 0.78993
      vertex -0.517447 -0.259808 0.67435
    endloop
  endfacet
  facet normal -0.00316025 -0.00739726 0.00472965
    outer loop
      vertex -0.456066 -0.212132 0.78993
      vertex -0.555271 -0.212132 0.723643
      vertex -0.517447 -0.259808 0.67435
    endloop
  endfacet
  facet normal -0.00411852 -0.00567612 0.0061638
    outer loop
      vertex -0.456066 -0.212132 0.78993
      vertex -0.479904 -0.15 0.831218
      vertex -0.555271 -0.212132 0.723643
    endloop
  endfacet
  facet normal -0.00433378 -0.0059728 0.00648597
    outer loop
      vertex -0.479904 -0.15 0.831218
      vertex -0.584294 -0.15 0.761467
      vertex -0.555271 -0.212132 0.723643
    endloop
  endfacet
  facet normal -0.0050468 -0.00375466 0.00755307
    outer loop
      vertex -0.479904 -0.15 0.831218
      vertex -0.494889 -0.0776457 0.857173
      vertex -0.584294 -0.15 0.761467
    endloop
  endfacet
  facet normal -0.00520439 -0.0038719 0.00778891
    outer loop
      vertex -0.494889 -0.0776457 0.857173
      vertex -0.602539 -0.0776457 0.785243
      vertex -0.584294 -0.15 0.761467
    endloop
  endfacet
  facet normal -0.00558499 -0.00132063 0.00835853
    outer loop
      vertex -0.494889 -0.0776457 0.857173
      vertex -0.5 -1.93865e-15 0.866025
      vertex -0.602539 -0.0776457 0.785243
    endloop
  endfacet
  facet normal -0.00564267 -0.00133427 0.00844486
    outer loop
      vertex -0.5 -1.93865e-15 0.866025
      vertex -0.608761 -1.93865e-15 0.793353
      vertex -0.602539 -0.0776457 0.785243
    endloop
  endfacet
  facet normal -0.00669668 0.00133427 0.0076361
    outer loop
      vertex -0.608761 0 0.793353
      vertex -0.602539 0.0776457 0.785243
      vertex -0.707107 0 0.707107
    endloop
  endfacet
  facet normal -0.00662822 0.00132063 0.00755804
    outer loop
      vertex -0.602539 0.0776457 0.785243
      vertex -0.699879 0.0776457 0.699879
      vertex -0.707107 0 0.707107
    endloop
  endfacet
  facet normal -0.00617652 0.0038719 0.00704297
    outer loop
      vertex -0.602539 0.0776457 0.785243
      vertex -0.584294 0.15 0.761467
      vertex -0.699879 0.0776457 0.699879
    endloop
  endfacet
  facet normal -0.0059895 0.00375466 0.00682971
    outer loop
      vertex -0.584294 0.15 0.761467
      vertex -0.678686 0.15 0.678686
      vertex -0.699879 0.0776457 0.699879
    endloop
  endfacet
  facet normal -0.0051433 0.0059728 0.00586481
    outer loop
      vertex -0.584294 0.15 0.761467
      vertex -0.555271 0.212132 0.723643
      vertex -0.678686 0.15 0.678686
    endloop
  endfacet
  facet normal -0.00488782 0.00567612 0.00557349
    outer loop
      vertex -0.555271 0.212132 0.723643
      vertex -0.644975 0.212132 0.644975
      vertex -0.678686 0.15 0.678686
    endloop
  endfacet
  facet normal -0.00375055 0.00739726 0.00427669
    outer loop
      vertex -0.555271 0.212132 0.723643
      vertex -0.517447 0.259808 0.67435
      vertex -0.644975 0.212132 0.644975
    endloop
  endfacet
  facet normal -0.00349508 0.00689338 0.00398537
    outer loop
      vertex -0.517447 0.259808 0.67435
      vertex -0.601041 0.259808 0.601041
      vertex -0.644975 0.212132 0.644975
    endloop
  endfacet
  facet normal -0.0021971 0.00802751 0.00250531
    outer loop
      vertex -0.517447 0.259808 0.67435
      vertex -0.473401 0.289778 0.616948
      vertex -0.601041 0.259808 0.601041
    endloop
  endfacet
  facet normal -0.00201007 0.00734419 0.00229205
    outer loop
      vertex -0.473401 0.289778 0.616948
      vertex -0.549879 0.289778 0.549879
      vertex -0.601041 0.259808 0.601041
    endloop
  endfacet
  facet normal -0.000685599 0.00788128 0.000781776
    outer loop
      vertex -0.473401 0.289778 0.616948
      vertex -0.426133 0.3 0.555347
      vertex -0.549879 0.289778 0.549879
    endloop
  endfacet
  facet normal -0.000617144 0.00709436 0.000703718
    outer loop
      vertex -0.426133 0.3 0.555347
      vertex -0.494975 0.3 0.494975
      vertex -0.549879 0.289778 0.549879
    endloop
  endfacet
  facet normal 0.000617144 0.00709436 -0.000703718
    outer loop
      vertex -0.426133 0.3 0.555347
      vertex -0.378865 0.289778 0.493747
      vertex -0.494975 0.3 0.494975
    endloop
  endfacet
  facet normal 0.000548689 0.00630744 -0.00062566
    outer loop
      vertex -0.378865 0.289778 0.493747
      vertex -0.440071 0.289778 0.440071
      vertex -0.494975 0.3 0.494975
    endloop
  endfacet
  facet normal 0.00160867 0.00587759 -0.00183434
    outer loop
      vertex -0.378865 0.289778 0.493747
      vertex -0.334819 0.259808 0.436344
      vertex -0.440071 0.289778 0.440071
    endloop
  endfacet
  facet normal 0.00142165 0.00519427 -0.00162108
    outer loop
      vertex -0.334819 0.259808 0.436344
      vertex -0.388909 0.259808 0.388909
      vertex -0.440071 0.289778 0.440071
    endloop
  endfacet
  facet normal 0.00226152 0.00446042 -0.00257877
    outer loop
      vertex -0.334819 0.259808 0.436344
      vertex -0.296995 0.212132 0.387052
      vertex -0.388909 0.259808 0.388909
    endloop
  endfacet
  facet normal 0.00200604 0.00395654 -0.00228745
    outer loop
      vertex -0.296995 0.212132 0.387052
      vertex -0.344975 0.212132 0.344975
      vertex -0.388909 0.259808 0.388909
    endloop
  endfacet
  facet normal 0.00261433 0.00303596 -0.00298107
    outer loop
      vertex -0.296995 0.212132 0.387052
      vertex -0.267972 0.15 0.349228
      vertex -0.344975 0.212132 0.344975
    endloop
  endfacet
  facet normal 0.00235885 0.00273928 -0.00268975
    outer loop
      vertex -0.267972 0.15 0.349228
      vertex -0.311263 0.15 0.311263
      vertex -0.344975 0.212132 0.344975
    endloop
  endfacet
  facet normal 0.00274694 0.00172198 -0.00313228
    outer loop
      vertex -0.267972 0.15 0.349228
      vertex -0.249727 0.0776457 0.325451
      vertex -0.311263 0.15 0.311263
    endloop
  endfacet
  facet normal 0.00255991 0.00160474 -0.00291902
    outer loop
      vertex -0.249727 0.0776457 0.325451
      vertex -0.290071 0.0776457 0.290071
      vertex -0.311263 0.15 0.311263
    endloop
  endfacet
  facet normal 0.00274713 0.000547348 -0.0031325
    outer loop
      vertex -0.249727 0.0776457 0.325451
      vertex -0.243505 9.69327e-16 0.317341
      vertex -0.290071 0.0776457 0.290071
    endloop
  endfacet
  facet normal 0.00267867 0.000533709 -0.00305444
    outer loop
      vertex -0.243505 9.69327e-16 0.317341
      vertex -0.282843 9.69327e-16 0.282843
      vertex -0.290071 0.0776457 0.290071
    endloop
  endfacet
  facet normal 0.00267867 -0.000533709 -0.00305444
    outer loop
      vertex -0.243505 9.69327e-16 0.317341
      vertex -0.249727 -0.0776457 0.325451
      vertex -0.282843 9.69327e-16 0.282843
    endloop
  endfacet
  facet normal 0.00274713 -0.000547348 -0.0031325
    outer loop
      vertex -0.249727 -0.0776457 0.325451
      vertex -0.290071 -0.0776457 0.290071
      vertex -0.282843 9.69327e-16 0.282843
    endloop
  endfacet
  facet normal 0.00255991 -0.00160474 -0.00291902
    outer loop
      vertex -0.249727 -0.0776457 0.325451
      vertex -0.267972 -0.15 0.349228
      vertex -0.290071 -0.0776457 0.290071
    endloop
  endfacet
  facet normal 0.00274694 -0.00172198 -0.00313228
    outer loop
      vertex -0.267972 -0.15 0.349228
      vertex -0.311263 -0.15 0.311263
      vertex -0.290071 -0.0776457 0.290071
    endloop
  endfacet
  facet normal 0.00235885 -0.00273928 -0.00268975
    outer loop
      vertex -0.267972 -0.15 0.349228
      vertex -0.296995 -0.212132 0.387052
      vertex -0.311263 -0.15 0.311263
    endloop
  endfacet
  facet normal 0.00261433 -0.00303596 -0.00298107
    outer loop
      vertex -0.296995 -0.212132 0.387052
      vertex -0.344975 -0.212132 0.344975
      vertex -0.311263 -0.15 0.311263
    endloop
  endfacet
  facet normal 0.00200604 -0.00395654 -0.00228745
    outer loop
      vertex -0.296995 -0.212132 0.387052
      vertex -0.334819 -0.259808 0.436344
      vertex -0.344975 -0.212132 0.344975
    endloop
  endfacet
  facet normal 0.00226152 -0.00446042 -0.00257877
    outer loop
      vertex -0.334819 -0.259808 0.436344
      vertex -0.388909 -0.259808 0.388909
      vertex -0.344975 -0.212132 0.344975
    endloop
  endfacet
  facet normal 0.00142165 -0.00519427 -0.00162108
    outer loop
      vertex -0.334819 -0.259808 0.436344
      vertex -0.378865 -0.289778 0.493747
      vertex -0.388909 -0.259808 0.388909
    endloop
  endfacet
  facet normal 0.00160867 -0.00587759 -0.00183434
    outer loop
      vertex -0.378865 -0.289778 0.493747
      vertex -0.440071 -0.289778 0.440071
      vertex -0.388909 -0.259808 0.388909
    endloop
  endfacet
  facet normal 0.000548689 -0.00630744 -0.00062566
    outer loop
      vertex -0.378865 -0.289778 0.493747
      vertex -0.426133 -0.3 0.555347
      vertex -0.440071 -0.289778 0.440071
    endloop
  endfacet
  facet normal 0.000617144 -0.00709436 -0.000703718
    outer loop
      vertex -0.426133 -0.3 0.555347
      vertex -0.494975 -0.3 0.494975
      vertex -0.440071 -0.289778 0.440071
    endloop
  endfacet
  facet normal -0.000617144 -0.00709436 0.000703718
    outer loop
      vertex -0.426133 -0.3 0.555347
      vertex -0.473401 -0.289778 0.616948
      vertex -0.494975 -0.3 0.494975
    endloop
  endfacet
  facet normal -0.000685599 -0.00788128 0.000781776
    outer loop
      vertex -0.473401 -0.289778 0.616948
      vertex -0.549879 -0.289778 0.549879
      vertex -0.494975 -0.3 0.494975
    endloop
  endfacet
  facet normal -0.00201007 -0.00734419 0.00229205
    outer loop
      vertex -0.473401 -0.289778 0.616948
      vertex -0.517447 -0.259808 0.67435
      vertex -0.549879 -0.289778 0.549879
    endloop
  endfacet
  facet normal -0.0021971 -0.00802751 0.00250531
    outer loop
      vertex -0.517447 -0.259808 0.67435
      vertex -0.601041 -0.259808 0.601041
      vertex -0.549879 -0.289778 0.549879
    endloop
  endfacet
  facet normal -0.00349508 -0.00689338 0.00398537
    outer loop
      vertex -0.517447 -0.259808 0.67435
      vertex -0.555271 -0.212132 0.723643
      vertex -0.601041 -0.259808 0.601041
    endloop
  endfacet
  facet normal -0.00375055 -0.00739726 0.00427669
    outer loop
      vertex -0.555271 -0.212132 0.723643
      vertex -0.644975 -0.212132 0.644975
      vertex -0.601041 -0.259808 0.601041
    endloop
  endfacet
  facet normal -0.00488782 -0.00567612 0.00557349
    outer loop
      vertex -0.555271 -0.212132 0.723643
      vertex -0.584294 -0.15 0.761467
      vertex -0.644975 -0.212132 0.644975
    endloop
  endfacet
  facet normal -0.0051433 -0.0059728 0.00586481
    outer loop
      vertex -0.584294 -0.15 0.761467
      vertex -0.678686 -0.15 0.678686
      vertex -0.644975 -0.212132 0.644975
    endloop
  endfacet
  facet normal -0.0059895 -0.00375466 0.00682971
    outer loop
      vertex -0.584294 -0.15 0.761467
      vertex -0.602539 -0.0776457 0.785243
      vertex -0.678686 -0.15 0.678686
    endloop
  endfacet
  facet normal -0.00617652 -0.0038719 0.00704297
    outer loop
      vertex -0.602539 -0.0776457 0.785243
      vertex -0.699879 -0.0776457 0.699879
      vertex -0.678686 -0.15 0.678686
    endloop
  endfacet
  facet normal -0.00662822 -0.00132063 0.00755804
    outer loop
      vertex -0.602539 -0.0776457 0.785243
      vertex -0.608761 -1.93865e-15 0.793353
      vertex -0.699879 -0.0776457 0.699879
    endloop
  endfacet
  facet normal -0.00669668 -0.00133427 0.0076361
    outer loop
      vertex -0.608761 -1.93865e-15 0.793353
      vertex -0.707107 -1.93865e-15 0.707107
      vertex -0.699879 -0.0776457 0.699879
    endloop
  endfacet
  facet normal -0.0076361 0.00133427 0.00669668
    outer loop
      vertex -0.707107 0 0.707107
      vertex -0.699879 0.0776457 0.699879
      vertex -0.793353 0 0.608761
    endloop
  endfacet
  facet normal -0.00755804 0.00132063 0.00662822
    outer loop
      vertex -0.699879 0.0776457 0.699879
      vertex -0.785243 0.0776457 0.602539
      vertex -0.793353 0 0.608761
    endloop
  endfacet
  facet normal -0.00704297 0.0038719 0.00617652
    outer loop
      vertex -0.699879 0.0776457 0.699879
      vertex -0.678686 0.15 0.678686
      vertex -0.785243 0.0776457 0.602539
    endloop
  endfacet
  facet normal -0.00682971 0.00375466 0.0059895
    outer loop
      vertex -0.678686 0.15 0.678686
      vertex -0.761467 0.15 0.584294
      vertex -0.785243 0.0776457 0.602539
    endloop
  endfacet
  facet normal -0.00586481 0.0059728 0.0051433
    outer loop
      vertex -0.678686 0.15 0.678686
      vertex -0.644975 0.212132 0.644975
      vertex -0.761467 0.15 0.584294
    endloop
  endfacet
  facet normal -0.00557349 0.00567612 0.00488782
    outer loop
      vertex -0.644975 0.212132 0.644975
      vertex -0.723643 0.212132 0.555271
      vertex -0.761467 0.15 0.584294
    endloop
  endfacet
  facet normal -0.00427669 0.00739726 0.00375055
    outer loop
      vertex -0.644975 0.212132 0.644975
      vertex -0.601041 0.259808 0.601041
      vertex -0.723643 0.212132 0.555271
    endloop
  endfacet
  facet normal -0.00398537 0.00689338 0.00349508
    outer loop
      vertex -0.601041 0.259808 0.601041
      vertex -0.67435 0.259808 0.517447
      vertex -0.723643 0.212132 0.555271
    endloop
  endfacet
  facet normal -0.00250531 0.00802751 0.0021971
    outer loop
      vertex -0.601041 0.259808 0.601041
      vertex -0.549879 0.289778 0.549879
      vertex -0.67435 0.259808 0.517447
    endloop
  endfacet
  facet normal -0.00229205 0.00734419 0.00201007
    outer loop
      vertex -0.549879 0.289778 0.549879
      vertex -0.616948 0.289778 0.473401
      vertex -0.67435 0.259808 0.517447
    endloop
  endfacet
  facet normal -0.000781776 0.00788128 0.000685599
    outer loop
      vertex -0.549879 0.289778 0.549879
      vertex -0.494975 0.3 0.494975
      vertex -0.616948 0.289778 0.473401
    endloop
  endfacet
  facet normal -0.000703718 0.00709436 0.000617144
    outer loop
      vertex -0.494975 0.3 0.494975
      vertex -0.555347 0.3 0.426133
      vertex -0.616948 0.289778 0.473401
    endloop
  endfacet
  facet normal 0.000703718 0.00709436 -0.000617144
    outer loop
      vertex -0.494975 0.3 0.494975
      vertex -0.440071 0.289778 0.440071
      vertex -0.555347 0.3 0.426133
    endloop
  endfacet
  facet normal 0.00062566 0.00630744 -0.000548689
    outer loop
      vertex -0.440071 0.289778 0.440071
      vertex -0.493747 0.289778 0.378865
      vertex -0.555347 0.3 0.426133
    endloop
  endfacet
  facet normal 0.00183434 0.00587759 -0.00160867
    outer loop
      vertex -0.440071 0.289778 0.440071
      vertex -0.388909 0.259808 0.388909
      vertex -0.493747 0.289778 0.378865
    endloop
  endfacet
  facet normal 0.00162108 0.00519427 -0.00142165
    outer loop
      vertex -0.388909 0.259808 0.388909
      vertex -0.436344 0.259808 0.334819
      vertex -0.493747 0.289778 0.378865
    endloop
  endfacet
  facet normal 0.00257877 0.00446042 -0.00226152
    outer loop
      vertex -0.388909 0.259808 0.388909
      vertex -0.344975 0.212132 0.344975
      vertex -0.436344 0.259808 0.334819
    endloop
  endfacet
  facet normal 0.00228745 0.00395654 -0.00200604
    outer loop
      vertex -0.344975 0.212132 0.344975
      vertex -0.387052 0.212132 0.296995
      vertex -0.436344 0.259808 0.334819
    endloop
  endfacet
  facet normal 0.00298107 0.00303596 -0.00261433
    outer loop
      vertex -0.344975 0.212132 0.344975
      vertex -0.311263 0.15 0.311263
      vertex -0.387052 0.212132 0.296995
    endloop
  endfacet
  facet normal 0.00268975 0.00273928 -0.00235885
    outer loop
      vertex -0.311263 0.15 0.311263
      vertex -0.349228 0.15 0.267972
      vertex -0.387052 0.212132 0.296995
    endloop
  endfacet
  facet normal 0.00313228 0.00172198 -0.00274694
    outer loop
      vertex -0.311263 0.15 0.311263
      vertex -0.290071 0.0776457 0.290071
      vertex -0.349228 0.15 0.267972
    endloop
  endfacet
  facet normal 0.00291902 0.00160474 -0.00255991
    outer loop
      vertex -0.290071 0.0776457 0.290071
      vertex -0.325451 0.0776457 0.249727
      vertex -0.349228 0.15 0.267972
    endloop
  endfacet
  facet normal 0.0031325 0.000547348 -0.00274713
    outer loop
      vertex -0.290071 0.0776457 0.290071
      vertex -0.282843 9.69327e-16 0.282843
      vertex -0.325451 0.0776457 0.249727
    endloop
  endfacet
  facet normal 0.00305444 0.000533709 -0.00267867
    outer loop
      vertex -0.282843 9.69327e-16 0.282843
      vertex -0.317341 9.69327e-16 0.243505
      vertex -0.325451 0.0776457 0.249727
    endloop
  endfacet
  facet normal 0.00305444 -0.000533709 -0.00267867
    outer loop
      vertex -0.282843 9.69327e-16 0.282843
      vertex -0.290071 -0.0776457 0.290071
      vertex -0.317341 9.69327e-16 0.243505
    endloop
  endfacet
  facet normal 0.0031325 -0.000547348 -0.00274713
    outer loop
      vertex -0.290071 -0.0776457 0.290071
      vertex -0.325451 -0.0776457 0.249727
      vertex -0.317341 9.69327e-16 0.243505
    endloop
  endfacet
  facet normal 0.00291902 -0.00160474 -0.00255991
    outer loop
      vertex -0.290071 -0.0776457 0.290071
      vertex -0.311263 -0.15 0.311263
      vertex -0.325451 -0.0776457 0.249727
    endloop
  endfacet
  facet normal 0.00313228 -0.00172198 -0.00274694
    outer loop
      vertex -0.311263 -0.15 0.311263
      vertex -0.349228 -0.15 0.267972
      vertex -0.325451 -0.0776457 0.249727
    endloop
  endfacet
  facet normal 0.00268975 -0.00273928 -0.00235885
    outer loop
      vertex -0.311263 -0.15 0.311263
      vertex -0.344975 -0.212132 0.344975
      vertex -0.349228 -0.15 0.267972
    endloop
  endfacet
  facet normal 0.00298107 -0.00303596 -0.00261433
    outer loop
      vertex -0.344975 -0.212132 0.344975
      vertex -0.387052 -0.212132 0.296995
      vertex -0.349228 -0.15 0.267972
    endloop
  endfacet
  facet normal 0.00228745 -0.00395654 -0.00200604
    outer loop
      vertex -0.344975 -0.212132 0.344975
      vertex -0.388909 -0.259808 0.388909
      vertex -0.387052 -0.212132 0.296995
    endloop
  endfacet
  facet normal 0.00257877 -0.00446042 -0.00226152
    outer loop
      vertex -0.388909 -0.259808 0.388909
      vertex -0.436344 -0.259808 0.334819
      vertex -0.387052 -0.212132 0.296995
    endloop
  endfacet
  facet normal 0.00162108 -0.00519427 -0.00142165
    outer loop
      vertex -0.388909 -0.259808 0.388909
      vertex -0.440071 -0.289778 0.440071
      vertex -0.436344 -0.259808 0.334819
    endloop
  endfacet
  facet normal 0.00183434 -0.00587759 -0.00160867
    outer loop
      vertex -0.440071 -0.289778 0.440071
      vertex -0.493747 -0.289778 0.378865
      vertex -0.436344 -0.259808 0.334819
    endloop
  endfacet
  facet normal 0.00062566 -0.00630744 -0.000548689
    outer loop
      vertex -0.440071 -0.289778 0.440071
      vertex -0.494975 -0.3 0.494975
      vertex -0.493747 -0.289778 0.378865
    endloop
  endfacet
  facet normal 0.000703718 -0.00709436 -0.000617144
    outer loop
      vertex -0.494975 -0.3 0.494975
      vertex -0.555347 -0.3 0.426133
      vertex -0.493747 -0.289778 0.378865
    endloop
  endfacet
  facet normal -0.000703718 -0.00709436 0.000617144
    outer loop
      vertex -0.494975 -0.3 0.494975
      vertex -0.549879 -0.289778 0.549879
      vertex -0.555347 -0.3 0.426133
    endloop
  endfacet
  facet normal -0.000781776 -0.00788128 0.000685599
    outer loop
      vertex -0.549879 -0.289778 0.549879
      vertex -0.616948 -0.289778 0.473401
      vertex -0.555347 -0.3 0.426133
    endloop
  endfacet
  facet normal -0.00229205 -0.00734419 0.00201007
    outer loop
      vertex -0.549879 -0.289778 0.549879
      vertex -0.601041 -0.259808 0.601041
      vertex -0.616948 -0.289778 0.473401
    endloop
  endfacet
  facet normal -0.00250531 -0.00802751 0.0021971
    outer loop
      vertex -0.601041 -0.259808 0.601041
      vertex -0.67435 -0.259808 0.517447
      vertex -0.616948 -0.289778 0.473401
    endloop
  endfacet
  facet normal -0.00398537 -0.00689338 0.00349508
    outer loop
      vertex -0.601041 -0.259808 0.601041
      vertex -0.644975 -0.212132 0.644975
      vertex -0.67435 -0.259808 0.517447
    endloop
  endfacet
  facet normal -0.00427669 -0.00739726 0.00375055
    outer loop
      vertex -0.644975 -0.212132 0.644975
      vertex -0.723643 -0.212132 0.555271
      vertex -0.67435 -0.259808 0.517447
    endloop
  endfacet
  facet normal -0.00557349 -0.00567612 0.00488782
    outer loop
      vertex -0.644975 -0.212132 0.644975
      vertex -0.678686 -0.15 0.678686
      vertex -0.723643 -0.212132 0.555271
    endloop
  endfacet
  facet normal -0.00586481 -0.0059728 0.0051433
    outer loop
      vertex -0.678686 -0.15 0.678686
      vertex -0.761467 -0.15 0.584294
      vertex -0.723643 -0.212132 0.555271
    endloop
  endfacet
  facet normal -0.00682971 -0.00375466 0.0059895
    outer loop
      vertex -0.678686 -0.15 0.678686
      vertex -0.699879 -0.0776457 0.699879
      vertex -0.761467 -0.15 0.584294
    endloop
  endfacet
  facet normal -0.00704297 -0.0038719 0.00617652
    outer loop
      vertex -0.699879 -0.0776457 0.699879
      vertex -0.785243 -0.0776457 0.602539
      vertex -0.761467 -0.15 0.584294
    endloop
  endfacet
  facet normal -0.00755804 -0.00132063 0.00662822
    outer loop
      vertex -0.699879 -0.0776457 0.699879
      vertex -0.707107 -1.93865e-15 0.707107
      vertex -0.785243 -0.0776457 0.602539
    endloop
  endfacet
  facet normal -0.0076361 -0.00133427 0.00669668
    outer loop
      vertex -0.707107 -1.93865e-15 0.707107
      vertex -0.793353 -1.93865e-15 0.608761
      vertex -0.785243 -0.0776457 0.602539
    endloop
  endfacet
  facet normal -0.00844486 0.00133427 0.00564267
    outer loop
      vertex -0.793353 0 0.608761
      vertex -0.785243 0.0776457 0.602539
      vertex -0.866025 0 0.5
    endloop
  endfacet
  facet normal -0.00835853 0.00132063 0.00558499
    outer loop
      vertex -0.785243 0.0776457 0.602539
      vertex -0.857173 0.0776457 0.494889
      vertex -0.866025 0 0.5
    endloop
  endfacet
  facet normal -0.00778891 0.0038719 0.00520439
    outer loop
      vertex -0.785243 0.0776457 0.602539
      vertex -0.761467 0.15 0.584294
      vertex -0.857173 0.0776457 0.494889
    endloop
  endfacet
  facet normal -0.00755307 0.00375466 0.0050468
    outer loop
      vertex -0.761467 0.15 0.584294
      vertex -0.831218 0.15 0.479904
      vertex -0.857173 0.0776457 0.494889
    endloop
  endfacet
  facet normal -0.00648597 0.0059728 0.00433378
    outer loop
      vertex -0.761467 0.15 0.584294
      vertex -0.723643 0.212132 0.555271
      vertex -0.831218 0.15 0.479904
    endloop
  endfacet
  facet normal -0.0061638 0.00567612 0.00411852
    outer loop
      vertex -0.723643 0.212132 0.555271
      vertex -0.78993 0.212132 0.456066
      vertex -0.831218 0.15 0.479904
    endloop
  endfacet
  facet normal -0.00472965 0.00739726 0.00316025
    outer loop
      vertex -0.723643 0.212132 0.555271
      vertex -0.67435 0.259808 0.517447
      vertex -0.78993 0.212132 0.456066
    endloop
  endfacet
  facet normal -0.00440748 0.00689338 0.00294498
    outer loop
      vertex -0.67435 0.259808 0.517447
      vertex -0.736122 0.259808 0.425
      vertex -0.78993 0.212132 0.456066
    endloop
  endfacet
  facet normal -0.00277065 0.00802751 0.00185129
    outer loop
      vertex -0.67435 0.259808 0.517447
      vertex -0.616948 0.289778 0.473401
      vertex -0.736122 0.259808 0.425
    endloop
  endfacet
  facet normal -0.00253481 0.00734419 0.00169371
    outer loop
      vertex -0.616948 0.289778 0.473401
      vertex -0.673461 0.289778 0.388823
      vertex -0.736122 0.259808 0.425
    endloop
  endfacet
  facet normal -0.000864576 0.00788128 0.000577691
    outer loop
      vertex -0.616948 0.289778 0.473401
      vertex -0.555347 0.3 0.426133
      vertex -0.673461 0.289778 0.388823
    endloop
  endfacet
  facet normal -0.000778251 0.00709436 0.000520011
    outer loop
      vertex -0.555347 0.3 0.426133
      vertex -0.606218 0.3 0.35
      vertex -0.673461 0.289778 0.388823
    endloop
  endfacet
  facet normal 0.000778251 0.00709436 -0.000520011
    outer loop
      vertex -0.555347 0.3 0.426133
      vertex -0.493747 0.289778 0.378865
      vertex -0.606218 0.3 0.35
    endloop
  endfacet
  facet normal 0.000691925 0.00630744 -0.00046233
    outer loop
      vertex -0.493747 0.289778 0.378865
      vertex -0.538975 0.289778 0.311177
      vertex -0.606218 0.3 0.35
    endloop
  endfacet
  facet normal 0.00202862 0.00587759 -0.00135548
    outer loop
      vertex -0.493747 0.289778 0.378865
      vertex -0.436344 0.259808 0.334819
      vertex -0.538975 0.289778 0.311177
    endloop
  endfacet
  facet normal 0.00179278 0.00519427 -0.0011979
    outer loop
      vertex -0.436344 0.259808 0.334819
      vertex -0.476314 0.259808 0.275
      vertex -0.538975 0.289778 0.311177
    endloop
  endfacet
  facet normal 0.0028519 0.00446042 -0.00190558
    outer loop
      vertex -0.436344 0.259808 0.334819
      vertex -0.387052 0.212132 0.296995
      vertex -0.476314 0.259808 0.275
    endloop
  endfacet
  facet normal 0.00252972 0.00395654 -0.00169031
    outer loop
      vertex -0.387052 0.212132 0.296995
      vertex -0.422506 0.212132 0.243934
      vertex -0.476314 0.259808 0.275
    endloop
  endfacet
  facet normal 0.0032968 0.00303596 -0.00220285
    outer loop
      vertex -0.387052 0.212132 0.296995
      vertex -0.349228 0.15 0.267972
      vertex -0.422506 0.212132 0.243934
    endloop
  endfacet
  facet normal 0.00297463 0.00273928 -0.00198758
    outer loop
      vertex -0.349228 0.15 0.267972
      vertex -0.381218 0.15 0.220096
      vertex -0.422506 0.212132 0.243934
    endloop
  endfacet
  facet normal 0.00346403 0.00172198 -0.00231459
    outer loop
      vertex -0.349228 0.15 0.267972
      vertex -0.325451 0.0776457 0.249727
      vertex -0.381218 0.15 0.220096
    endloop
  endfacet
  facet normal 0.00322818 0.00160474 -0.002157
    outer loop
      vertex -0.325451 0.0776457 0.249727
      vertex -0.355263 0.0776457 0.205111
      vertex -0.381218 0.15 0.220096
    endloop
  endfacet
  facet normal 0.00346427 0.000547348 -0.00231475
    outer loop
      vertex -0.325451 0.0776457 0.249727
      vertex -0.317341 9.69327e-16 0.243505
      vertex -0.355263 0.0776457 0.205111
    endloop
  endfacet
  facet normal 0.00337794 0.000533709 -0.00225707
    outer loop
      vertex -0.317341 9.69327e-16 0.243505
      vertex -0.34641 9.69327e-16 0.2
      vertex -0.355263 0.0776457 0.205111
    endloop
  endfacet
  facet normal 0.00337794 -0.000533709 -0.00225707
    outer loop
      vertex -0.317341 9.69327e-16 0.243505
      vertex -0.325451 -0.0776457 0.249727
      vertex -0.34641 9.69327e-16 0.2
    endloop
  endfacet
  facet normal 0.00346427 -0.000547348 -0.00231475
    outer loop
      vertex -0.325451 -0.0776457 0.249727
      vertex -0.355263 -0.0776457 0.205111
      vertex -0.34641 9.69327e-16 0.2
    endloop
  endfacet
  facet normal 0.00322818 -0.00160474 -0.002157
    outer loop
      vertex -0.325451 -0.0776457 0.249727
      vertex -0.349228 -0.15 0.267972
      vertex -0.355263 -0.0776457 0.205111
    endloop
  endfacet
  facet normal 0.00346403 -0.00172198 -0.00231459
    outer loop
      vertex -0.349228 -0.15 0.267972
      vertex -0.381218 -0.15 0.220096
      vertex -0.355263 -0.0776457 0.205111
    endloop
  endfacet
  facet normal 0.00297463 -0.00273928 -0.00198758
    outer loop
      vertex -0.349228 -0.15 0.267972
      vertex -0.387052 -0.212132 0.296995
      vertex -0.381218 -0.15 0.220096
    endloop
  endfacet
  facet normal 0.0032968 -0.00303596 -0.00220285
    outer loop
      vertex -0.387052 -0.212132 0.296995
      vertex -0.422506 -0.212132 0.243934
      vertex -0.381218 -0.15 0.220096
    endloop
  endfacet
  facet normal 0.00252972 -0.00395654 -0.00169031
    outer loop
      vertex -0.387052 -0.212132 0.296995
      vertex -0.436344 -0.259808 0.334819
      vertex -0.422506 -0.212132 0.243934
    endloop
  endfacet
  facet normal 0.0028519 -0.00446042 -0.00190558
    outer loop
      vertex -0.436344 -0.259808 0.334819
      vertex -0.476314 -0.259808 0.275
      vertex -0.422506 -0.212132 0.243934
    endloop
  endfacet
  facet normal 0.00179278 -0.00519427 -0.0011979
    outer loop
      vertex -0.436344 -0.259808 0.334819
      vertex -0.493747 -0.289778 0.378865
      vertex -0.476314 -0.259808 0.275
    endloop
  endfacet
  facet normal 0.00202862 -0.00587759 -0.00135548
    outer loop
      vertex -0.493747 -0.289778 0.378865
      vertex -0.538975 -0.289778 0.311177
      vertex -0.476314 -0.259808 0.275
    endloop
  endfacet
  facet normal 0.000691925 -0.00630744 -0.00046233
    outer loop
      vertex -0.493747 -0.289778 0.378865
      vertex -0.555347 -0.3 0.426133
      vertex -0.538975 -0.289778 0.311177
    endloop
  endfacet
  facet normal 0.000778251 -0.00709436 -0.000520011
    outer loop
      vertex -0.555347 -0.3 0.426133
      vertex -0.606218 -0.3 0.35
      vertex -0.538975 -0.289778 0.311177
    endloop
  endfacet
  facet normal -0.000778251 -0.00709436 0.000520011
    outer loop
      vertex -0.555347 -0.3 0.426133
      vertex -0.616948 -0.289778 0.473401
      vertex -0.606218 -0.3 0.35
    endloop
  endfacet
  facet normal -0.000864576 -0.00788128 0.000577691
    outer loop
      vertex -0.616948 -0.289778 0.473401
      vertex -0.673461 -0.289778 0.388823
      vertex -0.606218 -0.3 0.35
    endloop
  endfacet
  facet normal -0.00253481 -0.00734419 0.00169371
    outer loop
      vertex -0.616948 -0.289778 0.473401
      vertex -0.67435 -0.259808 0.517447
      vertex -0.673461 -0.289778 0.388823
    endloop
  endfacet
  facet normal -0.00277065 -0.00802751 0.00185129
    outer loop
      vertex -0.67435 -0.259808 0.517447
      vertex -0.736122 -0.259808 0.425
      vertex -0.673461 -0.289778 0.388823
    endloop
  endfacet
  facet normal -0.00440748 -0.00689338 0.00294498
    outer loop
      vertex -0.67435 -0.259808 0.517447
      vertex -0.723643 -0.212132 0.555271
      vertex -0.736122 -0.259808 0.425
    endloop
  endfacet
  facet normal -0.00472965 -0.00739726 0.00316025
    outer loop
      vertex -0.723643 -0.212132 0.555271
      vertex -0.78993 -0.212132 0.456066
      vertex -0.736122 -0.259808 0.425
    endloop
  endfacet
  facet normal -0.0061638 -0.00567612 0.00411852
    outer loop
      vertex -0.723643 -0.212132 0.555271
      vertex -0.761467 -0.15 0.584294
      vertex -0.78993 -0.212132 0.456066
    endloop
  endfacet
  facet normal -0.00648597 -0.0059728 0.00433378
    outer loop
      vertex -0.761467 -0.15 0.584294
      vertex -0.831218 -0.15 0.479904
      vertex -0.78993 -0.212132 0.456066
    endloop
  endfacet
  facet normal -0.00755307 -0.00375466 0.0050468
    outer loop
      vertex -0.761467 -0.15 0.584294
      vertex -0.785243 -0.0776457 0.602539
      vertex -0.831218 -0.15 0.479904
    endloop
  endfacet
  facet normal -0.00778891 -0.0038719 0.00520439
    outer loop
      vertex -0.785243 -0.0776457 0.602539
      vertex -0.857173 -0.0776457 0.494889
      vertex -0.831218 -0.15 0.479904
    endloop
  endfacet
  facet normal -0.00835853 -0.00132063 0.00558499
    outer loop
      vertex -0.785243 -0.0776457 0.602539
      vertex -0.793353 -1.93865e-15 0.608761
      vertex -0.857173 -0.0776457 0.494889
    endloop
  endfacet
  facet normal -0.00844486 -0.00133427 0.00564267
    outer loop
      vertex -0.793353 -1.93865e-15 0.608761
      vertex -0.866025 -1.93865e-15 0.5
      vertex -0.857173 -0.0776457 0.494889
    endloop
  endfacet
  facet normal -0.00910913 0.00133427 0.00449213
    outer loop
      vertex -0.866025 0 0.5
      vertex -0.857173 0.0776457 0.494889
      vertex -0.92388 0 0.382683
    endloop
  endfacet
  facet normal -0.00901601 0.00132063 0.00444621
    outer loop
      vertex -0.857173 0.0776457 0.494889
      vertex -0.914435 0.0776457 0.378772
      vertex -0.92388 0 0.382683
    endloop
  endfacet
  facet normal -0.00840159 0.0038719 0.0041432
    outer loop
      vertex -0.857173 0.0776457 0.494889
      vertex -0.831218 0.15 0.479904
      vertex -0.914435 0.0776457 0.378772
    endloop
  endfacet
  facet normal -0.00814719 0.00375466 0.00401775
    outer loop
      vertex -0.831218 0.15 0.479904
      vertex -0.886747 0.15 0.367302
      vertex -0.914435 0.0776457 0.378772
    endloop
  endfacet
  facet normal -0.00699615 0.0059728 0.00345012
    outer loop
      vertex -0.831218 0.15 0.479904
      vertex -0.78993 0.212132 0.456066
      vertex -0.886747 0.15 0.367302
    endloop
  endfacet
  facet normal -0.00664864 0.00567612 0.00327874
    outer loop
      vertex -0.78993 0.212132 0.456066
      vertex -0.8427 0.212132 0.349058
      vertex -0.886747 0.15 0.367302
    endloop
  endfacet
  facet normal -0.00510168 0.00739726 0.00251587
    outer loop
      vertex -0.78993 0.212132 0.456066
      vertex -0.736122 0.259808 0.425
      vertex -0.8427 0.212132 0.349058
    endloop
  endfacet
  facet normal -0.00475417 0.00689338 0.0023445
    outer loop
      vertex -0.736122 0.259808 0.425
      vertex -0.785298 0.259808 0.325281
      vertex -0.8427 0.212132 0.349058
    endloop
  endfacet
  facet normal -0.00298859 0.00802751 0.00147381
    outer loop
      vertex -0.736122 0.259808 0.425
      vertex -0.673461 0.289778 0.388823
      vertex -0.785298 0.259808 0.325281
    endloop
  endfacet
  facet normal -0.0027342 0.00734419 0.00134836
    outer loop
      vertex -0.673461 0.289778 0.388823
      vertex -0.718451 0.289778 0.297592
      vertex -0.785298 0.259808 0.325281
    endloop
  endfacet
  facet normal -0.000932583 0.00788128 0.000459899
    outer loop
      vertex -0.673461 0.289778 0.388823
      vertex -0.606218 0.3 0.35
      vertex -0.718451 0.289778 0.297592
    endloop
  endfacet
  facet normal -0.000839468 0.00709436 0.00041398
    outer loop
      vertex -0.606218 0.3 0.35
      vertex -0.646716 0.3 0.267878
      vertex -0.718451 0.289778 0.297592
    endloop
  endfacet
  facet normal 0.000839468 0.00709436 -0.00041398
    outer loop
      vertex -0.606218 0.3 0.35
      vertex -0.538975 0.289778 0.311177
      vertex -0.646716 0.3 0.267878
    endloop
  endfacet
  facet normal 0.000746352 0.00630744 -0.00036806
    outer loop
      vertex -0.538975 0.289778 0.311177
      vertex -0.57498 0.289778 0.238165
      vertex -0.646716 0.3 0.267878
    endloop
  endfacet
  facet normal 0.00218819 0.00587759 -0.0010791
    outer loop
      vertex -0.538975 0.289778 0.311177
      vertex -0.476314 0.259808 0.275
      vertex -0.57498 0.289778 0.238165
    endloop
  endfacet
  facet normal 0.0019338 0.00519427 -0.000953643
    outer loop
      vertex -0.476314 0.259808 0.275
      vertex -0.508134 0.259808 0.210476
      vertex -0.57498 0.289778 0.238165
    endloop
  endfacet
  facet normal 0.00307622 0.00446042 -0.00151703
    outer loop
      vertex -0.476314 0.259808 0.275
      vertex -0.422506 0.212132 0.243934
      vertex -0.508134 0.259808 0.210476
    endloop
  endfacet
  facet normal 0.00272871 0.00395654 -0.00134565
    outer loop
      vertex -0.422506 0.212132 0.243934
      vertex -0.450731 0.212132 0.186699
      vertex -0.508134 0.259808 0.210476
    endloop
  endfacet
  facet normal 0.00355613 0.00303596 -0.00175369
    outer loop
      vertex -0.422506 0.212132 0.243934
      vertex -0.381218 0.15 0.220096
      vertex -0.450731 0.212132 0.186699
    endloop
  endfacet
  facet normal 0.00320861 0.00273928 -0.00158231
    outer loop
      vertex -0.381218 0.15 0.220096
      vertex -0.406685 0.15 0.168454
      vertex -0.450731 0.212132 0.186699
    endloop
  endfacet
  facet normal 0.00373651 0.00172198 -0.00184264
    outer loop
      vertex -0.381218 0.15 0.220096
      vertex -0.355263 0.0776457 0.205111
      vertex -0.406685 0.15 0.168454
    endloop
  endfacet
  facet normal 0.00348211 0.00160474 -0.00171719
    outer loop
      vertex -0.355263 0.0776457 0.205111
      vertex -0.378996 0.0776457 0.156985
      vertex -0.406685 0.15 0.168454
    endloop
  endfacet
  facet normal 0.00373677 0.000547348 -0.00184277
    outer loop
      vertex -0.355263 0.0776457 0.205111
      vertex -0.34641 9.69327e-16 0.2
      vertex -0.378996 0.0776457 0.156985
    endloop
  endfacet
  facet normal 0.00364365 0.000533709 -0.00179685
    outer loop
      vertex -0.34641 9.69327e-16 0.2
      vertex -0.369552 9.69327e-16 0.153073
      vertex -0.378996 0.0776457 0.156985
    endloop
  endfacet
  facet normal 0.00364365 -0.000533709 -0.00179685
    outer loop
      vertex -0.34641 9.69327e-16 0.2
      vertex -0.355263 -0.0776457 0.205111
      vertex -0.369552 9.69327e-16 0.153073
    endloop
  endfacet
  facet normal 0.00373677 -0.000547348 -0.00184277
    outer loop
      vertex -0.355263 -0.0776457 0.205111
      vertex -0.378996 -0.0776457 0.156985
      vertex -0.369552 9.69327e-16 0.153073
    endloop
  endfacet
  facet normal 0.00348211 -0.00160474 -0.00171719
    outer loop
      vertex -0.355263 -0.0776457 0.205111
      vertex -0.381218 -0.15 0.220096
      vertex -0.378996 -0.0776457 0.156985
    endloop
  endfacet
  facet normal 0.00373651 -0.00172198 -0.00184264
    outer loop
      vertex -0.381218 -0.15 0.220096
      vertex -0.406685 -0.15 0.168454
      vertex -0.378996 -0.0776457 0.156985
    endloop
  endfacet
  facet normal 0.00320861 -0.00273928 -0.00158231
    outer loop
      vertex -0.381218 -0.15 0.220096
      vertex -0.422506 -0.212132 0.243934
      vertex -0.406685 -0.15 0.168454
    endloop
  endfacet
  facet normal 0.00355613 -0.00303596 -0.00175369
    outer loop
      vertex -0.422506 -0.212132 0.243934
      vertex -0.450731 -0.212132 0.186699
      vertex -0.406685 -0.15 0.168454
    endloop
  endfacet
  facet normal 0.00272871 -0.00395654 -0.00134565
    outer loop
      vertex -0.422506 -0.212132 0.243934
      vertex -0.476314 -0.259808 0.275
      vertex -0.450731 -0.212132 0.186699
    endloop
  endfacet
  facet normal 0.00307622 -0.00446042 -0.00151703
    outer loop
      vertex -0.476314 -0.259808 0.275
      vertex -0.508134 -0.259808 0.210476
      vertex -0.450731 -0.212132 0.186699
    endloop
  endfacet
  facet normal 0.0019338 -0.00519427 -0.000953643
    outer loop
      vertex -0.476314 -0.259808 0.275
      vertex -0.538975 -0.289778 0.311177
      vertex -0.508134 -0.259808 0.210476
    endloop
  endfacet
  facet normal 0.00218819 -0.00587759 -0.0010791
    outer loop
      vertex -0.538975 -0.289778 0.311177
      vertex -0.57498 -0.289778 0.238165
      vertex -0.508134 -0.259808 0.210476
    endloop
  endfacet
  facet normal 0.000746352 -0.00630744 -0.00036806
    outer loop
      vertex -0.538975 -0.289778 0.311177
      vertex -0.606218 -0.3 0.35
      vertex -0.57498 -0.289778 0.238165
    endloop
  endfacet
  facet normal 0.000839468 -0.00709436 -0.00041398
    outer loop
      vertex -0.606218 -0.3 0.35
      vertex -0.646716 -0.3 0.267878
      vertex -0.57498 -0.289778 0.238165
    endloop
  endfacet
  facet normal -0.000839468 -0.00709436 0.00041398
    outer loop
      vertex -0.606218 -0.3 0.35
      vertex -0.673461 -0.289778 0.388823
      vertex -0.646716 -0.3 0.267878
    endloop
  endfacet
  facet normal -0.000932583 -0.00788128 0.000459899
    outer loop
      vertex -0.673461 -0.289778 0.388823
      vertex -0.718451 -0.289778 0.297592
      vertex -0.646716 -0.3 0.267878
    endloop
  endfacet
  facet normal -0.0027342 -0.00734419 0.00134836
    outer loop
      vertex -0.673461 -0.289778 0.388823
      vertex -0.736122 -0.259808 0.425
      vertex -0.718451 -0.289778 0.297592
    endloop
  endfacet
  facet normal -0.00298859 -0.00802751 0.00147381
    outer loop
      vertex -0.736122 -0.259808 0.425
      vertex -0.785298 -0.259808 0.325281
      vertex -0.718451 -0.289778 0.297592
    endloop
  endfacet
  facet normal -0.00475417 -0.00689338 0.0023445
    outer loop
      vertex -0.736122 -0.259808 0.425
      vertex -0.78993 -0.212132 0.456066
      vertex -0.785298 -0.259808 0.325281
    endloop
  endfacet
  facet normal -0.00510168 -0.00739726 0.00251587
    outer loop
      vertex -0.78993 -0.212132 0.456066
      vertex -0.8427 -0.212132 0.349058
      vertex -0.785298 -0.259808 0.325281
    endloop
  endfacet
  facet normal -0.00664864 -0.00567612 0.00327874
    outer loop
      vertex -0.78993 -0.212132 0.456066
      vertex -0.831218 -0.15 0.479904
      vertex -0.8427 -0.212132 0.349058
    endloop
  endfacet
  facet normal -0.00699615 -0.0059728 0.00345012
    outer loop
      vertex -0.831218 -0.15 0.479904
      vertex -0.886747 -0.15 0.367302
      vertex -0.8427 -0.212132 0.349058
    endloop
  endfacet
  facet normal -0.00814719 -0.00375466 0.00401775
    outer loop
      vertex -0.831218 -0.15 0.479904
      vertex -0.857173 -0.0776457 0.494889
      vertex -0.886747 -0.15 0.367302
    endloop
  endfacet
  facet normal -0.00840159 -0.0038719 0.0041432
    outer loop
      vertex -0.857173 -0.0776457 0.494889
      vertex -0.914435 -0.0776457 0.378772
      vertex -0.886747 -0.15 0.367302
    endloop
  endfacet
  facet normal -0.00901601 -0.00132063 0.00444621
    outer loop
      vertex -0.857173 -0.0776457 0.494889
      vertex -0.866025 -1.93865e-15 0.5
      vertex -0.914435 -0.0776457 0.378772
    endloop
  endfacet
  facet normal -0.00910913 -0.00133427 0.00449213
    outer loop
      vertex -0.866025 -1.93865e-15 0.5
      vertex -0.92388 -1.93865e-15 0.382683
      vertex -0.914435 -0.0776457 0.378772
    endloop
  endfacet
  facet normal -0.00961754 0.00133427 0.00326471
    outer loop
      vertex -0.92388 0 0.382683
      vertex -0.914435 0.0776457 0.378772
      vertex -0.965926 0 0.258819
    endloop
  endfacet
  facet normal -0.00951923 0.00132063 0.00323134
    outer loop
      vertex -0.914435 0.0776457 0.378772
      vertex -0.956052 0.0776457 0.256173
      vertex -0.965926 0 0.258819
    endloop
  endfacet
  facet normal -0.00887051 0.0038719 0.00301113
    outer loop
      vertex -0.914435 0.0776457 0.378772
      vertex -0.886747 0.15 0.367302
      vertex -0.956052 0.0776457 0.256173
    endloop
  endfacet
  facet normal -0.00860191 0.00375466 0.00291996
    outer loop
      vertex -0.886747 0.15 0.367302
      vertex -0.927103 0.15 0.248416
      vertex -0.956052 0.0776457 0.256173
    endloop
  endfacet
  facet normal -0.00738663 0.0059728 0.00250742
    outer loop
      vertex -0.886747 0.15 0.367302
      vertex -0.8427 0.212132 0.349058
      vertex -0.927103 0.15 0.248416
    endloop
  endfacet
  facet normal -0.00701972 0.00567612 0.00238287
    outer loop
      vertex -0.8427 0.212132 0.349058
      vertex -0.881052 0.212132 0.236077
      vertex -0.927103 0.15 0.248416
    endloop
  endfacet
  facet normal -0.00538642 0.00739726 0.00182844
    outer loop
      vertex -0.8427 0.212132 0.349058
      vertex -0.785298 0.259808 0.325281
      vertex -0.881052 0.212132 0.236077
    endloop
  endfacet
  facet normal -0.00501951 0.00689338 0.00170389
    outer loop
      vertex -0.785298 0.259808 0.325281
      vertex -0.821037 0.259808 0.219996
      vertex -0.881052 0.212132 0.236077
    endloop
  endfacet
  facet normal -0.0031554 0.00802751 0.00107111
    outer loop
      vertex -0.785298 0.259808 0.325281
      vertex -0.718451 0.289778 0.297592
      vertex -0.821037 0.259808 0.219996
    endloop
  endfacet
  facet normal -0.0028868 0.00734419 0.000979937
    outer loop
      vertex -0.718451 0.289778 0.297592
      vertex -0.751148 0.289778 0.20127
      vertex -0.821037 0.259808 0.219996
    endloop
  endfacet
  facet normal -0.000984634 0.00788128 0.000334238
    outer loop
      vertex -0.718451 0.289778 0.297592
      vertex -0.646716 0.3 0.267878
      vertex -0.751148 0.289778 0.20127
    endloop
  endfacet
  facet normal -0.000886321 0.00709436 0.000300865
    outer loop
      vertex -0.646716 0.3 0.267878
      vertex -0.676148 0.3 0.181173
      vertex -0.751148 0.289778 0.20127
    endloop
  endfacet
  facet normal 0.000886321 0.00709436 -0.000300865
    outer loop
      vertex -0.646716 0.3 0.267878
      vertex -0.57498 0.289778 0.238165
      vertex -0.676148 0.3 0.181173
    endloop
  endfacet
  facet normal 0.000788008 0.00630744 -0.000267493
    outer loop
      vertex -0.57498 0.289778 0.238165
      vertex -0.601148 0.289778 0.161077
      vertex -0.676148 0.3 0.181173
    endloop
  endfacet
  facet normal 0.00231032 0.00587759 -0.000784249
    outer loop
      vertex -0.57498 0.289778 0.238165
      vertex -0.508134 0.259808 0.210476
      vertex -0.601148 0.289778 0.161077
    endloop
  endfacet
  facet normal 0.00204173 0.00519427 -0.000693073
    outer loop
      vertex -0.508134 0.259808 0.210476
      vertex -0.531259 0.259808 0.14235
      vertex -0.601148 0.289778 0.161077
    endloop
  endfacet
  facet normal 0.00324792 0.00446042 -0.00110252
    outer loop
      vertex -0.508134 0.259808 0.210476
      vertex -0.450731 0.212132 0.186699
      vertex -0.531259 0.259808 0.14235
    endloop
  endfacet
  facet normal 0.00288101 0.00395654 -0.000977971
    outer loop
      vertex -0.450731 0.212132 0.186699
      vertex -0.471244 0.212132 0.12627
      vertex -0.531259 0.259808 0.14235
    endloop
  endfacet
  facet normal 0.00375461 0.00303596 -0.00127452
    outer loop
      vertex -0.450731 0.212132 0.186699
      vertex -0.406685 0.15 0.168454
      vertex -0.471244 0.212132 0.12627
    endloop
  endfacet
  facet normal 0.0033877 0.00273928 -0.00114997
    outer loop
      vertex -0.406685 0.15 0.168454
      vertex -0.425193 0.15 0.11393
      vertex -0.471244 0.212132 0.12627
    endloop
  endfacet
  facet normal 0.00394506 0.00172198 -0.00133917
    outer loop
      vertex -0.406685 0.15 0.168454
      vertex -0.378996 0.0776457 0.156985
      vertex -0.425193 0.15 0.11393
    endloop
  endfacet
  facet normal 0.00367646 0.00160474 -0.00124799
    outer loop
      vertex -0.378996 0.0776457 0.156985
      vertex -0.396244 0.0776457 0.106173
      vertex -0.425193 0.15 0.11393
    endloop
  endfacet
  facet normal 0.00394533 0.000547348 -0.00133926
    outer loop
      vertex -0.378996 0.0776457 0.156985
      vertex -0.369552 9.69327e-16 0.153073
      vertex -0.396244 0.0776457 0.106173
    endloop
  endfacet
  facet normal 0.00384702 0.000533709 -0.00130589
    outer loop
      vertex -0.369552 9.69327e-16 0.153073
      vertex -0.38637 9.69327e-16 0.103528
      vertex -0.396244 0.0776457 0.106173
    endloop
  endfacet
  facet normal 0.00384702 -0.000533709 -0.00130589
    outer loop
      vertex -0.369552 9.69327e-16 0.153073
      vertex -0.378996 -0.0776457 0.156985
      vertex -0.38637 9.69327e-16 0.103528
    endloop
  endfacet
  facet normal 0.00394533 -0.000547348 -0.00133926
    outer loop
      vertex -0.378996 -0.0776457 0.156985
      vertex -0.396244 -0.0776457 0.106173
      vertex -0.38637 9.69327e-16 0.103528
    endloop
  endfacet
  facet normal 0.00367646 -0.00160474 -0.00124799
    outer loop
      vertex -0.378996 -0.0776457 0.156985
      vertex -0.406685 -0.15 0.168454
      vertex -0.396244 -0.0776457 0.106173
    endloop
  endfacet
  facet normal 0.00394506 -0.00172198 -0.00133917
    outer loop
      vertex -0.406685 -0.15 0.168454
      vertex -0.425193 -0.15 0.11393
      vertex -0.396244 -0.0776457 0.106173
    endloop
  endfacet
  facet normal 0.0033877 -0.00273928 -0.00114997
    outer loop
      vertex -0.406685 -0.15 0.168454
      vertex -0.450731 -0.212132 0.186699
      vertex -0.425193 -0.15 0.11393
    endloop
  endfacet
  facet normal 0.00375461 -0.00303596 -0.00127452
    outer loop
      vertex -0.450731 -0.212132 0.186699
      vertex -0.471244 -0.212132 0.12627
      vertex -0.425193 -0.15 0.11393
    endloop
  endfacet
  facet normal 0.00288101 -0.00395654 -0.000977971
    outer loop
      vertex -0.450731 -0.212132 0.186699
      vertex -0.508134 -0.259808 0.210476
      vertex -0.471244 -0.212132 0.12627
    endloop
  endfacet
  facet normal 0.00324792 -0.00446042 -0.00110252
    outer loop
      vertex -0.508134 -0.259808 0.210476
      vertex -0.531259 -0.259808 0.14235
      vertex -0.471244 -0.212132 0.12627
    endloop
  endfacet
  facet normal 0.00204173 -0.00519427 -0.000693073
    outer loop
      vertex -0.508134 -0.259808 0.210476
      vertex -0.57498 -0.289778 0.238165
      vertex -0.531259 -0.259808 0.14235
    endloop
  endfacet
  facet normal 0.00231032 -0.00587759 -0.000784249
    outer loop
      vertex -0.57498 -0.289778 0.238165
      vertex -0.601148 -0.289778 0.161077
      vertex -0.531259 -0.259808 0.14235
    endloop
  endfacet
  facet normal 0.000788008 -0.00630744 -0.000267493
    outer loop
      vertex -0.57498 -0.289778 0.238165
      vertex -0.646716 -0.3 0.267878
      vertex -0.601148 -0.289778 0.161077
    endloop
  endfacet
  facet normal 0.000886321 -0.00709436 -0.000300865
    outer loop
      vertex -0.646716 -0.3 0.267878
      vertex -0.676148 -0.3 0.181173
      vertex -0.601148 -0.289778 0.161077
    endloop
  endfacet
  facet normal -0.000886321 -0.00709436 0.000300865
    outer loop
      vertex -0.646716 -0.3 0.267878
      vertex -0.718451 -0.289778 0.297592
      vertex -0.676148 -0.3 0.181173
    endloop
  endfacet
  facet normal -0.000984634 -0.00788128 0.000334238
    outer loop
      vertex -0.718451 -0.289778 0.297592
      vertex -0.751148 -0.289778 0.20127
      vertex -0.676148 -0.3 0.181173
    endloop
  endfacet
  facet normal -0.0028868 -0.00734419 0.000979937
    outer loop
      vertex -0.718451 -0.289778 0.297592
      vertex -0.785298 -0.259808 0.325281
      vertex -0.751148 -0.289778 0.20127
    endloop
  endfacet
  facet normal -0.0031554 -0.00802751 0.00107111
    outer loop
      vertex -0.785298 -0.259808 0.325281
      vertex -0.821037 -0.259808 0.219996
      vertex -0.751148 -0.289778 0.20127
    endloop
  endfacet
  facet normal -0.00501951 -0.00689338 0.00170389
    outer loop
      vertex -0.785298 -0.259808 0.325281
      vertex -0.8427 -0.212132 0.349058
      vertex -0.821037 -0.259808 0.219996
    endloop
  endfacet
  facet normal -0.00538642 -0.00739726 0.00182844
    outer loop
      vertex -0.8427 -0.212132 0.349058
      vertex -0.881052 -0.212132 0.236077
      vertex -0.821037 -0.259808 0.219996
    endloop
  endfacet
  facet normal -0.00701972 -0.00567612 0.00238287
    outer loop
      vertex -0.8427 -0.212132 0.349058
      vertex -0.886747 -0.15 0.367302
      vertex -0.881052 -0.212132 0.236077
    endloop
  endfacet
  facet normal -0.00738663 -0.0059728 0.00250742
    outer loop
      vertex -0.886747 -0.15 0.367302
      vertex -0.927103 -0.15 0.248416
      vertex -0.881052 -0.212132 0.236077
    endloop
  endfacet
  facet normal -0.00860191 -0.00375466 0.00291996
    outer loop
      vertex -0.886747 -0.15 0.367302
      vertex -0.914435 -0.0776457 0.378772
      vertex -0.927103 -0.15 0.248416
    endloop
  endfacet
  facet normal -0.00887051 -0.0038719 0.00301113
    outer loop
      vertex -0.914435 -0.0776457 0.378772
      vertex -0.956052 -0.0776457 0.256173
      vertex -0.927103 -0.15 0.248416
    endloop
  endfacet
  facet normal -0.00951923 -0.00132063 0.00323134
    outer loop
      vertex -0.914435 -0.0776457 0.378772
      vertex -0.92388 -1.93865e-15 0.382683
      vertex -0.956052 -0.0776457 0.256173
    endloop
  endfacet
  facet normal -0.00961754 -0.00133427 0.00326471
    outer loop
      vertex -0.92388 -1.93865e-15 0.382683
      vertex -0.965926 -1.93865e-15 0.258819
      vertex -0.956052 -0.0776457 0.256173
    endloop
  endfacet
  facet normal -0.00996139 0.00133427 0.00198144
    outer loop
      vertex -0.965926 0 0.258819
      vertex -0.956052 0.0776457 0.256173
      vertex -0.991445 0 0.130526
    endloop
  endfacet
  facet normal -0.00985956 0.00132063 0.00196119
    outer loop
      vertex -0.956052 0.0776457 0.256173
      vertex -0.98131 0.0776457 0.129192
      vertex -0.991445 0 0.130526
    endloop
  endfacet
  facet normal -0.00918765 0.0038719 0.00182754
    outer loop
      vertex -0.956052 0.0776457 0.256173
      vertex -0.927103 0.15 0.248416
      vertex -0.98131 0.0776457 0.129192
    endloop
  endfacet
  facet normal -0.00890945 0.00375466 0.0017722
    outer loop
      vertex -0.927103 0.15 0.248416
      vertex -0.951596 0.15 0.12528
      vertex -0.98131 0.0776457 0.129192
    endloop
  endfacet
  facet normal -0.00765072 0.0059728 0.00152182
    outer loop
      vertex -0.927103 0.15 0.248416
      vertex -0.881052 0.212132 0.236077
      vertex -0.951596 0.15 0.12528
    endloop
  endfacet
  facet normal -0.00727069 0.00567612 0.00144623
    outer loop
      vertex -0.881052 0.212132 0.236077
      vertex -0.904329 0.212132 0.119057
      vertex -0.951596 0.15 0.12528
    endloop
  endfacet
  facet normal -0.005579 0.00739726 0.00110973
    outer loop
      vertex -0.881052 0.212132 0.236077
      vertex -0.821037 0.259808 0.219996
      vertex -0.904329 0.212132 0.119057
    endloop
  endfacet
  facet normal -0.00519897 0.00689338 0.00103414
    outer loop
      vertex -0.821037 0.259808 0.219996
      vertex -0.842728 0.259808 0.110947
      vertex -0.904329 0.212132 0.119057
    endloop
  endfacet
  facet normal -0.00326821 0.00802751 0.000650087
    outer loop
      vertex -0.821037 0.259808 0.219996
      vertex -0.751148 0.289778 0.20127
      vertex -0.842728 0.259808 0.110947
    endloop
  endfacet
  facet normal -0.00299001 0.00734419 0.00059475
    outer loop
      vertex -0.751148 0.289778 0.20127
      vertex -0.770993 0.289778 0.101503
      vertex -0.842728 0.259808 0.110947
    endloop
  endfacet
  facet normal -0.00101984 0.00788128 0.000202858
    outer loop
      vertex -0.751148 0.289778 0.20127
      vertex -0.676148 0.3 0.181173
      vertex -0.770993 0.289778 0.101503
    endloop
  endfacet
  facet normal -0.000918009 0.00709436 0.000182603
    outer loop
      vertex -0.676148 0.3 0.181173
      vertex -0.694011 0.3 0.0913683
      vertex -0.770993 0.289778 0.101503
    endloop
  endfacet
  facet normal 0.000918009 0.00709436 -0.000182603
    outer loop
      vertex -0.676148 0.3 0.181173
      vertex -0.601148 0.289778 0.161077
      vertex -0.694011 0.3 0.0913683
    endloop
  endfacet
  facet normal 0.000816181 0.00630744 -0.000162349
    outer loop
      vertex -0.601148 0.289778 0.161077
      vertex -0.61703 0.289778 0.0812335
      vertex -0.694011 0.3 0.0913683
    endloop
  endfacet
  facet normal 0.00239292 0.00587759 -0.000475982
    outer loop
      vertex -0.601148 0.289778 0.161077
      vertex -0.531259 0.259808 0.14235
      vertex -0.61703 0.289778 0.0812335
    endloop
  endfacet
  facet normal 0.00211472 0.00519427 -0.000420645
    outer loop
      vertex -0.531259 0.259808 0.14235
      vertex -0.545295 0.259808 0.0717894
      vertex -0.61703 0.289778 0.0812335
    endloop
  endfacet
  facet normal 0.00336404 0.00446042 -0.000669149
    outer loop
      vertex -0.531259 0.259808 0.14235
      vertex -0.471244 0.212132 0.12627
      vertex -0.545295 0.259808 0.0717894
    endloop
  endfacet
  facet normal 0.00298401 0.00395654 -0.000593557
    outer loop
      vertex -0.471244 0.212132 0.12627
      vertex -0.483694 0.212132 0.0636795
      vertex -0.545295 0.259808 0.0717894
    endloop
  endfacet
  facet normal 0.00388884 0.00303596 -0.000773539
    outer loop
      vertex -0.471244 0.212132 0.12627
      vertex -0.425193 0.15 0.11393
      vertex -0.483694 0.212132 0.0636795
    endloop
  endfacet
  facet normal 0.00350882 0.00273928 -0.000697947
    outer loop
      vertex -0.425193 0.15 0.11393
      vertex -0.436426 0.15 0.0574566
      vertex -0.483694 0.212132 0.0636795
    endloop
  endfacet
  facet normal 0.0040861 0.00172198 -0.000812776
    outer loop
      vertex -0.425193 0.15 0.11393
      vertex -0.396244 0.0776457 0.106173
      vertex -0.436426 0.15 0.0574566
    endloop
  endfacet
  facet normal 0.0038079 0.00160474 -0.000757439
    outer loop
      vertex -0.396244 0.0776457 0.106173
      vertex -0.406713 0.0776457 0.0535447
      vertex -0.436426 0.15 0.0574566
    endloop
  endfacet
  facet normal 0.00408638 0.000547348 -0.000812832
    outer loop
      vertex -0.396244 0.0776457 0.106173
      vertex -0.38637 9.69327e-16 0.103528
      vertex -0.406713 0.0776457 0.0535447
    endloop
  endfacet
  facet normal 0.00398456 0.000533709 -0.000792577
    outer loop
      vertex -0.38637 9.69327e-16 0.103528
      vertex -0.396578 9.69327e-16 0.0522105
      vertex -0.406713 0.0776457 0.0535447
    endloop
  endfacet
  facet normal 0.00398456 -0.000533709 -0.000792577
    outer loop
      vertex -0.38637 9.69327e-16 0.103528
      vertex -0.396244 -0.0776457 0.106173
      vertex -0.396578 9.69327e-16 0.0522105
    endloop
  endfacet
  facet normal 0.00408638 -0.000547348 -0.000812832
    outer loop
      vertex -0.396244 -0.0776457 0.106173
      vertex -0.406713 -0.0776457 0.0535447
      vertex -0.396578 9.69327e-16 0.0522105
    endloop
  endfacet
  facet normal 0.0038079 -0.00160474 -0.000757439
    outer loop
      vertex -0.396244 -0.0776457 0.106173
      vertex -0.425193 -0.15 0.11393
      vertex -0.406713 -0.0776457 0.0535447
    endloop
  endfacet
  facet normal 0.0040861 -0.00172198 -0.000812776
    outer loop
      vertex -0.425193 -0.15 0.11393
      vertex -0.436426 -0.15 0.0574566
      vertex -0.406713 -0.0776457 0.0535447
    endloop
  endfacet
  facet normal 0.00350882 -0.00273928 -0.000697947
    outer loop
      vertex -0.425193 -0.15 0.11393
      vertex -0.471244 -0.212132 0.12627
      vertex -0.436426 -0.15 0.0574566
    endloop
  endfacet
  facet normal 0.00388884 -0.00303596 -0.000773539
    outer loop
      vertex -0.471244 -0.212132 0.12627
      vertex -0.483694 -0.212132 0.0636795
      vertex -0.436426 -0.15 0.0574566
    endloop
  endfacet
  facet normal 0.00298401 -0.00395654 -0.000593557
    outer loop
      vertex -0.471244 -0.212132 0.12627
      vertex -0.531259 -0.259808 0.14235
      vertex -0.483694 -0.212132 0.0636795
    endloop
  endfacet
  facet normal 0.00336404 -0.00446042 -0.000669149
    outer loop
      vertex -0.531259 -0.259808 0.14235
      vertex -0.545295 -0.259808 0.0717894
      vertex -0.483694 -0.212132 0.0636795
    endloop
  endfacet
  facet normal 0.00211472 -0.00519427 -0.000420645
    outer loop
      vertex -0.531259 -0.259808 0.14235
      vertex -0.601148 -0.289778 0.161077
      vertex -0.545295 -0.259808 0.0717894
    endloop
  endfacet
  facet normal 0.00239292 -0.00587759 -0.000475982
    outer loop
      vertex -0.601148 -0.289778 0.161077
      vertex -0.61703 -0.289778 0.0812335
      vertex -0.545295 -0.259808 0.0717894
    endloop
  endfacet
  facet normal 0.000816181 -0.00630744 -0.000162349
    outer loop
      vertex -0.601148 -0.289778 0.161077
      vertex -0.676148 -0.3 0.181173
      vertex -0.61703 -0.289778 0.0812335
    endloop
  endfacet
  facet normal 0.000918009 -0.00709436 -0.000182603
    outer loop
      vertex -0.676148 -0.3 0.181173
      vertex -0.694011 -0.3 0.0913683
      vertex -0.61703 -0.289778 0.0812335
    endloop
  endfacet
  facet normal -0.000918009 -0.00709436 0.000182603
    outer loop
      vertex -0.676148 -0.3 0.181173
      vertex -0.751148 -0.289778 0.20127
      vertex -0.694011 -0.3 0.0913683
    endloop
  endfacet
  facet normal -0.00101984 -0.00788128 0.000202858
    outer loop
      vertex -0.751148 -0.289778 0.20127
      vertex -0.770993 -0.289778 0.101503
      vertex -0.694011 -0.3 0.0913683
    endloop
  endfacet
  facet normal -0.00299001 -0.00734419 0.00059475
    outer loop
      vertex -0.751148 -0.289778 0.20127
      vertex -0.821037 -0.259808 0.219996
      vertex -0.770993 -0.289778 0.101503
    endloop
  endfacet
  facet normal -0.00326821 -0.00802751 0.000650087
    outer loop
      vertex -0.821037 -0.259808 0.219996
      vertex -0.842728 -0.259808 0.110947
      vertex -0.770993 -0.289778 0.101503
    endloop
  endfacet
  facet normal -0.00519897 -0.00689338 0.00103414
    outer loop
      vertex -0.821037 -0.259808 0.219996
      vertex -0.881052 -0.212132 0.236077
      vertex -0.842728 -0.259808 0.110947
    endloop
  endfacet
  facet normal -0.005579 -0.00739726 0.00110973
    outer loop
      vertex -0.881052 -0.212132 0.236077
      vertex -0.904329 -0.212132 0.119057
      vertex -0.842728 -0.259808 0.110947
    endloop
  endfacet
  facet normal -0.00727069 -0.00567612 0.00144623
    outer loop
      vertex -0.881052 -0.212132 0.236077
      vertex -0.927103 -0.15 0.248416
      vertex -0.904329 -0.212132 0.119057
    endloop
  endfacet
  facet normal -0.00765072 -0.0059728 0.00152182
    outer loop
      vertex -0.927103 -0.15 0.248416
      vertex -0.951596 -0.15 0.12528
      vertex -0.904329 -0.212132 0.119057
    endloop
  endfacet
  facet normal -0.00890945 -0.00375466 0.0017722
    outer loop
      vertex -0.927103 -0.15 0.248416
      vertex -0.956052 -0.0776457 0.256173
      vertex -0.951596 -0.15 0.12528
    endloop
  endfacet
  facet normal -0.00918765 -0.0038719 0.00182754
    outer loop
      vertex -0.956052 -0.0776457 0.256173
      vertex -0.98131 -0.0776457 0.129192
      vertex -0.951596 -0.15 0.12528
    endloop
  endfacet
  facet normal -0.00985956 -0.00132063 0.00196119
    outer loop
      vertex -0.956052 -0.0776457 0.256173
      vertex -0.965926 -1.93865e-15 0.258819
      vertex -0.98131 -0.0776457 0.129192
    endloop
  endfacet
  facet normal -0.00996139 -0.00133427 0.00198144
    outer loop
      vertex -0.965926 -1.93865e-15 0.258819
      vertex -0.991445 -1.93865e-15 0.130526
      vertex -0.98131 -0.0776457 0.129192
    endloop
  endfacet
  facet normal -0.0101348 0.00133427 0.00066427
    outer loop
      vertex -0.991445 0 0.130526
      vertex -0.98131 0.0776457 0.129192
      vertex -1 0 3.23109e-15
    endloop
  endfacet
  facet normal -0.0100312 0.00132063 0.00065748
    outer loop
      vertex -0.98131 0.0776457 0.129192
      vertex -0.989778 0.0776457 3.19806e-15
      vertex -1 0 3.23109e-15
    endloop
  endfacet
  facet normal -0.00934759 0.0038719 0.000612673
    outer loop
      vertex -0.98131 0.0776457 0.129192
      vertex -0.951596 0.15 0.12528
      vertex -0.989778 0.0776457 3.19806e-15
    endloop
  endfacet
  facet normal -0.00906455 0.00375466 0.000594122
    outer loop
      vertex -0.951596 0.15 0.12528
      vertex -0.959808 0.15 3.10122e-15
      vertex -0.989778 0.0776457 3.19806e-15
    endloop
  endfacet
  facet normal -0.0077839 0.0059728 0.000510184
    outer loop
      vertex -0.951596 0.15 0.12528
      vertex -0.904329 0.212132 0.119057
      vertex -0.959808 0.15 3.10122e-15
    endloop
  endfacet
  facet normal -0.00739726 0.00567612 0.000484842
    outer loop
      vertex -0.904329 0.212132 0.119057
      vertex -0.912132 0.212132 2.94718e-15
      vertex -0.959808 0.15 3.10122e-15
    endloop
  endfacet
  facet normal -0.00567612 0.00739726 0.000372032
    outer loop
      vertex -0.904329 0.212132 0.119057
      vertex -0.842728 0.259808 0.110947
      vertex -0.912132 0.212132 2.94718e-15
    endloop
  endfacet
  facet normal -0.00528948 0.00689338 0.000346691
    outer loop
      vertex -0.842728 0.259808 0.110947
      vertex -0.85 0.259808 2.74643e-15
      vertex -0.912132 0.212132 2.94718e-15
    endloop
  endfacet
  facet normal -0.0033251 0.00802751 0.000217939
    outer loop
      vertex -0.842728 0.259808 0.110947
      vertex -0.770993 0.289778 0.101503
      vertex -0.85 0.259808 2.74643e-15
    endloop
  endfacet
  facet normal -0.00304206 0.00734419 0.000199387
    outer loop
      vertex -0.770993 0.289778 0.101503
      vertex -0.777646 0.289778 2.51264e-15
      vertex -0.85 0.259808 2.74643e-15
    endloop
  endfacet
  facet normal -0.00103759 0.00788128 6.80073e-05
    outer loop
      vertex -0.770993 0.289778 0.101503
      vertex -0.694011 0.3 0.0913683
      vertex -0.777646 0.289778 2.51264e-15
    endloop
  endfacet
  facet normal -0.00093399 0.00709436 6.12169e-05
    outer loop
      vertex -0.694011 0.3 0.0913683
      vertex -0.7 0.3 2.26176e-15
      vertex -0.777646 0.289778 2.51264e-15
    endloop
  endfacet
  facet normal 0.00093399 0.00709436 -6.12169e-05
    outer loop
      vertex -0.694011 0.3 0.0913683
      vertex -0.61703 0.289778 0.0812335
      vertex -0.7 0.3 2.26176e-15
    endloop
  endfacet
  facet normal 0.00083039 0.00630744 -5.44266e-05
    outer loop
      vertex -0.61703 0.289778 0.0812335
      vertex -0.622354 0.289778 2.01088e-15
      vertex -0.7 0.3 2.26176e-15
    endloop
  endfacet
  facet normal 0.00243458 0.00587759 -0.000159571
    outer loop
      vertex -0.61703 0.289778 0.0812335
      vertex -0.545295 0.259808 0.0717894
      vertex -0.622354 0.289778 2.01088e-15
    endloop
  endfacet
  facet normal 0.00215154 0.00519427 -0.000141019
    outer loop
      vertex -0.545295 0.259808 0.0717894
      vertex -0.55 0.259808 1.7771e-15
      vertex -0.622354 0.289778 2.01088e-15
    endloop
  endfacet
  facet normal 0.0034226 0.00446042 -0.000224329
    outer loop
      vertex -0.545295 0.259808 0.0717894
      vertex -0.483694 0.212132 0.0636795
      vertex -0.55 0.259808 1.7771e-15
    endloop
  endfacet
  facet normal 0.00303596 0.00395654 -0.000198987
    outer loop
      vertex -0.483694 0.212132 0.0636795
      vertex -0.487868 0.212132 1.57634e-15
      vertex -0.55 0.259808 1.7771e-15
    endloop
  endfacet
  facet normal 0.00395654 0.00303596 -0.000259325
    outer loop
      vertex -0.483694 0.212132 0.0636795
      vertex -0.436426 0.15 0.0574566
      vertex -0.487868 0.212132 1.57634e-15
    endloop
  endfacet
  facet normal 0.0035699 0.00273928 -0.000233983
    outer loop
      vertex -0.436426 0.15 0.0574566
      vertex -0.440192 0.15 1.4223e-15
      vertex -0.487868 0.212132 1.57634e-15
    endloop
  endfacet
  facet normal 0.00415723 0.00172198 -0.00027248
    outer loop
      vertex -0.436426 0.15 0.0574566
      vertex -0.406713 0.0776457 0.0535447
      vertex -0.440192 0.15 1.4223e-15
    endloop
  endfacet
  facet normal 0.00387419 0.00160474 -0.000253928
    outer loop
      vertex -0.406713 0.0776457 0.0535447
      vertex -0.410222 0.0776457 1.32546e-15
      vertex -0.440192 0.15 1.4223e-15
    endloop
  endfacet
  facet normal 0.00415752 0.000547348 -0.000272498
    outer loop
      vertex -0.406713 0.0776457 0.0535447
      vertex -0.396578 9.69327e-16 0.0522105
      vertex -0.410222 0.0776457 1.32546e-15
    endloop
  endfacet
  facet normal 0.00405392 0.000533709 -0.000265708
    outer loop
      vertex -0.396578 9.69327e-16 0.0522105
      vertex -0.4 9.69327e-16 1.29244e-15
      vertex -0.410222 0.0776457 1.32546e-15
    endloop
  endfacet
  facet normal 0.00405392 -0.000533709 -0.000265708
    outer loop
      vertex -0.396578 9.69327e-16 0.0522105
      vertex -0.406713 -0.0776457 0.0535447
      vertex -0.4 9.69327e-16 1.29244e-15
    endloop
  endfacet
  facet normal 0.00415752 -0.000547348 -0.000272498
    outer loop
      vertex -0.406713 -0.0776457 0.0535447
      vertex -0.410222 -0.0776457 1.32546e-15
      vertex -0.4 9.69327e-16 1.29244e-15
    endloop
  endfacet
  facet normal 0.00387419 -0.00160474 -0.000253928
    outer loop
      vertex -0.406713 -0.0776457 0.0535447
      vertex -0.436426 -0.15 0.0574566
      vertex -0.410222 -0.0776457 1.32546e-15
    endloop
  endfacet
  facet normal 0.00415723 -0.00172198 -0.00027248
    outer loop
      vertex -0.436426 -0.15 0.0574566
      vertex -0.440192 -0.15 1.4223e-15
      vertex -0.410222 -0.0776457 1.32546e-15
    endloop
  endfacet
  facet normal 0.0035699 -0.00273928 -0.000233983
    outer loop
      vertex -0.436426 -0.15 0.0574566
      vertex -0.483694 -0.212132 0.0636795
      vertex -0.440192 -0.15 1.4223e-15
    endloop
  endfacet
  facet normal 0.00395654 -0.00303596 -0.000259325
    outer loop
      vertex -0.483694 -0.212132 0.0636795
      vertex -0.487868 -0.212132 1.57634e-15
      vertex -0.440192 -0.15 1.4223e-15
    endloop
  endfacet
  facet normal 0.00303596 -0.00395654 -0.000198987
    outer loop
      vertex -0.483694 -0.212132 0.0636795
      vertex -0.545295 -0.259808 0.0717894
      vertex -0.487868 -0.212132 1.57634e-15
    endloop
  endfacet
  facet normal 0.0034226 -0.00446042 -0.000224329
    outer loop
      vertex -0.545295 -0.259808 0.0717894
      vertex -0.55 -0.259808 1.7771e-15
      vertex -0.487868 -0.212132 1.57634e-15
    endloop
  endfacet
  facet normal 0.00215154 -0.00519427 -0.000141019
    outer loop
      vertex -0.545295 -0.259808 0.0717894
      vertex -0.61703 -0.289778 0.0812335
      vertex -0.55 -0.259808 1.7771e-15
    endloop
  endfacet
  facet normal 0.00243458 -0.00587759 -0.000159571
    outer loop
      vertex -0.61703 -0.289778 0.0812335
      vertex -0.622354 -0.289778 2.01088e-15
      vertex -0.55 -0.259808 1.7771e-15
    endloop
  endfacet
  facet normal 0.00083039 -0.00630744 -5.44266e-05
    outer loop
      vertex -0.61703 -0.289778 0.0812335
      vertex -0.694011 -0.3 0.0913683
      vertex -0.622354 -0.289778 2.01088e-15
    endloop
  endfacet
  facet normal 0.00093399 -0.00709436 -6.12169e-05
    outer loop
      vertex -0.694011 -0.3 0.0913683
      vertex -0.7 -0.3 2.26176e-15
      vertex -0.622354 -0.289778 2.01088e-15
    endloop
  endfacet
  facet normal -0.00093399 -0.00709436 6.12169e-05
    outer loop
      vertex -0.694011 -0.3 0.0913683
      vertex -0.770993 -0.289778 0.101503
      vertex -0.7 -0.3 2.26176e-15
    endloop
  endfacet
  facet normal -0.00103759 -0.00788128 6.80073e-05
    outer loop
      vertex -0.770993 -0.289778 0.101503
      vertex -0.777646 -0.289778 2.51264e-15
      vertex -0.7 -0.3 2.26176e-15
    endloop
  endfacet
  facet normal -0.00304206 -0.00734419 0.000199387
    outer loop
      vertex -0.770993 -0.289778 0.101503
      vertex -0.842728 -0.259808 0.110947
      vertex -0.777646 -0.289778 2.51264e-15
    endloop
  endfacet
  facet normal -0.0033251 -0.00802751 0.000217939
    outer loop
      vertex -0.842728 -0.259808 0.110947
      vertex -0.85 -0.259808 2.74643e-15
      vertex -0.777646 -0.289778 2.51264e-15
    endloop
  endfacet
  facet normal -0.00528948 -0.00689338 0.000346691
    outer loop
      vertex -0.842728 -0.259808 0.110947
      vertex -0.904329 -0.212132 0.119057
      vertex -0.85 -0.259808 2.74643e-15
    endloop
  endfacet
  facet normal -0.00567612 -0.00739726 0.000372032
    outer loop
      vertex -0.904329 -0.212132 0.119057
      vertex -0.912132 -0.212132 2.94718e-15
      vertex -0.85 -0.259808 2.74643e-15
    endloop
  endfacet
  facet normal -0.00739726 -0.00567612 0.000484842
    outer loop
      vertex -0.904329 -0.212132 0.119057
      vertex -0.951596 -0.15 0.12528
      vertex -0.912132 -0.212132 2.94718e-15
    endloop
  endfacet
  facet normal -0.0077839 -0.0059728 0.000510184
    outer loop
      vertex -0.951596 -0.15 0.12528
      vertex -0.959808 -0.15 3.10122e-15
      vertex -0.912132 -0.212132 2.94718e-15
    endloop
  endfacet
  facet normal -0.00906455 -0.00375466 0.000594122
    outer loop
      vertex -0.951596 -0.15 0.12528
      vertex -0.98131 -0.0776457 0.129192
      vertex -0.959808 -0.15 3.10122e-15
    endloop
  endfacet
  facet normal -0.00934759 -0.0038719 0.000612673
    outer loop
      vertex -0.98131 -0.0776457 0.129192
      vertex -0.989778 -0.0776457 3.19806e-15
      vertex -0.959808 -0.15 3.10122e-15
    endloop
  endfacet
  facet normal -0.0100312 -0.00132063 0.00065748
    outer loop
      vertex -0.98131 -0.0776457 0.129192
      vertex -0.991445 -1.93865e-15 0.130526
      vertex -0.989778 -0.0776457 3.19806e-15
    endloop
  endfacet
  facet normal -0.0101348 -0.00133427 0.00066427
    outer loop
      vertex -0.991445 -1.93865e-15 0.130526
      vertex -1 -1.93865e-15 3.23109e-15
      vertex -0.989778 -0.0776457 3.19806e-15
    endloop
  endfacet
  facet normal -0.0101348 0.00133427 -0.00066427
    outer loop
      vertex -1 0 3.23109e-15
      vertex -0.989778 0.0776457 3.19806e-15
      vertex -0.991445 0 -0.130526
    endloop
  endfacet
  facet normal -0.0100312 0.00132063 -0.00065748
    outer loop
      vertex -0.989778 0.0776457 3.19806e-15
      vertex -0.98131 0.0776457 -0.129192
      vertex -0.991445 0 -0.130526
    endloop
  endfacet
  facet normal -0.00934759 0.0038719 -0.000612673
    outer loop
      vertex -0.989778 0.0776457 3.19806e-15
      vertex -0.959808 0.15 3.10122e-15
      vertex -0.98131 0.0776457 -0.129192
    endloop
  endfacet
  facet normal -0.00906455 0.00375466 -0.000594122
    outer loop
      vertex -0.959808 0.15 3.10122e-15
      vertex -0.951596 0.15 -0.12528
      vertex -0.98131 0.0776457 -0.129192
    endloop
  endfacet
  facet normal -0.0077839 0.0059728 -0.000510184
    outer loop
      vertex -0.959808 0.15 3.10122e-15
      vertex -0.912132 0.212132 2.94718e-15
      vertex -0.951596 0.15 -0.12528
    endloop
  endfacet
  facet normal -0.00739726 0.00567612 -0.000484842
    outer loop
      vertex -0.912132 0.212132 2.94718e-15
      vertex -0.904329 0.212132 -0.119057
      vertex -0.951596 0.15 -0.12528
    endloop
  endfacet
  facet normal -0.00567612 0.00739726 -0.000372032
    outer loop
      vertex -0.912132 0.212132 2.94718e-15
      vertex -0.85 0.259808 2.74643e-15
      vertex -0.904329 0.212132 -0.119057
    endloop
  endfacet
  facet normal -0.00528948 0.00689338 -0.000346691
    outer loop
      vertex -0.85 0.259808 2.74643e-15
      vertex -0.842728 0.259808 -0.110947
      vertex -0.904329 0.212132 -0.119057
    endloop
  endfacet
  facet normal -0.0033251 0.00802751 -0.000217939
    outer loop
      vertex -0.85 0.259808 2.74643e-15
      vertex -0.777646 0.289778 2.51264e-15
      vertex -0.842728 0.259808 -0.110947
    endloop
  endfacet
  facet normal -0.00304206 0.00734419 -0.000199387
    outer loop
      vertex -0.777646 0.289778 2.51264e-15
      vertex -0.770993 0.289778 -0.101503
      vertex -0.842728 0.259808 -0.110947
    endloop
  endfacet
  facet normal -0.00103759 0.00788128 -6.80073e-05
    outer loop
      vertex -0.777646 0.289778 2.51264e-15
      vertex -0.7 0.3 2.26176e-15
      vertex -0.770993 0.289778 -0.101503
    endloop
  endfacet
  facet normal -0.00093399 0.00709436 -6.12169e-05
    outer loop
      vertex -0.7 0.3 2.26176e-15
      vertex -0.694011 0.3 -0.0913683
      vertex -0.770993 0.289778 -0.101503
    endloop
  endfacet
  facet normal 0.00093399 0.00709436 6.12169e-05
    outer loop
      vertex -0.7 0.3 2.26176e-15
      vertex -0.622354 0.289778 2.01088e-15
      vertex -0.694011 0.3 -0.0913683
    endloop
  endfacet
  facet normal 0.00083039 0.00630744 5.44266e-05
    outer loop
      vertex -0.622354 0.289778 2.01088e-15
      vertex -0.61703 0.289778 -0.0812335
      vertex -0.694011 0.3 -0.0913683
    endloop
  endfacet
  facet normal 0.00243458 0.00587759 0.000159571
    outer loop
      vertex -0.622354 0.289778 2.01088e-15
      vertex -0.55 0.259808 1.7771e-15
      vertex -0.61703 0.289778 -0.0812335
    endloop
  endfacet
  facet normal 0.00215154 0.00519427 0.000141019
    outer loop
      vertex -0.55 0.259808 1.7771e-15
      vertex -0.545295 0.259808 -0.0717894
      vertex -0.61703 0.289778 -0.0812335
    endloop
  endfacet
  facet normal 0.0034226 0.00446042 0.000224329
    outer loop
      vertex -0.55 0.259808 1.7771e-15
      vertex -0.487868 0.212132 1.57634e-15
      vertex -0.545295 0.259808 -0.0717894
    endloop
  endfacet
  facet normal 0.00303596 0.00395654 0.000198987
    outer loop
      vertex -0.487868 0.212132 1.57634e-15
      vertex -0.483694 0.212132 -0.0636795
      vertex -0.545295 0.259808 -0.0717894
    endloop
  endfacet
  facet normal 0.00395654 0.00303596 0.000259325
    outer loop
      vertex -0.487868 0.212132 1.57634e-15
      vertex -0.440192 0.15 1.4223e-15
      vertex -0.483694 0.212132 -0.0636795
    endloop
  endfacet
  facet normal 0.0035699 0.00273928 0.000233983
    outer loop
      vertex -0.440192 0.15 1.4223e-15
      vertex -0.436426 0.15 -0.0574566
      vertex -0.483694 0.212132 -0.0636795
    endloop
  endfacet
  facet normal 0.00415723 0.00172198 0.00027248
    outer loop
      vertex -0.440192 0.15 1.4223e-15
      vertex -0.410222 0.0776457 1.32546e-15
      vertex -0.436426 0.15 -0.0574566
    endloop
  endfacet
  facet normal 0.00387419 0.00160474 0.000253928
    outer loop
      vertex -0.410222 0.0776457 1.32546e-15
      vertex -0.406713 0.0776457 -0.0535447
      vertex -0.436426 0.15 -0.0574566
    endloop
  endfacet
  facet normal 0.00415752 0.000547348 0.000272498
    outer loop
      vertex -0.410222 0.0776457 1.32546e-15
      vertex -0.4 9.69327e-16 1.29244e-15
      vertex -0.406713 0.0776457 -0.0535447
    endloop
  endfacet
  facet normal 0.00405392 0.000533709 0.000265708
    outer loop
      vertex -0.4 9.69327e-16 1.29244e-15
      vertex -0.396578 9.69327e-16 -0.0522105
      vertex -0.406713 0.0776457 -0.0535447
    endloop
  endfacet
  facet normal 0.00405392 -0.000533709 0.000265708
    outer loop
      vertex -0.4 9.69327e-16 1.29244e-15
      vertex -0.410222 -0.0776457 1.32546e-15
      vertex -0.396578 9.69327e-16 -0.0522105
    endloop
  endfacet
  facet normal 0.00415752 -0.000547348 0.000272498
    outer loop
      vertex -0.410222 -0.0776457 1.32546e-15
      vertex -0.406713 -0.0776457 -0.0535447
      vertex -0.396578 9.69327e-16 -0.0522105
    endloop
  endfacet
  facet normal 0.00387419 -0.00160474 0.000253928
    outer loop
      vertex -0.410222 -0.0776457 1.32546e-15
      vertex -0.440192 -0.15 1.4223e-15
      vertex -0.406713 -0.0776457 -0.0535447
    endloop
  endfacet
  facet normal 0.00415723 -0.00172198 0.00027248
    outer loop
      vertex -0.440192 -0.15 1.4223e-15
      vertex -0.436426 -0.15 -0.0574566
      vertex -0.406713 -0.0776457 -0.0535447
    endloop
  endfacet
  facet normal 0.0035699 -0.00273928 0.000233983
    outer loop
      vertex -0.440192 -0.15 1.4223e-15
      vertex -0.487868 -0.212132 1.57634e-15
      vertex -0.436426 -0.15 -0.0574566
    endloop
  endfacet
  facet normal 0.00395654 -0.00303596 0.000259325
    outer loop
      vertex -0.487868 -0.212132 1.57634e-15
      vertex -0.483694 -0.212132 -0.0636795
      vertex -0.436426 -0.15 -0.0574566
    endloop
  endfacet
  facet normal 0.00303596 -0.00395654 0.000198987
    outer loop
      vertex -0.487868 -0.212132 1.57634e-15
      vertex -0.55 -0.259808 1.7771e-15
      vertex -0.483694 -0.212132 -0.0636795
    endloop
  endfacet
  facet normal 0.0034226 -0.00446042 0.000224329
    outer loop
      vertex -0.55 -0.259808 1.7771e-15
      vertex -0.545295 -0.259808 -0.0717894
      vertex -0.483694 -0.212132 -0.0636795
    endloop
  endfacet
  facet normal 0.00215154 -0.00519427 0.000141019
    outer loop
      vertex -0.55 -0.259808 1.7771e-15
      vertex -0.622354 -0.289778 2.01088e-15
      vertex -0.545295 -0.259808 -0.0717894
    endloop
  endfacet
  facet normal 0.00243458 -0.00587759 0.000159571
    outer loop
      vertex -0.622354 -0.289778 2.01088e-15
      vertex -0.61703 -0.289778 -0.0812335
      vertex -0.545295 -0.259808 -0.0717894
    endloop
  endfacet
  facet normal 0.00083039 -0.00630744 5.44266e-05
    outer loop
      vertex -0.622354 -0.289778 2.01088e-15
      vertex -0.7 -0.3 2.26176e-15
      vertex -0.61703 -0.289778 -0.0812335
    endloop
  endfacet
  facet normal 0.00093399 -0.00709436 6.12169e-05
    outer loop
      vertex -0.7 -0.3 2.26176e-15
      vertex -0.694011 -0.3 -0.0913683
      vertex -0.61703 -0.289778 -0.0812335
    endloop
  endfacet
  facet normal -0.00093399 -0.00709436 -6.12169e-05
    outer loop
      vertex -0.7 -0.3 2.26176e-15
      vertex -0.777646 -0.289778 2.51264e-15
      vertex -0.694011 -0.3 -0.0913683
    endloop
  endfacet
  facet normal -0.00103759 -0.00788128 -6.80073e-05
    outer loop
      vertex -0.777646 -0.289778 2.51264e-15
      vertex -0.770993 -0.289778 -0.101503
      vertex -0.694011 -0.3 -0.0913683
    endloop
  endfacet
  facet normal -0.00304206 -0.00734419 -0.000199387
    outer loop
      vertex -0.777646 -0.289778 2.51264e-15
      vertex -0.85 -0.259808 2.74643e-15
      vertex -0.770993 -0.289778 -0.101503
    endloop
  endfacet
  facet normal -0.0033251 -0.00802751 -0.000217939
    outer loop
      vertex -0.85 -0.259808 2.74643e-15
      vertex -0.842728 -0.259808 -0.110947
      vertex -0.770993 -0.289778 -0.101503
    endloop
  endfacet
  facet normal -0.00528948 -0.00689338 -0.000346691
    outer loop
      vertex -0.85 -0.259808 2.74643e-15
      vertex -0.912132 -0.212132 2.94718e-15
      vertex -0.842728 -0.259808 -0.110947
    endloop
  endfacet
  facet normal -0.00567612 -0.00739726 -0.000372032
    outer loop
      vertex -0.912132 -0.212132 2.94718e-15
      vertex -0.904329 -0.212132 -0.119057
      vertex -0.842728 -0.259808 -0.110947
    endloop
  endfacet
  facet normal -0.00739726 -0.00567612 -0.000484842
    outer loop
      vertex -0.912132 -0.212132 2.94718e-15
      vertex -0.959808 -0.15 3.10122e-15
      vertex -0.904329 -0.212132 -0.119057
    endloop
  endfacet
  facet normal -0.0077839 -0.0059728 -0.000510184
    outer loop
      vertex -0.959808 -0.15 3.10122e-15
      vertex -0.951596 -0.15 -0.12528
      vertex -0.904329 -0.212132 -0.119057
    endloop
  endfacet
  facet normal -0.00906455 -0.00375466 -0.000594122
    outer loop
      vertex -0.959808 -0.15 3.10122e-15
      vertex -0.989778 -0.0776457 3.19806e-15
      vertex -0.951596 -0.15 -0.12528
    endloop
  endfacet
  facet normal -0.00934759 -0.0038719 -0.000612673
    outer loop
      vertex -0.989778 -0.0776457 3.19806e-15
      vertex -0.98131 -0.0776457 -0.129192
      vertex -0.951596 -0.15 -0.12528
    endloop
  endfacet
  facet normal -0.0100312 -0.00132063 -0.00065748
    outer loop
      vertex -0.989778 -0.0776457 3.19806e-15
      vertex -1 -1.93865e-15 3.23109e-15
      vertex -0.98131 -0.0776457 -0.129192
    endloop
  endfacet
  facet normal -0.0101348 -0.00133427 -0.00066427
    outer loop
      vertex -1 -1.93865e-15 3.23109e-15
      vertex -0.991445 -1.93865e-15 -0.130526
      vertex -0.98131 -0.0776457 -0.129192
    endloop
  endfacet
  facet normal -0.00996139 0.00133427 -0.00198144
    outer loop
      vertex -0.991445 0 -0.130526
      vertex -0.98131 0.0776457 -0.129192
      vertex -0.965926 0 -0.258819
    endloop
  endfacet
  facet normal -0.00985956 0.00132063 -0.00196119
    outer loop
      vertex -0.98131 0.0776457 -0.129192
      vertex -0.956052 0.0776457 -0.256173
      vertex -0.965926 0 -0.258819
    endloop
  endfacet
  facet normal -0.00918765 0.0038719 -0.00182754
    outer loop
      vertex -0.98131 0.0776457 -0.129192
      vertex -0.951596 0.15 -0.12528
      vertex -0.956052 0.0776457 -0.256173
    endloop
  endfacet
  facet normal -0.00890945 0.00375466 -0.0017722
    outer loop
      vertex -0.951596 0.15 -0.12528
      vertex -0.927103 0.15 -0.248416
      vertex -0.956052 0.0776457 -0.256173
    endloop
  endfacet
  facet normal -0.00765072 0.0059728 -0.00152182
    outer loop
      vertex -0.951596 0.15 -0.12528
      vertex -0.904329 0.212132 -0.119057
      vertex -0.927103 0.15 -0.248416
    endloop
  endfacet
  facet normal -0.00727069 0.00567612 -0.00144623
    outer loop
      vertex -0.904329 0.212132 -0.119057
      vertex -0.881052 0.212132 -0.236077
      vertex -0.927103 0.15 -0.248416
    endloop
  endfacet
  facet normal -0.005579 0.00739726 -0.00110973
    outer loop
      vertex -0.904329 0.212132 -0.119057
      vertex -0.842728 0.259808 -0.110947
      vertex -0.881052 0.212132 -0.236077
    endloop
  endfacet
  facet normal -0.00519897 0.00689338 -0.00103414
    outer loop
      vertex -0.842728 0.259808 -0.110947
      vertex -0.821037 0.259808 -0.219996
      vertex -0.881052 0.212132 -0.236077
    endloop
  endfacet
  facet normal -0.00326821 0.00802751 -0.000650087
    outer loop
      vertex -0.842728 0.259808 -0.110947
      vertex -0.770993 0.289778 -0.101503
      vertex -0.821037 0.259808 -0.219996
    endloop
  endfacet
  facet normal -0.00299001 0.00734419 -0.00059475
    outer loop
      vertex -0.770993 0.289778 -0.101503
      vertex -0.751148 0.289778 -0.20127
      vertex -0.821037 0.259808 -0.219996
    endloop
  endfacet
  facet normal -0.00101984 0.00788128 -0.000202858
    outer loop
      vertex -0.770993 0.289778 -0.101503
      vertex -0.694011 0.3 -0.0913683
      vertex -0.751148 0.289778 -0.20127
    endloop
  endfacet
  facet normal -0.000918009 0.00709436 -0.000182603
    outer loop
      vertex -0.694011 0.3 -0.0913683
      vertex -0.676148 0.3 -0.181173
      vertex -0.751148 0.289778 -0.20127
    endloop
  endfacet
  facet normal 0.000918009 0.00709436 0.000182603
    outer loop
      vertex -0.694011 0.3 -0.0913683
      vertex -0.61703 0.289778 -0.0812335
      vertex -0.676148 0.3 -0.181173
    endloop
  endfacet
  facet normal 0.000816181 0.00630744 0.000162349
    outer loop
      vertex -0.61703 0.289778 -0.0812335
      vertex -0.601148 0.289778 -0.161077
      vertex -0.676148 0.3 -0.181173
    endloop
  endfacet
  facet normal 0.00239292 0.00587759 0.000475982
    outer loop
      vertex -0.61703 0.289778 -0.0812335
      vertex -0.545295 0.259808 -0.0717894
      vertex -0.601148 0.289778 -0.161077
    endloop
  endfacet
  facet normal 0.00211472 0.00519427 0.000420645
    outer loop
      vertex -0.545295 0.259808 -0.0717894
      vertex -0.531259 0.259808 -0.14235
      vertex -0.601148 0.289778 -0.161077
    endloop
  endfacet
  facet normal 0.00336404 0.00446042 0.000669149
    outer loop
      vertex -0.545295 0.259808 -0.0717894
      vertex -0.483694 0.212132 -0.0636795
      vertex -0.531259 0.259808 -0.14235
    endloop
  endfacet
  facet normal 0.00298401 0.00395654 0.000593557
    outer loop
      vertex -0.483694 0.212132 -0.0636795
      vertex -0.471244 0.212132 -0.12627
      vertex -0.531259 0.259808 -0.14235
    endloop
  endfacet
  facet normal 0.00388884 0.00303596 0.000773539
    outer loop
      vertex -0.483694 0.212132 -0.0636795
      vertex -0.436426 0.15 -0.0574566
      vertex -0.471244 0.212132 -0.12627
    endloop
  endfacet
  facet normal 0.00350882 0.00273928 0.000697947
    outer loop
      vertex -0.436426 0.15 -0.0574566
      vertex -0.425193 0.15 -0.11393
      vertex -0.471244 0.212132 -0.12627
    endloop
  endfacet
  facet normal 0.0040861 0.00172198 0.000812776
    outer loop
      vertex -0.436426 0.15 -0.0574566
      vertex -0.406713 0.0776457 -0.0535447
      vertex -0.425193 0.15 -0.11393
    endloop
  endfacet
  facet normal 0.0038079 0.00160474 0.000757439
    outer loop
      vertex -0.406713 0.0776457 -0.0535447
      vertex -0.396244 0.0776457 -0.106173
      vertex -0.425193 0.15 -0.11393
    endloop
  endfacet
  facet normal 0.00408638 0.000547348 0.000812832
    outer loop
      vertex -0.406713 0.0776457 -0.0535447
      vertex -0.396578 9.69327e-16 -0.0522105
      vertex -0.396244 0.0776457 -0.106173
    endloop
  endfacet
  facet normal 0.00398456 0.000533709 0.000792577
    outer loop
      vertex -0.396578 9.69327e-16 -0.0522105
      vertex -0.38637 9.69327e-16 -0.103528
      vertex -0.396244 0.0776457 -0.106173
    endloop
  endfacet
  facet normal 0.00398456 -0.000533709 0.000792577
    outer loop
      vertex -0.396578 9.69327e-16 -0.0522105
      vertex -0.406713 -0.0776457 -0.0535447
      vertex -0.38637 9.69327e-16 -0.103528
    endloop
  endfacet
  facet normal 0.00408638 -0.000547348 0.000812832
    outer loop
      vertex -0.406713 -0.0776457 -0.0535447
      vertex -0.396244 -0.0776457 -0.106173
      vertex -0.38637 9.69327e-16 -0.103528
    endloop
  endfacet
  facet normal 0.0038079 -0.00160474 0.000757439
    outer loop
      vertex -0.406713 -0.0776457 -0.0535447
      vertex -0.436426 -0.15 -0.0574566
      vertex -0.396244 -0.0776457 -0.106173
    endloop
  endfacet
  facet normal 0.0040861 -0.00172198 0.000812776
    outer loop
      vertex -0.436426 -0.15 -0.0574566
      vertex -0.425193 -0.15 -0.11393
      vertex -0.396244 -0.0776457 -0.106173
    endloop
  endfacet
  facet normal 0.00350882 -0.00273928 0.000697947
    outer loop
      vertex -0.436426 -0.15 -0.0574566
      vertex -0.483694 -0.212132 -0.0636795
      vertex -0.425193 -0.15 -0.11393
    endloop
  endfacet
  facet normal 0.00388884 -0.00303596 0.000773539
    outer loop
      vertex -0.483694 -0.212132 -0.0636795
      vertex -0.471244 -0.212132 -0.12627
      vertex -0.425193 -0.15 -0.11393
    endloop
  endfacet
  facet normal 0.00298401 -0.00395654 0.000593557
    outer loop
      vertex -0.483694 -0.212132 -0.0636795
      vertex -0.545295 -0.259808 -0.0717894
      vertex -0.471244 -0.212132 -0.12627
    endloop
  endfacet
  facet normal 0.00336404 -0.00446042 0.000669149
    outer loop
      vertex -0.545295 -0.259808 -0.0717894
      vertex -0.531259 -0.259808 -0.14235
      vertex -0.471244 -0.212132 -0.12627
    endloop
  endfacet
  facet normal 0.00211472 -0.00519427 0.000420645
    outer loop
      vertex -0.545295 -0.259808 -0.0717894
      vertex -0.61703 -0.289778 -0.0812335
      vertex -0.531259 -0.259808 -0.14235
    endloop
  endfacet
  facet normal 0.00239292 -0.00587759 0.000475982
    outer loop
      vertex -0.61703 -0.289778 -0.0812335
      vertex -0.601148 -0.289778 -0.161077
      vertex -0.531259 -0.259808 -0.14235
    endloop
  endfacet
  facet normal 0.000816181 -0.00630744 0.000162349
    outer loop
      vertex -0.61703 -0.289778 -0.0812335
      vertex -0.694011 -0.3 -0.0913683
      vertex -0.601148 -0.289778 -0.161077
    endloop
  endfacet
  facet normal 0.000918009 -0.00709436 0.000182603
    outer loop
      vertex -0.694011 -0.3 -0.0913683
      vertex -0.676148 -0.3 -0.181173
      vertex -0.601148 -0.289778 -0.161077
    endloop
  endfacet
  facet normal -0.000918009 -0.00709436 -0.000182603
    outer loop
      vertex -0.694011 -0.3 -0.0913683
      vertex -0.770993 -0.289778 -0.101503
      vertex -0.676148 -0.3 -0.181173
    endloop
  endfacet
  facet normal -0.00101984 -0.00788128 -0.000202858
    outer loop
      vertex -0.770993 -0.289778 -0.101503
      vertex -0.751148 -0.289778 -0.20127
      vertex -0.676148 -0.3 -0.181173
    endloop
  endfacet
  facet normal -0.00299001 -0.00734419 -0.00059475
    outer loop
      vertex -0.770993 -0.289778 -0.101503
      vertex -0.842728 -0.259808 -0.110947
      vertex -0.751148 -0.289778 -0.20127
    endloop
  endfacet
  facet normal -0.00326821 -0.00802751 -0.000650087
    outer loop
      vertex -0.842728 -0.259808 -0.110947
      vertex -0.821037 -0.259808 -0.219996
      vertex -0.751148 -0.289778 -0.20127
    endloop
  endfacet
  facet normal -0.00519897 -0.00689338 -0.00103414
    outer loop
      vertex -0.842728 -0.259808 -0.110947
      vertex -0.904329 -0.212132 -0.119057
      vertex -0.821037 -0.259808 -0.219996
    endloop
  endfacet
  facet normal -0.005579 -0.00739726 -0.00110973
    outer loop
      vertex -0.904329 -0.212132 -0.119057
      vertex -0.881052 -0.212132 -0.236077
      vertex -0.821037 -0.259808 -0.219996
    endloop
  endfacet
  facet normal -0.00727069 -0.00567612 -0.00144623
    outer loop
      vertex -0.904329 -0.212132 -0.119057
      vertex -0.951596 -0.15 -0.12528
      vertex -0.881052 -0.212132 -0.236077
    endloop
  endfacet
  facet normal -0.00765072 -0.0059728 -0.00152182
    outer loop
      vertex -0.951596 -0.15 -0.12528
      vertex -0.927103 -0.15 -0.248416
      vertex -0.881052 -0.212132 -0.236077
    endloop
  endfacet
  facet normal -0.00890945 -0.00375466 -0.0017722
    outer loop
      vertex -0.951596 -0.15 -0.12528
      vertex -0.98131 -0.0776457 -0.129192
      vertex -0.927103 -0.15 -0.248416
    endloop
  endfacet
  facet normal -0.00918765 -0.0038719 -0.00182754
    outer loop
      vertex -0.98131 -0.0776457 -0.129192
      vertex -0.956052 -0.0776457 -0.256173
      vertex -0.927103 -0.15 -0.248416
    endloop
  endfacet
  facet normal -0.00985956 -0.00132063 -0.00196119
    outer loop
      vertex -0.98131 -0.0776457 -0.129192
      vertex -0.991445 -1.93865e-15 -0.130526
      vertex -0.956052 -0.0776457 -0.256173
    endloop
  endfacet
  facet normal -0.00996139 -0.00133427 -0.00198144
    outer loop
      vertex -0.991445 -1.93865e-15 -0.130526
      vertex -0.965926 -1.93865e-15 -0.258819
      vertex -0.956052 -0.0776457 -0.256173
    endloop
  endfacet
  facet normal -0.00961754 0.00133427 -0.00326471
    outer loop
      vertex -0.965926 0 -0.258819
      vertex -0.956052 0.0776457 -0.256173
      vertex -0.92388 0 -0.382683
    endloop
  endfacet
  facet normal -0.00951923 0.00132063 -0.00323134
    outer loop
      vertex -0.956052 0.0776457 -0.256173
      vertex -0.914435 0.0776457 -0.378772
      vertex -0.92388 0 -0.382683
    endloop
  endfacet
  facet normal -0.00887051 0.0038719 -0.00301113
    outer loop
      vertex -0.956052 0.0776457 -0.256173
      vertex -0.927103 0.15 -0.248416
      vertex -0.914435 0.0776457 -0.378772
    endloop
  endfacet
  facet normal -0.00860191 0.00375466 -0.00291996
    outer loop
      vertex -0.927103 0.15 -0.248416
      vertex -0.886747 0.15 -0.367302
      vertex -0.914435 0.0776457 -0.378772
    endloop
  endfacet
  facet normal -0.00738663 0.0059728 -0.00250742
    outer loop
      vertex -0.927103 0.15 -0.248416
      vertex -0.881052 0.212132 -0.236077
      vertex -0.886747 0.15 -0.367302
    endloop
  endfacet
  facet normal -0.00701972 0.00567612 -0.00238287
    outer loop
      vertex -0.881052 0.212132 -0.236077
      vertex -0.8427 0.212132 -0.349058
      vertex -0.886747 0.15 -0.367302
    endloop
  endfacet
  facet normal -0.00538642 0.00739726 -0.00182844
    outer loop
      vertex -0.881052 0.212132 -0.236077
      vertex -0.821037 0.259808 -0.219996
      vertex -0.8427 0.212132 -0.349058
    endloop
  endfacet
  facet normal -0.00501951 0.00689338 -0.00170389
    outer loop
      vertex -0.821037 0.259808 -0.219996
      vertex -0.785298 0.259808 -0.325281
      vertex -0.8427 0.212132 -0.349058
    endloop
  endfacet
  facet normal -0.0031554 0.00802751 -0.00107111
    outer loop
      vertex -0.821037 0.259808 -0.219996
      vertex -0.751148 0.289778 -0.20127
      vertex -0.785298 0.259808 -0.325281
    endloop
  endfacet
  facet normal -0.0028868 0.00734419 -0.000979937
    outer loop
      vertex -0.751148 0.289778 -0.20127
      vertex -0.718451 0.289778 -0.297592
      vertex -0.785298 0.259808 -0.325281
    endloop
  endfacet
  facet normal -0.000984634 0.00788128 -0.000334238
    outer loop
      vertex -0.751148 0.289778 -0.20127
      vertex -0.676148 0.3 -0.181173
      vertex -0.718451 0.289778 -0.297592
    endloop
  endfacet
  facet normal -0.000886321 0.00709436 -0.000300865
    outer loop
      vertex -0.676148 0.3 -0.181173
      vertex -0.646716 0.3 -0.267878
      vertex -0.718451 0.289778 -0.297592
    endloop
  endfacet
  facet normal 0.000886321 0.00709436 0.000300865
    outer loop
      vertex -0.676148 0.3 -0.181173
      vertex -0.601148 0.289778 -0.161077
      vertex -0.646716 0.3 -0.267878
    endloop
  endfacet
  facet normal 0.000788008 0.00630744 0.000267493
    outer loop
      vertex -0.601148 0.289778 -0.161077
      vertex -0.57498 0.289778 -0.238165
      vertex -0.646716 0.3 -0.267878
    endloop
  endfacet
  facet normal 0.00231032 0.00587759 0.000784249
    outer loop
      vertex -0.601148 0.289778 -0.161077
      vertex -0.531259 0.259808 -0.14235
      vertex -0.57498 0.289778 -0.238165
    endloop
  endfacet
  facet normal 0.00204173 0.00519427 0.000693073
    outer loop
      vertex -0.531259 0.259808 -0.14235
      vertex -0.508134 0.259808 -0.210476
      vertex -0.57498 0.289778 -0.238165
    endloop
  endfacet
  facet normal 0.00324792 0.00446042 0.00110252
    outer loop
      vertex -0.531259 0.259808 -0.14235
      vertex -0.471244 0.212132 -0.12627
      vertex -0.508134 0.259808 -0.210476
    endloop
  endfacet
  facet normal 0.00288101 0.00395654 0.000977971
    outer loop
      vertex -0.471244 0.212132 -0.12627
      vertex -0.450731 0.212132 -0.186699
      vertex -0.508134 0.259808 -0.210476
    endloop
  endfacet
  facet normal 0.00375461 0.00303596 0.00127452
    outer loop
      vertex -0.471244 0.212132 -0.12627
      vertex -0.425193 0.15 -0.11393
      vertex -0.450731 0.212132 -0.186699
    endloop
  endfacet
  facet normal 0.0033877 0.00273928 0.00114997
    outer loop
      vertex -0.425193 0.15 -0.11393
      vertex -0.406685 0.15 -0.168454
      vertex -0.450731 0.212132 -0.186699
    endloop
  endfacet
  facet normal 0.00394506 0.00172198 0.00133917
    outer loop
      vertex -0.425193 0.15 -0.11393
      vertex -0.396244 0.0776457 -0.106173
      vertex -0.406685 0.15 -0.168454
    endloop
  endfacet
  facet normal 0.00367646 0.00160474 0.00124799
    outer loop
      vertex -0.396244 0.0776457 -0.106173
      vertex -0.378996 0.0776457 -0.156985
      vertex -0.406685 0.15 -0.168454
    endloop
  endfacet
  facet normal 0.00394533 0.000547348 0.00133926
    outer loop
      vertex -0.396244 0.0776457 -0.106173
      vertex -0.38637 9.69327e-16 -0.103528
      vertex -0.378996 0.0776457 -0.156985
    endloop
  endfacet
  facet normal 0.00384702 0.000533709 0.00130589
    outer loop
      vertex -0.38637 9.69327e-16 -0.103528
      vertex -0.369552 9.69327e-16 -0.153073
      vertex -0.378996 0.0776457 -0.156985
    endloop
  endfacet
  facet normal 0.00384702 -0.000533709 0.00130589
    outer loop
      vertex -0.38637 9.69327e-16 -0.103528
      vertex -0.396244 -0.0776457 -0.106173
      vertex -0.369552 9.69327e-16 -0.153073
    endloop
  endfacet
  facet normal 0.00394533 -0.000547348 0.00133926
    outer loop
      vertex -0.396244 -0.0776457 -0.106173
      vertex -0.378996 -0.0776457 -0.156985
      vertex -0.369552 9.69327e-16 -0.153073
    endloop
  endfacet
  facet normal 0.00367646 -0.00160474 0.00124799
    outer loop
      vertex -0.396244 -0.0776457 -0.106173
      vertex -0.425193 -0.15 -0.11393
      vertex -0.378996 -0.0776457 -0.156985
    endloop
  endfacet
  facet normal 0.00394506 -0.00172198 0.00133917
    outer loop
      vertex -0.425193 -0.15 -0.11393
      vertex -0.406685 -0.15 -0.168454
      vertex -0.378996 -0.0776457 -0.156985
    endloop
  endfacet
  facet normal 0.0033877 -0.00273928 0.00114997
    outer loop
      vertex -0.425193 -0.15 -0.11393
      vertex -0.471244 -0.212132 -0.12627
      vertex -0.406685 -0.15 -0.168454
    endloop
  endfacet
  facet normal 0.00375461 -0.00303596 0.00127452
    outer loop
      vertex -0.471244 -0.212132 -0.12627
      vertex -0.450731 -0.212132 -0.186699
      vertex -0.406685 -0.15 -0.168454
    endloop
  endfacet
  facet normal 0.00288101 -0.00395654 0.000977971
    outer loop
      vertex -0.471244 -0.212132 -0.12627
      vertex -0.531259 -0.259808 -0.14235
      vertex -0.450731 -0.212132 -0.186699
    endloop
  endfacet
  facet normal 0.00324792 -0.00446042 0.00110252
    outer loop
      vertex -0.531259 -0.259808 -0.14235
      vertex -0.508134 -0.259808 -0.210476
      vertex -0.450731 -0.212132 -0.186699
    endloop
  endfacet
  facet normal 0.00204173 -0.00519427 0.000693073
    outer loop
      vertex -0.531259 -0.259808 -0.14235
      vertex -0.601148 -0.289778 -0.161077
      vertex -0.508134 -0.259808 -0.210476
    endloop
  endfacet
  facet normal 0.00231032 -0.00587759 0.000784249
    outer loop
      vertex -0.601148 -0.289778 -0.161077
      vertex -0.57498 -0.289778 -0.238165
      vertex -0.508134 -0.259808 -0.210476
    endloop
  endfacet
  facet normal 0.000788008 -0.00630744 0.000267493
    outer loop
      vertex -0.601148 -0.289778 -0.161077
      vertex -0.676148 -0.3 -0.181173
      vertex -0.57498 -0.289778 -0.238165
    endloop
  endfacet
  facet normal 0.000886321 -0.00709436 0.000300865
    outer loop
      vertex -0.676148 -0.3 -0.181173
      vertex -0.646716 -0.3 -0.267878
      vertex -0.57498 -0.289778 -0.238165
    endloop
  endfacet
  facet normal -0.000886321 -0.00709436 -0.000300865
    outer loop
      vertex -0.676148 -0.3 -0.181173
      vertex -0.751148 -0.289778 -0.20127
      vertex -0.646716 -0.3 -0.267878
    endloop
  endfacet
  facet normal -0.000984634 -0.00788128 -0.000334238
    outer loop
      vertex -0.751148 -0.289778 -0.20127
      vertex -0.718451 -0.289778 -0.297592
      vertex -0.646716 -0.3 -0.267878
    endloop
  endfacet
  facet normal -0.0028868 -0.00734419 -0.000979937
    outer loop
      vertex -0.751148 -0.289778 -0.20127
      vertex -0.821037 -0.259808 -0.219996
      vertex -0.718451 -0.289778 -0.297592
    endloop
  endfacet
  facet normal -0.0031554 -0.00802751 -0.00107111
    outer loop
      vertex -0.821037 -0.259808 -0.219996
      vertex -0.785298 -0.259808 -0.325281
      vertex -0.718451 -0.289778 -0.297592
    endloop
  endfacet
  facet normal -0.00501951 -0.00689338 -0.00170389
    outer loop
      vertex -0.821037 -0.259808 -0.219996
      vertex -0.881052 -0.212132 -0.236077
      vertex -0.785298 -0.259808 -0.325281
    endloop
  endfacet
  facet normal -0.00538642 -0.00739726 -0.00182844
    outer loop
      vertex -0.881052 -0.212132 -0.236077
      vertex -0.8427 -0.212132 -0.349058
      vertex -0.785298 -0.259808 -0.325281
    endloop
  endfacet
  facet normal -0.00701972 -0.00567612 -0.00238287
    outer loop
      vertex -0.881052 -0.212132 -0.236077
      vertex -0.927103 -0.15 -0.248416
      vertex -0.8427 -0.212132 -0.349058
    endloop
  endfacet
  facet normal -0.00738663 -0.0059728 -0.00250742
    outer loop
      vertex -0.927103 -0.15 -0.248416
      vertex -0.886747 -0.15 -0.367302
      vertex -0.8427 -0.212132 -0.349058
    endloop
  endfacet
  facet normal -0.00860191 -0.00375466 -0.00291996
    outer loop
      vertex -0.927103 -0.15 -0.248416
      vertex -0.956052 -0.0776457 -0.256173
      vertex -0.886747 -0.15 -0.367302
    endloop
  endfacet
  facet normal -0.00887051 -0.0038719 -0.00301113
    outer loop
      vertex -0.956052 -0.0776457 -0.256173
      vertex -0.914435 -0.0776457 -0.378772
      vertex -0.886747 -0.15 -0.367302
    endloop
  endfacet
  facet normal -0.00951923 -0.00132063 -0.00323134
    outer loop
      vertex -0.956052 -0.0776457 -0.256173
      vertex -0.965926 -1.93865e-15 -0.258819
      vertex -0.914435 -0.0776457 -0.378772
    endloop
  endfacet
  facet normal -0.00961754 -0.00133427 -0.00326471
    outer loop
      vertex -0.965926 -1.93865e-15 -0.258819
      vertex -0.92388 -1.93865e-15 -0.382683
      vertex -0.914435 -0.0776457 -0.378772
    endloop
  endfacet
  facet normal -0.00910913 0.00133427 -0.00449213
    outer loop
      vertex -0.92388 0 -0.382683
      vertex -0.914435 0.0776457 -0.378772
      vertex -0.866025 0 -0.5
    endloop
  endfacet
  facet normal -0.00901601 0.00132063 -0.00444621
    outer loop
      vertex -0.914435 0.0776457 -0.378772
      vertex -0.857173 0.0776457 -0.494889
      vertex -0.866025 0 -0.5
    endloop
  endfacet
  facet normal -0.00840159 0.0038719 -0.0041432
    outer loop
      vertex -0.914435 0.0776457 -0.378772
      vertex -0.886747 0.15 -0.367302
      vertex -0.857173 0.0776457 -0.494889
    endloop
  endfacet
  facet normal -0.00814719 0.00375466 -0.00401775
    outer loop
      vertex -0.886747 0.15 -0.367302
      vertex -0.831218 0.15 -0.479904
      vertex -0.857173 0.0776457 -0.494889
    endloop
  endfacet
  facet normal -0.00699615 0.0059728 -0.00345012
    outer loop
      vertex -0.886747 0.15 -0.367302
      vertex -0.8427 0.212132 -0.349058
      vertex -0.831218 0.15 -0.479904
    endloop
  endfacet
  facet normal -0.00664864 0.00567612 -0.00327874
    outer loop
      vertex -0.8427 0.212132 -0.349058
      vertex -0.78993 0.212132 -0.456066
      vertex -0.831218 0.15 -0.479904
    endloop
  endfacet
  facet normal -0.00510168 0.00739726 -0.00251587
    outer loop
      vertex -0.8427 0.212132 -0.349058
      vertex -0.785298 0.259808 -0.325281
      vertex -0.78993 0.212132 -0.456066
    endloop
  endfacet
  facet normal -0.00475417 0.00689338 -0.0023445
    outer loop
      vertex -0.785298 0.259808 -0.325281
      vertex -0.736122 0.259808 -0.425
      vertex -0.78993 0.212132 -0.456066
    endloop
  endfacet
  facet normal -0.00298859 0.00802751 -0.00147381
    outer loop
      vertex -0.785298 0.259808 -0.325281
      vertex -0.718451 0.289778 -0.297592
      vertex -0.736122 0.259808 -0.425
    endloop
  endfacet
  facet normal -0.0027342 0.00734419 -0.00134836
    outer loop
      vertex -0.718451 0.289778 -0.297592
      vertex -0.673461 0.289778 -0.388823
      vertex -0.736122 0.259808 -0.425
    endloop
  endfacet
  facet normal -0.000932583 0.00788128 -0.000459899
    outer loop
      vertex -0.718451 0.289778 -0.297592
      vertex -0.646716 0.3 -0.267878
      vertex -0.673461 0.289778 -0.388823
    endloop
  endfacet
  facet normal -0.000839468 0.00709436 -0.00041398
    outer loop
      vertex -0.646716 0.3 -0.267878
      vertex -0.606218 0.3 -0.35
      vertex -0.673461 0.289778 -0.388823
    endloop
  endfacet
  facet normal 0.000839468 0.00709436 0.00041398
    outer loop
      vertex -0.646716 0.3 -0.267878
      vertex -0.57498 0.289778 -0.238165
      vertex -0.606218 0.3 -0.35
    endloop
  endfacet
  facet normal 0.000746352 0.00630744 0.00036806
    outer loop
      vertex -0.57498 0.289778 -0.238165
      vertex -0.538975 0.289778 -0.311177
      vertex -0.606218 0.3 -0.35
    endloop
  endfacet
  facet normal 0.00218819 0.00587759 0.0010791
    outer loop
      vertex -0.57498 0.289778 -0.238165
      vertex -0.508134 0.259808 -0.210476
      vertex -0.538975 0.289778 -0.311177
    endloop
  endfacet
  facet normal 0.0019338 0.00519427 0.000953643
    outer loop
      vertex -0.508134 0.259808 -0.210476
      vertex -0.476314 0.259808 -0.275
      vertex -0.538975 0.289778 -0.311177
    endloop
  endfacet
  facet normal 0.00307622 0.00446042 0.00151703
    outer loop
      vertex -0.508134 0.259808 -0.210476
      vertex -0.450731 0.212132 -0.186699
      vertex -0.476314 0.259808 -0.275
    endloop
  endfacet
  facet normal 0.00272871 0.00395654 0.00134565
    outer loop
      vertex -0.450731 0.212132 -0.186699
      vertex -0.422506 0.212132 -0.243934
      vertex -0.476314 0.259808 -0.275
    endloop
  endfacet
  facet normal 0.00355613 0.00303596 0.00175369
    outer loop
      vertex -0.450731 0.212132 -0.186699
      vertex -0.406685 0.15 -0.168454
      vertex -0.422506 0.212132 -0.243934
    endloop
  endfacet
  facet normal 0.00320861 0.00273928 0.00158231
    outer loop
      vertex -0.406685 0.15 -0.168454
      vertex -0.381218 0.15 -0.220096
      vertex -0.422506 0.212132 -0.243934
    endloop
  endfacet
  facet normal 0.00373651 0.00172198 0.00184264
    outer loop
      vertex -0.406685 0.15 -0.168454
      vertex -0.378996 0.0776457 -0.156985
      vertex -0.381218 0.15 -0.220096
    endloop
  endfacet
  facet normal 0.00348211 0.00160474 0.00171719
    outer loop
      vertex -0.378996 0.0776457 -0.156985
      vertex -0.355263 0.0776457 -0.205111
      vertex -0.381218 0.15 -0.220096
    endloop
  endfacet
  facet normal 0.00373677 0.000547348 0.00184277
    outer loop
      vertex -0.378996 0.0776457 -0.156985
      vertex -0.369552 9.69327e-16 -0.153073
      vertex -0.355263 0.0776457 -0.205111
    endloop
  endfacet
  facet normal 0.00364365 0.000533709 0.00179685
    outer loop
      vertex -0.369552 9.69327e-16 -0.153073
      vertex -0.34641 9.69327e-16 -0.2
      vertex -0.355263 0.0776457 -0.205111
    endloop
  endfacet
  facet normal 0.00364365 -0.000533709 0.00179685
    outer loop
      vertex -0.369552 9.69327e-16 -0.153073
      vertex -0.378996 -0.0776457 -0.156985
      vertex -0.34641 9.69327e-16 -0.2
    endloop
  endfacet
  facet normal 0.00373677 -0.000547348 0.00184277
    outer loop
      vertex -0.378996 -0.0776457 -0.156985
      vertex -0.355263 -0.0776457 -0.205111
      vertex -0.34641 9.69327e-16 -0.2
    endloop
  endfacet
  facet normal 0.00348211 -0.00160474 0.00171719
    outer loop
      vertex -0.378996 -0.0776457 -0.156985
      vertex -0.406685 -0.15 -0.168454
      vertex -0.355263 -0.0776457 -0.205111
    endloop
  endfacet
  facet normal 0.00373651 -0.00172198 0.00184264
    outer loop
      vertex -0.406685 -0.15 -0.168454
      vertex -0.381218 -0.15 -0.220096
      vertex -0.355263 -0.0776457 -0.205111
    endloop
  endfacet
  facet normal 0.00320861 -0.00273928 0.00158231
    outer loop
      vertex -0.406685 -0.15 -0.168454
      vertex -0.450731 -0.212132 -0.186699
      vertex -0.381218 -0.15 -0.220096
    endloop
  endfacet
  facet normal 0.00355613 -0.00303596 0.00175369
    outer loop
      vertex -0.450731 -0.212132 -0.186699
      vertex -0.422506 -0.212132 -0.243934
      vertex -0.381218 -0.15 -0.220096
    endloop
  endfacet
  facet normal 0.00272871 -0.00395654 0.00134565
    outer loop
      vertex -0.450731 -0.212132 -0.186699
      vertex -0.508134 -0.259808 -0.210476
      vertex -0.422506 -0.212132 -0.243934
    endloop
  endfacet
  facet normal 0.00307622 -0.00446042 0.00151703
    outer loop
      vertex -0.508134 -0.259808 -0.210476
      vertex -0.476314 -0.259808 -0.275
      vertex -0.422506 -0.212132 -0.243934
    endloop
  endfacet
  facet normal 0.0019338 -0.00519427 0.000953643
    outer loop
      vertex -0.508134 -0.259808 -0.210476
      vertex -0.57498 -0.289778 -0.238165
      vertex -0.476314 -0.259808 -0.275
    endloop
  endfacet
  facet normal 0.00218819 -0.00587759 0.0010791
    outer loop
      vertex -0.57498 -0.289778 -0.238165
      vertex -0.538975 -0.289778 -0.311177
      vertex -0.476314 -0.259808 -0.275
    endloop
  endfacet
  facet normal 0.000746352 -0.00630744 0.00036806
    outer loop
      vertex -0.57498 -0.289778 -0.238165
      vertex -0.646716 -0.3 -0.267878
      vertex -0.538975 -0.289778 -0.311177
    endloop
  endfacet
  facet normal 0.000839468 -0.00709436 0.00041398
    outer loop
      vertex -0.646716 -0.3 -0.267878
      vertex -0.606218 -0.3 -0.35
      vertex -0.538975 -0.289778 -0.311177
    endloop
  endfacet
  facet normal -0.000839468 -0.00709436 -0.00041398
    outer loop
      vertex -0.646716 -0.3 -0.267878
      vertex -0.718451 -0.289778 -0.297592
      vertex -0.606218 -0.3 -0.35
    endloop
  endfacet
  facet normal -0.000932583 -0.00788128 -0.000459899
    outer loop
      vertex -0.718451 -0.289778 -0.297592
      vertex -0.673461 -0.289778 -0.388823
      vertex -0.606218 -0.3 -0.35
    endloop
  endfacet
  facet normal -0.0027342 -0.00734419 -0.00134836
    outer loop
      vertex -0.718451 -0.289778 -0.297592
      vertex -0.785298 -0.259808 -0.325281
      vertex -0.673461 -0.289778 -0.388823
    endloop
  endfacet
  facet normal -0.00298859 -0.00802751 -0.00147381
    outer loop
      vertex -0.785298 -0.259808 -0.325281
      vertex -0.736122 -0.259808 -0.425
      vertex -0.673461 -0.289778 -0.388823
    endloop
  endfacet
  facet normal -0.00475417 -0.00689338 -0.0023445
    outer loop
      vertex -0.785298 -0.259808 -0.325281
      vertex -0.8427 -0.212132 -0.349058
      vertex -0.736122 -0.259808 -0.425
    endloop
  endfacet
  facet normal -0.00510168 -0.00739726 -0.00251587
    outer loop
      vertex -0.8427 -0.212132 -0.349058
      vertex -0.78993 -0.212132 -0.456066
      vertex -0.736122 -0.259808 -0.425
    endloop
  endfacet
  facet normal -0.00664864 -0.00567612 -0.00327874
    outer loop
      vertex -0.8427 -0.212132 -0.349058
      vertex -0.886747 -0.15 -0.367302
      vertex -0.78993 -0.212132 -0.456066
    endloop
  endfacet
  facet normal -0.00699615 -0.0059728 -0.00345012
    outer loop
      vertex -0.886747 -0.15 -0.367302
      vertex -0.831218 -0.15 -0.479904
      vertex -0.78993 -0.212132 -0.456066
    endloop
  endfacet
  facet normal -0.00814719 -0.00375466 -0.00401775
    outer loop
      vertex -0.886747 -0.15 -0.367302
      vertex -0.914435 -0.0776457 -0.378772
      vertex -0.831218 -0.15 -0.479904
    endloop
  endfacet
  facet normal -0.00840159 -0.0038719 -0.0041432
    outer loop
      vertex -0.914435 -0.0776457 -0.378772
      vertex -0.857173 -0.0776457 -0.494889
      vertex -0.831218 -0.15 -0.479904
    endloop
  endfacet
  facet normal -0.00901601 -0.00132063 -0.00444621
    outer loop
      vertex -0.914435 -0.0776457 -0.378772
      vertex -0.92388 -1.93865e-15 -0.382683
      vertex -0.857173 -0.0776457 -0.494889
    endloop
  endfacet
  facet normal -0.00910913 -0.00133427 -0.00449213
    outer loop
      vertex -0.92388 -1.93865e-15 -0.382683
      vertex -0.866025 -1.93865e-15 -0.5
      vertex -0.857173 -0.0776457 -0.494889
    endloop
  endfacet
  facet normal -0.00844486 0.00133427 -0.00564267
    outer loop
      vertex -0.866025 0 -0.5
      vertex -0.857173 0.0776457 -0.494889
      vertex -0.793353 0 -0.608761
    endloop
  endfacet
  facet normal -0.00835853 0.00132063 -0.00558499
    outer loop
      vertex -0.857173 0.0776457 -0.494889
      vertex -0.785243 0.0776457 -0.602539
      vertex -0.793353 0 -0.608761
    endloop
  endfacet
  facet normal -0.00778891 0.0038719 -0.00520439
    outer loop
      vertex -0.857173 0.0776457 -0.494889
      vertex -0.831218 0.15 -0.479904
      vertex -0.785243 0.0776457 -0.602539
    endloop
  endfacet
  facet normal -0.00755307 0.00375466 -0.0050468
    outer loop
      vertex -0.831218 0.15 -0.479904
      vertex -0.761467 0.15 -0.584294
      vertex -0.785243 0.0776457 -0.602539
    endloop
  endfacet
  facet normal -0.00648597 0.0059728 -0.00433378
    outer loop
      vertex -0.831218 0.15 -0.479904
      vertex -0.78993 0.212132 -0.456066
      vertex -0.761467 0.15 -0.584294
    endloop
  endfacet
  facet normal -0.0061638 0.00567612 -0.00411852
    outer loop
      vertex -0.78993 0.212132 -0.456066
      vertex -0.723643 0.212132 -0.555271
      vertex -0.761467 0.15 -0.584294
    endloop
  endfacet
  facet normal -0.00472965 0.00739726 -0.00316025
    outer loop
      vertex -0.78993 0.212132 -0.456066
      vertex -0.736122 0.259808 -0.425
      vertex -0.723643 0.212132 -0.555271
    endloop
  endfacet
  facet normal -0.00440748 0.00689338 -0.00294498
    outer loop
      vertex -0.736122 0.259808 -0.425
      vertex -0.67435 0.259808 -0.517447
      vertex -0.723643 0.212132 -0.555271
    endloop
  endfacet
  facet normal -0.00277065 0.00802751 -0.00185129
    outer loop
      vertex -0.736122 0.259808 -0.425
      vertex -0.673461 0.289778 -0.388823
      vertex -0.67435 0.259808 -0.517447
    endloop
  endfacet
  facet normal -0.00253481 0.00734419 -0.00169371
    outer loop
      vertex -0.673461 0.289778 -0.388823
      vertex -0.616948 0.289778 -0.473401
      vertex -0.67435 0.259808 -0.517447
    endloop
  endfacet
  facet normal -0.000864576 0.00788128 -0.000577691
    outer loop
      vertex -0.673461 0.289778 -0.388823
      vertex -0.606218 0.3 -0.35
      vertex -0.616948 0.289778 -0.473401
    endloop
  endfacet
  facet normal -0.000778251 0.00709436 -0.000520011
    outer loop
      vertex -0.606218 0.3 -0.35
      vertex -0.555347 0.3 -0.426133
      vertex -0.616948 0.289778 -0.473401
    endloop
  endfacet
  facet normal 0.000778251 0.00709436 0.000520011
    outer loop
      vertex -0.606218 0.3 -0.35
      vertex -0.538975 0.289778 -0.311177
      vertex -0.555347 0.3 -0.426133
    endloop
  endfacet
  facet normal 0.000691925 0.00630744 0.00046233
    outer loop
      vertex -0.538975 0.289778 -0.311177
      vertex -0.493747 0.289778 -0.378865
      vertex -0.555347 0.3 -0.426133
    endloop
  endfacet
  facet normal 0.00202862 0.00587759 0.00135548
    outer loop
      vertex -0.538975 0.289778 -0.311177
      vertex -0.476314 0.259808 -0.275
      vertex -0.493747 0.289778 -0.378865
    endloop
  endfacet
  facet normal 0.00179278 0.00519427 0.0011979
    outer loop
      vertex -0.476314 0.259808 -0.275
      vertex -0.436344 0.259808 -0.334819
      vertex -0.493747 0.289778 -0.378865
    endloop
  endfacet
  facet normal 0.0028519 0.00446042 0.00190558
    outer loop
      vertex -0.476314 0.259808 -0.275
      vertex -0.422506 0.212132 -0.243934
      vertex -0.436344 0.259808 -0.334819
    endloop
  endfacet
  facet normal 0.00252972 0.00395654 0.00169031
    outer loop
      vertex -0.422506 0.212132 -0.243934
      vertex -0.387052 0.212132 -0.296995
      vertex -0.436344 0.259808 -0.334819
    endloop
  endfacet
  facet normal 0.0032968 0.00303596 0.00220285
    outer loop
      vertex -0.422506 0.212132 -0.243934
      vertex -0.381218 0.15 -0.220096
      vertex -0.387052 0.212132 -0.296995
    endloop
  endfacet
  facet normal 0.00297463 0.00273928 0.00198758
    outer loop
      vertex -0.381218 0.15 -0.220096
      vertex -0.349228 0.15 -0.267972
      vertex -0.387052 0.212132 -0.296995
    endloop
  endfacet
  facet normal 0.00346403 0.00172198 0.00231459
    outer loop
      vertex -0.381218 0.15 -0.220096
      vertex -0.355263 0.0776457 -0.205111
      vertex -0.349228 0.15 -0.267972
    endloop
  endfacet
  facet normal 0.00322818 0.00160474 0.002157
    outer loop
      vertex -0.355263 0.0776457 -0.205111
      vertex -0.325451 0.0776457 -0.249727
      vertex -0.349228 0.15 -0.267972
    endloop
  endfacet
  facet normal 0.00346427 0.000547348 0.00231475
    outer loop
      vertex -0.355263 0.0776457 -0.205111
      vertex -0.34641 9.69327e-16 -0.2
      vertex -0.325451 0.0776457 -0.249727
    endloop
  endfacet
  facet normal 0.00337794 0.000533709 0.00225707
    outer loop
      vertex -0.34641 9.69327e-16 -0.2
      vertex -0.317341 9.69327e-16 -0.243505
      vertex -0.325451 0.0776457 -0.249727
    endloop
  endfacet
  facet normal 0.00337794 -0.000533709 0.00225707
    outer loop
      vertex -0.34641 9.69327e-16 -0.2
      vertex -0.355263 -0.0776457 -0.205111
      vertex -0.317341 9.69327e-16 -0.243505
    endloop
  endfacet
  facet normal 0.00346427 -0.000547348 0.00231475
    outer loop
      vertex -0.355263 -0.0776457 -0.205111
      vertex -0.325451 -0.0776457 -0.249727
      vertex -0.317341 9.69327e-16 -0.243505
    endloop
  endfacet
  facet normal 0.00322818 -0.00160474 0.002157
    outer loop
      vertex -0.355263 -0.0776457 -0.205111
      vertex -0.381218 -0.15 -0.220096
      vertex -0.325451 -0.0776457 -0.249727
    endloop
  endfacet
  facet normal 0.00346403 -0.00172198 0.00231459
    outer loop
      vertex -0.381218 -0.15 -0.220096
      vertex -0.349228 -0.15 -0.267972
      vertex -0.325451 -0.0776457 -0.249727
    endloop
  endfacet
  facet normal 0.00297463 -0.00273928 0.00198758
    outer loop
      vertex -0.381218 -0.15 -0.220096
      vertex -0.422506 -0.212132 -0.243934
      vertex -0.349228 -0.15 -0.267972
    endloop
  endfacet
  facet normal 0.0032968 -0.00303596 0.00220285
    outer loop
      vertex -0.422506 -0.212132 -0.243934
      vertex -0.387052 -0.212132 -0.296995
      vertex -0.349228 -0.15 -0.267972
    endloop
  endfacet
  facet normal 0.00252972 -0.00395654 0.00169031
    outer loop
      vertex -0.422506 -0.212132 -0.243934
      vertex -0.476314 -0.259808 -0.275
      vertex -0.387052 -0.212132 -0.296995
    endloop
  endfacet
  facet normal 0.0028519 -0.00446042 0.00190558
    outer loop
      vertex -0.476314 -0.259808 -0.275
      vertex -0.436344 -0.259808 -0.334819
      vertex -0.387052 -0.212132 -0.296995
    endloop
  endfacet
  facet normal 0.00179278 -0.00519427 0.0011979
    outer loop
      vertex -0.476314 -0.259808 -0.275
      vertex -0.538975 -0.289778 -0.311177
      vertex -0.436344 -0.259808 -0.334819
    endloop
  endfacet
  facet normal 0.00202862 -0.00587759 0.00135548
    outer loop
      vertex -0.538975 -0.289778 -0.311177
      vertex -0.493747 -0.289778 -0.378865
      vertex -0.436344 -0.259808 -0.334819
    endloop
  endfacet
  facet normal 0.000691925 -0.00630744 0.00046233
    outer loop
      vertex -0.538975 -0.289778 -0.311177
      vertex -0.606218 -0.3 -0.35
      vertex -0.493747 -0.289778 -0.378865
    endloop
  endfacet
  facet normal 0.000778251 -0.00709436 0.000520011
    outer loop
      vertex -0.606218 -0.3 -0.35
      vertex -0.555347 -0.3 -0.426133
      vertex -0.493747 -0.289778 -0.378865
    endloop
  endfacet
  facet normal -0.000778251 -0.00709436 -0.000520011
    outer loop
      vertex -0.606218 -0.3 -0.35
      vertex -0.673461 -0.289778 -0.388823
      vertex -0.555347 -0.3 -0.426133
    endloop
  endfacet
  facet normal -0.000864576 -0.00788128 -0.000577691
    outer loop
      vertex -0.673461 -0.289778 -0.388823
      vertex -0.616948 -0.289778 -0.473401
      vertex -0.555347 -0.3 -0.426133
    endloop
  endfacet
  facet normal -0.00253481 -0.00734419 -0.00169371
    outer loop
      vertex -0.673461 -0.289778 -0.388823
      vertex -0.736122 -0.259808 -0.425
      vertex -0.616948 -0.289778 -0.473401
    endloop
  endfacet
  facet normal -0.00277065 -0.00802751 -0.00185129
    outer loop
      vertex -0.736122 -0.259808 -0.425
      vertex -0.67435 -0.259808 -0.517447
      vertex -0.616948 -0.289778 -0.473401
    endloop
  endfacet
  facet normal -0.00440748 -0.00689338 -0.00294498
    outer loop
      vertex -0.736122 -0.259808 -0.425
      vertex -0.78993 -0.212132 -0.456066
      vertex -0.67435 -0.259808 -0.517447
    endloop
  endfacet
  facet normal -0.00472965 -0.00739726 -0.00316025
    outer loop
      vertex -0.78993 -0.212132 -0.456066
      vertex -0.723643 -0.212132 -0.555271
      vertex -0.67435 -0.259808 -0.517447
    endloop
  endfacet
  facet normal -0.0061638 -0.00567612 -0.00411852
    outer loop
      vertex -0.78993 -0.212132 -0.456066
      vertex -0.831218 -0.15 -0.479904
      vertex -0.723643 -0.212132 -0.555271
    endloop
  endfacet
  facet normal -0.00648597 -0.0059728 -0.00433378
    outer loop
      vertex -0.831218 -0.15 -0.479904
      vertex -0.761467 -0.15 -0.584294
      vertex -0.723643 -0.212132 -0.555271
    endloop
  endfacet
  facet normal -0.00755307 -0.00375466 -0.0050468
    outer loop
      vertex -0.831218 -0.15 -0.479904
      vertex -0.857173 -0.0776457 -0.494889
      vertex -0.761467 -0.15 -0.584294
    endloop
  endfacet
  facet normal -0.00778891 -0.0038719 -0.00520439
    outer loop
      vertex -0.857173 -0.0776457 -0.494889
      vertex -0.785243 -0.0776457 -0.602539
      vertex -0.761467 -0.15 -0.584294
    endloop
  endfacet
  facet normal -0.00835853 -0.00132063 -0.00558499
    outer loop
      vertex -0.857173 -0.0776457 -0.494889
      vertex -0.866025 -1.93865e-15 -0.5
      vertex -0.785243 -0.0776457 -0.602539
    endloop
  endfacet
  facet normal -0.00844486 -0.00133427 -0.00564267
    outer loop
      vertex -0.866025 -1.93865e-15 -0.5
      vertex -0.793353 -1.93865e-15 -0.608761
      vertex -0.785243 -0.0776457 -0.602539
    endloop
  endfacet
  facet normal -0.0076361 0.00133427 -0.00669668
    outer loop
      vertex -0.793353 0 -0.608761
      vertex -0.785243 0.0776457 -0.602539
      vertex -0.707107 0 -0.707107
    endloop
  endfacet
  facet normal -0.00755804 0.00132063 -0.00662822
    outer loop
      vertex -0.785243 0.0776457 -0.602539
      vertex -0.699879 0.0776457 -0.699879
      vertex -0.707107 0 -0.707107
    endloop
  endfacet
  facet normal -0.00704297 0.0038719 -0.00617652
    outer loop
      vertex -0.785243 0.0776457 -0.602539
      vertex -0.761467 0.15 -0.584294
      vertex -0.699879 0.0776457 -0.699879
    endloop
  endfacet
  facet normal -0.00682971 0.00375466 -0.0059895
    outer loop
      vertex -0.761467 0.15 -0.584294
      vertex -0.678686 0.15 -0.678686
      vertex -0.699879 0.0776457 -0.699879
    endloop
  endfacet
  facet normal -0.00586481 0.0059728 -0.0051433
    outer loop
      vertex -0.761467 0.15 -0.584294
      vertex -0.723643 0.212132 -0.555271
      vertex -0.678686 0.15 -0.678686
    endloop
  endfacet
  facet normal -0.00557349 0.00567612 -0.00488782
    outer loop
      vertex -0.723643 0.212132 -0.555271
      vertex -0.644975 0.212132 -0.644975
      vertex -0.678686 0.15 -0.678686
    endloop
  endfacet
  facet normal -0.00427669 0.00739726 -0.00375055
    outer loop
      vertex -0.723643 0.212132 -0.555271
      vertex -0.67435 0.259808 -0.517447
      vertex -0.644975 0.212132 -0.644975
    endloop
  endfacet
  facet normal -0.00398537 0.00689338 -0.00349508
    outer loop
      vertex -0.67435 0.259808 -0.517447
      vertex -0.601041 0.259808 -0.601041
      vertex -0.644975 0.212132 -0.644975
    endloop
  endfacet
  facet normal -0.00250531 0.00802751 -0.0021971
    outer loop
      vertex -0.67435 0.259808 -0.517447
      vertex -0.616948 0.289778 -0.473401
      vertex -0.601041 0.259808 -0.601041
    endloop
  endfacet
  facet normal -0.00229205 0.00734419 -0.00201007
    outer loop
      vertex -0.616948 0.289778 -0.473401
      vertex -0.549879 0.289778 -0.549879
      vertex -0.601041 0.259808 -0.601041
    endloop
  endfacet
  facet normal -0.000781776 0.00788128 -0.000685599
    outer loop
      vertex -0.616948 0.289778 -0.473401
      vertex -0.555347 0.3 -0.426133
      vertex -0.549879 0.289778 -0.549879
    endloop
  endfacet
  facet normal -0.000703718 0.00709436 -0.000617144
    outer loop
      vertex -0.555347 0.3 -0.426133
      vertex -0.494975 0.3 -0.494975
      vertex -0.549879 0.289778 -0.549879
    endloop
  endfacet
  facet normal 0.000703718 0.00709436 0.000617144
    outer loop
      vertex -0.555347 0.3 -0.426133
      vertex -0.493747 0.289778 -0.378865
      vertex -0.494975 0.3 -0.494975
    endloop
  endfacet
  facet normal 0.00062566 0.00630744 0.000548689
    outer loop
      vertex -0.493747 0.289778 -0.378865
      vertex -0.440071 0.289778 -0.440071
      vertex -0.494975 0.3 -0.494975
    endloop
  endfacet
  facet normal 0.00183434 0.00587759 0.00160867
    outer loop
      vertex -0.493747 0.289778 -0.378865
      vertex -0.436344 0.259808 -0.334819
      vertex -0.440071 0.289778 -0.440071
    endloop
  endfacet
  facet normal 0.00162108 0.00519427 0.00142165
    outer loop
      vertex -0.436344 0.259808 -0.334819
      vertex -0.388909 0.259808 -0.388909
      vertex -0.440071 0.289778 -0.440071
    endloop
  endfacet
  facet normal 0.00257877 0.00446042 0.00226152
    outer loop
      vertex -0.436344 0.259808 -0.334819
      vertex -0.387052 0.212132 -0.296995
      vertex -0.388909 0.259808 -0.388909
    endloop
  endfacet
  facet normal 0.00228745 0.00395654 0.00200604
    outer loop
      vertex -0.387052 0.212132 -0.296995
      vertex -0.344975 0.212132 -0.344975
      vertex -0.388909 0.259808 -0.388909
    endloop
  endfacet
  facet normal 0.00298107 0.00303596 0.00261433
    outer loop
      vertex -0.387052 0.212132 -0.296995
      vertex -0.349228 0.15 -0.267972
      vertex -0.344975 0.212132 -0.344975
    endloop
  endfacet
  facet normal 0.00268975 0.00273928 0.00235885
    outer loop
      vertex -0.349228 0.15 -0.267972
      vertex -0.311263 0.15 -0.311263
      vertex -0.344975 0.212132 -0.344975
    endloop
  endfacet
  facet normal 0.00313228 0.00172198 0.00274694
    outer loop
      vertex -0.349228 0.15 -0.267972
      vertex -0.325451 0.0776457 -0.249727
      vertex -0.311263 0.15 -0.311263
    endloop
  endfacet
  facet normal 0.00291902 0.00160474 0.00255991
    outer loop
      vertex -0.325451 0.0776457 -0.249727
      vertex -0.290071 0.0776457 -0.290071
      vertex -0.311263 0.15 -0.311263
    endloop
  endfacet
  facet normal 0.0031325 0.000547348 0.00274713
    outer loop
      vertex -0.325451 0.0776457 -0.249727
      vertex -0.317341 9.69327e-16 -0.243505
      vertex -0.290071 0.0776457 -0.290071
    endloop
  endfacet
  facet normal 0.00305444 0.000533709 0.00267867
    outer loop
      vertex -0.317341 9.69327e-16 -0.243505
      vertex -0.282843 9.69327e-16 -0.282843
      vertex -0.290071 0.0776457 -0.290071
    endloop
  endfacet
  facet normal 0.00305444 -0.000533709 0.00267867
    outer loop
      vertex -0.317341 9.69327e-16 -0.243505
      vertex -0.325451 -0.0776457 -0.249727
      vertex -0.282843 9.69327e-16 -0.282843
    endloop
  endfacet
  facet normal 0.0031325 -0.000547348 0.00274713
    outer loop
      vertex -0.325451 -0.0776457 -0.249727
      vertex -0.290071 -0.0776457 -0.290071
      vertex -0.282843 9.69327e-16 -0.282843
    endloop
  endfacet
  facet normal 0.00291902 -0.00160474 0.00255991
    outer loop
      vertex -0.325451 -0.0776457 -0.249727
      vertex -0.349228 -0.15 -0.267972
      vertex -0.290071 -0.0776457 -0.290071
    endloop
  endfacet
  facet normal 0.00313228 -0.00172198 0.00274694
    outer loop
      vertex -0.349228 -0.15 -0.267972
      vertex -0.311263 -0.15 -0.311263
      vertex -0.290071 -0.0776457 -0.290071
    endloop
  endfacet
  facet normal 0.00268975 -0.00273928 0.00235885
    outer loop
      vertex -0.349228 -0.15 -0.267972
      vertex -0.387052 -0.212132 -0.296995
      vertex -0.311263 -0.15 -0.311263
    endloop
  endfacet
  facet normal 0.00298107 -0.00303596 0.00261433
    outer loop
      vertex -0.387052 -0.212132 -0.296995
      vertex -0.344975 -0.212132 -0.344975
      vertex -0.311263 -0.15 -0.311263
    endloop
  endfacet
  facet normal 0.00228745 -0.00395654 0.00200604
    outer loop
      vertex -0.387052 -0.212132 -0.296995
      vertex -0.436344 -0.259808 -0.334819
      vertex -0.344975 -0.212132 -0.344975
    endloop
  endfacet
  facet normal 0.00257877 -0.00446042 0.00226152
    outer loop
      vertex -0.436344 -0.259808 -0.334819
      vertex -0.388909 -0.259808 -0.388909
      vertex -0.344975 -0.212132 -0.344975
    endloop
  endfacet
  facet normal 0.00162108 -0.00519427 0.00142165
    outer loop
      vertex -0.436344 -0.259808 -0.334819
      vertex -0.493747 -0.289778 -0.378865
      vertex -0.388909 -0.259808 -0.388909
    endloop
  endfacet
  facet normal 0.00183434 -0.00587759 0.00160867
    outer loop
      vertex -0.493747 -0.289778 -0.378865
      vertex -0.440071 -0.289778 -0.440071
      vertex -0.388909 -0.259808 -0.388909
    endloop
  endfacet
  facet normal 0.00062566 -0.00630744 0.000548689
    outer loop
      vertex -0.493747 -0.289778 -0.378865
      vertex -0.555347 -0.3 -0.426133
      vertex -0.440071 -0.289778 -0.440071
    endloop
  endfacet
  facet normal 0.000703718 -0.00709436 0.000617144
    outer loop
      vertex -0.555347 -0.3 -0.426133
      vertex -0.494975 -0.3 -0.494975
      vertex -0.440071 -0.289778 -0.440071
    endloop
  endfacet
  facet normal -0.000703718 -0.00709436 -0.000617144
    outer loop
      vertex -0.555347 -0.3 -0.426133
      vertex -0.616948 -0.289778 -0.473401
      vertex -0.494975 -0.3 -0.494975
    endloop
  endfacet
  facet normal -0.000781776 -0.00788128 -0.000685599
    outer loop
      vertex -0.616948 -0.289778 -0.473401
      vertex -0.549879 -0.289778 -0.549879
      vertex -0.494975 -0.3 -0.494975
    endloop
  endfacet
  facet normal -0.00229205 -0.00734419 -0.00201007
    outer loop
      vertex -0.616948 -0.289778 -0.473401
      vertex -0.67435 -0.259808 -0.517447
      vertex -0.549879 -0.289778 -0.549879
    endloop
  endfacet
  facet normal -0.00250531 -0.00802751 -0.0021971
    outer loop
      vertex -0.67435 -0.259808 -0.517447
      vertex -0.601041 -0.259808 -0.601041
      vertex -0.549879 -0.289778 -0.549879
    endloop
  endfacet
  facet normal -0.00398537 -0.00689338 -0.00349508
    outer loop
      vertex -0.67435 -0.259808 -0.517447
      vertex -0.723643 -0.212132 -0.555271
      vertex -0.601041 -0.259808 -0.601041
    endloop
  endfacet
  facet normal -0.00427669 -0.00739726 -0.00375055
    outer loop
      vertex -0.723643 -0.212132 -0.555271
      vertex -0.644975 -0.212132 -0.644975
      vertex -0.601041 -0.259808 -0.601041
    endloop
  endfacet
  facet normal -0.00557349 -0.00567612 -0.00488782
    outer loop
      vertex -0.723643 -0.212132 -0.555271
      vertex -0.761467 -0.15 -0.584294
      vertex -0.644975 -0.212132 -0.644975
    endloop
  endfacet
  facet normal -0.00586481 -0.0059728 -0.0051433
    outer loop
      vertex -0.761467 -0.15 -0.584294
      vertex -0.678686 -0.15 -0.678686
      vertex -0.644975 -0.212132 -0.644975
    endloop
  endfacet
  facet normal -0.00682971 -0.00375466 -0.0059895
    outer loop
      vertex -0.761467 -0.15 -0.584294
      vertex -0.785243 -0.0776457 -0.602539
      vertex -0.678686 -0.15 -0.678686
    endloop
  endfacet
  facet normal -0.00704297 -0.0038719 -0.00617652
    outer loop
      vertex -0.785243 -0.0776457 -0.602539
      vertex -0.699879 -0.0776457 -0.699879
      vertex -0.678686 -0.15 -0.678686
    endloop
  endfacet
  facet normal -0.00755804 -0.00132063 -0.00662822
    outer loop
      vertex -0.785243 -0.0776457 -0.602539
      vertex -0.793353 -1.93865e-15 -0.608761
      vertex -0.699879 -0.0776457 -0.699879
    endloop
  endfacet
  facet normal -0.0076361 -0.00133427 -0.00669668
    outer loop
      vertex -0.793353 -1.93865e-15 -0.608761
      vertex -0.707107 -1.93865e-15 -0.707107
      vertex -0.699879 -0.0776457 -0.699879
    endloop
  endfacet
  facet normal -0.00669668 0.00133427 -0.0076361
    outer loop
      vertex -0.707107 0 -0.707107
      vertex -0.699879 0.0776457 -0.699879
      vertex -0.608761 0 -0.793353
    endloop
  endfacet
  facet normal -0.00662822 0.00132063 -0.00755804
    outer loop
      vertex -0.699879 0.0776457 -0.699879
      vertex -0.602539 0.0776457 -0.785243
      vertex -0.608761 0 -0.793353
    endloop
  endfacet
  facet normal -0.00617652 0.0038719 -0.00704297
    outer loop
      vertex -0.699879 0.0776457 -0.699879
      vertex -0.678686 0.15 -0.678686
      vertex -0.602539 0.0776457 -0.785243
    endloop
  endfacet
  facet normal -0.0059895 0.00375466 -0.00682971
    outer loop
      vertex -0.678686 0.15 -0.678686
      vertex -0.584294 0.15 -0.761467
      vertex -0.602539 0.0776457 -0.785243
    endloop
  endfacet
  facet normal -0.0051433 0.0059728 -0.00586481
    outer loop
      vertex -0.678686 0.15 -0.678686
      vertex -0.644975 0.212132 -0.644975
      vertex -0.584294 0.15 -0.761467
    endloop
  endfacet
  facet normal -0.00488782 0.00567612 -0.00557349
    outer loop
      vertex -0.644975 0.212132 -0.644975
      vertex -0.555271 0.212132 -0.723643
      vertex -0.584294 0.15 -0.761467
    endloop
  endfacet
  facet normal -0.00375055 0.00739726 -0.00427669
    outer loop
      vertex -0.644975 0.212132 -0.644975
      vertex -0.601041 0.259808 -0.601041
      vertex -0.555271 0.212132 -0.723643
    endloop
  endfacet
  facet normal -0.00349508 0.00689338 -0.00398537
    outer loop
      vertex -0.601041 0.259808 -0.601041
      vertex -0.517447 0.259808 -0.67435
      vertex -0.555271 0.212132 -0.723643
    endloop
  endfacet
  facet normal -0.0021971 0.00802751 -0.00250531
    outer loop
      vertex -0.601041 0.259808 -0.601041
      vertex -0.549879 0.289778 -0.549879
      vertex -0.517447 0.259808 -0.67435
    endloop
  endfacet
  facet normal -0.00201007 0.00734419 -0.00229205
    outer loop
      vertex -0.549879 0.289778 -0.549879
      vertex -0.473401 0.289778 -0.616948
      vertex -0.517447 0.259808 -0.67435
    endloop
  endfacet
  facet normal -0.000685599 0.00788128 -0.000781776
    outer loop
      vertex -0.549879 0.289778 -0.549879
      vertex -0.494975 0.3 -0.494975
      vertex -0.473401 0.289778 -0.616948
    endloop
  endfacet
  facet normal -0.000617144 0.00709436 -0.000703718
    outer loop
      vertex -0.494975 0.3 -0.494975
      vertex -0.426133 0.3 -0.555347
      vertex -0.473401 0.289778 -0.616948
    endloop
  endfacet
  facet normal 0.000617144 0.00709436 0.000703718
    outer loop
      vertex -0.494975 0.3 -0.494975
      vertex -0.440071 0.289778 -0.440071
      vertex -0.426133 0.3 -0.555347
    endloop
  endfacet
  facet normal 0.000548689 0.00630744 0.00062566
    outer loop
      vertex -0.440071 0.289778 -0.440071
      vertex -0.378865 0.289778 -0.493747
      vertex -0.426133 0.3 -0.555347
    endloop
  endfacet
  facet normal 0.00160867 0.00587759 0.00183434
    outer loop
      vertex -0.440071 0.289778 -0.440071
      vertex -0.388909 0.259808 -0.388909
      vertex -0.378865 0.289778 -0.493747
    endloop
  endfacet
  facet normal 0.00142165 0.00519427 0.00162108
    outer loop
      vertex -0.388909 0.259808 -0.388909
      vertex -0.334819 0.259808 -0.436344
      vertex -0.378865 0.289778 -0.493747
    endloop
  endfacet
  facet normal 0.00226152 0.00446042 0.00257877
    outer loop
      vertex -0.388909 0.259808 -0.388909
      vertex -0.344975 0.212132 -0.344975
      vertex -0.334819 0.259808 -0.436344
    endloop
  endfacet
  facet normal 0.00200604 0.00395654 0.00228745
    outer loop
      vertex -0.344975 0.212132 -0.344975
      vertex -0.296995 0.212132 -0.387052
      vertex -0.334819 0.259808 -0.436344
    endloop
  endfacet
  facet normal 0.00261433 0.00303596 0.00298107
    outer loop
      vertex -0.344975 0.212132 -0.344975
      vertex -0.311263 0.15 -0.311263
      vertex -0.296995 0.212132 -0.387052
    endloop
  endfacet
  facet normal 0.00235885 0.00273928 0.00268975
    outer loop
      vertex -0.311263 0.15 -0.311263
      vertex -0.267972 0.15 -0.349228
      vertex -0.296995 0.212132 -0.387052
    endloop
  endfacet
  facet normal 0.00274694 0.00172198 0.00313228
    outer loop
      vertex -0.311263 0.15 -0.311263
      vertex -0.290071 0.0776457 -0.290071
      vertex -0.267972 0.15 -0.349228
    endloop
  endfacet
  facet normal 0.00255991 0.00160474 0.00291902
    outer loop
      vertex -0.290071 0.0776457 -0.290071
      vertex -0.249727 0.0776457 -0.325451
      vertex -0.267972 0.15 -0.349228
    endloop
  endfacet
  facet normal 0.00274713 0.000547348 0.0031325
    outer loop
      vertex -0.290071 0.0776457 -0.290071
      vertex -0.282843 9.69327e-16 -0.282843
      vertex -0.249727 0.0776457 -0.325451
    endloop
  endfacet
  facet normal 0.00267867 0.000533709 0.00305444
    outer loop
      vertex -0.282843 9.69327e-16 -0.282843
      vertex -0.243505 9.69327e-16 -0.317341
      vertex -0.249727 0.0776457 -0.325451
    endloop
  endfacet
  facet normal 0.00267867 -0.000533709 0.00305444
    outer loop
      vertex -0.282843 9.69327e-16 -0.282843
      vertex -0.290071 -0.0776457 -0.290071
      vertex -0.243505 9.69327e-16 -0.317341
    endloop
  endfacet
  facet normal 0.00274713 -0.000547348 0.0031325
    outer loop
      vertex -0.290071 -0.0776457 -0.290071
      vertex -0.249727 -0.0776457 -0.325451
      vertex -0.243505 9.69327e-16 -0.317341
    endloop
  endfacet
  facet normal 0.00255991 -0.00160474 0.00291902
    outer loop
      vertex -0.290071 -0.0776457 -0.290071
      vertex -0.311263 -0.15 -0.311263
      vertex -0.249727 -0.0776457 -0.325451
    endloop
  endfacet
  facet normal 0.00274694 -0.00172198 0.00313228
    outer loop
      vertex -0.311263 -0.15 -0.311263
      vertex -0.267972 -0.15 -0.349228
      vertex -0.249727 -0.0776457 -0.325451
    endloop
  endfacet
  facet normal 0.00235885 -0.00273928 0.00268975
    outer loop
      vertex -0.311263 -0.15 -0.311263
      vertex -0.344975 -0.212132 -0.344975
      vertex -0.267972 -0.15 -0.349228
    endloop
  endfacet
  facet normal 0.00261433 -0.00303596 0.00298107
    outer loop
      vertex -0.344975 -0.212132 -0.344975
      vertex -0.296995 -0.212132 -0.387052
      vertex -0.267972 -0.15 -0.349228
    endloop
  endfacet
  facet normal 0.00200604 -0.00395654 0.00228745
    outer loop
      vertex -0.344975 -0.212132 -0.344975
      vertex -0.388909 -0.259808 -0.388909
      vertex -0.296995 -0.212132 -0.387052
    endloop
  endfacet
  facet normal 0.00226152 -0.00446042 0.00257877
    outer loop
      vertex -0.388909 -0.259808 -0.388909
      vertex -0.334819 -0.259808 -0.436344
      vertex -0.296995 -0.212132 -0.387052
    endloop
  endfacet
  facet normal 0.00142165 -0.00519427 0.00162108
    outer loop
      vertex -0.388909 -0.259808 -0.388909
      vertex -0.440071 -0.289778 -0.440071
      vertex -0.334819 -0.259808 -0.436344
    endloop
  endfacet
  facet normal 0.00160867 -0.00587759 0.00183434
    outer loop
      vertex -0.440071 -0.289778 -0.440071
      vertex -0.378865 -0.289778 -0.493747
      vertex -0.334819 -0.259808 -0.436344
    endloop
  endfacet
  facet normal 0.000548689 -0.00630744 0.00062566
    outer loop
      vertex -0.440071 -0.289778 -0.440071
      vertex -0.494975 -0.3 -0.494975
      vertex -0.378865 -0.289778 -0.493747
    endloop
  endfacet
  facet normal 0.000617144 -0.00709436 0.000703718
    outer loop
      vertex -0.494975 -0.3 -0.494975
      vertex -0.426133 -0.3 -0.555347
      vertex -0.378865 -0.289778 -0.493747
    endloop
  endfacet
  facet normal -0.000617144 -0.00709436 -0.000703718
    outer loop
      vertex -0.494975 -0.3 -0.494975
      vertex -0.549879 -0.289778 -0.549879
      vertex -0.426133 -0.3 -0.555347
    endloop
  endfacet
  facet normal -0.000685599 -0.00788128 -0.000781776
    outer loop
      vertex -0.549879 -0.289778 -0.549879
      vertex -0.473401 -0.289778 -0.616948
      vertex -0.426133 -0.3 -0.555347
    endloop
  endfacet
  facet normal -0.00201007 -0.00734419 -0.00229205
    outer loop
      vertex -0.549879 -0.289778 -0.549879
      vertex -0.601041 -0.259808 -0.601041
      vertex -0.473401 -0.289778 -0.616948
    endloop
  endfacet
  facet normal -0.0021971 -0.00802751 -0.00250531
    outer loop
      vertex -0.601041 -0.259808 -0.601041
      vertex -0.517447 -0.259808 -0.67435
      vertex -0.473401 -0.289778 -0.616948
    endloop
  endfacet
  facet normal -0.00349508 -0.00689338 -0.00398537
    outer loop
      vertex -0.601041 -0.259808 -0.601041
      vertex -0.644975 -0.212132 -0.644975
      vertex -0.517447 -0.259808 -0.67435
    endloop
  endfacet
  facet normal -0.00375055 -0.00739726 -0.00427669
    outer loop
      vertex -0.644975 -0.212132 -0.644975
      vertex -0.555271 -0.212132 -0.723643
      vertex -0.517447 -0.259808 -0.67435
    endloop
  endfacet
  facet normal -0.00488782 -0.00567612 -0.00557349
    outer loop
      vertex -0.644975 -0.212132 -0.644975
      vertex -0.678686 -0.15 -0.678686
      vertex -0.555271 -0.212132 -0.723643
    endloop
  endfacet
  facet normal -0.0051433 -0.0059728 -0.00586481
    outer loop
      vertex -0.678686 -0.15 -0.678686
      vertex -0.584294 -0.15 -0.761467
      vertex -0.555271 -0.212132 -0.723643
    endloop
  endfacet
  facet normal -0.0059895 -0.00375466 -0.00682971
    outer loop
      vertex -0.678686 -0.15 -0.678686
      vertex -0.699879 -0.0776457 -0.699879
      vertex -0.584294 -0.15 -0.761467
    endloop
  endfacet
  facet normal -0.00617652 -0.0038719 -0.00704297
    outer loop
      vertex -0.699879 -0.0776457 -0.699879
      vertex -0.602539 -0.0776457 -0.785243
      vertex -0.584294 -0.15 -0.761467
    endloop
  endfacet
  facet normal -0.00662822 -0.00132063 -0.00755804
    outer loop
      vertex -0.699879 -0.0776457 -0.699879
      vertex -0.707107 -1.93865e-15 -0.707107
      vertex -0.602539 -0.0776457 -0.785243
    endloop
  endfacet
  facet normal -0.00669668 -0.00133427 -0.0076361
    outer loop
      vertex -0.707107 -1.93865e-15 -0.707107
      vertex -0.608761 -1.93865e-15 -0.793353
      vertex -0.602539 -0.0776457 -0.785243
    endloop
  endfacet
  facet normal -0.00564267 0.00133427 -0.00844486
    outer loop
      vertex -0.608761 0 -0.793353
      vertex -0.602539 0.0776457 -0.785243
      vertex -0.5 0 -0.866025
    endloop
  endfacet
  facet normal -0.00558499 0.00132063 -0.00835853
    outer loop
      vertex -0.602539 0.0776457 -0.785243
      vertex -0.494889 0.0776457 -0.857173
      vertex -0.5 0 -0.866025
    endloop
  endfacet
  facet normal -0.00520439 0.0038719 -0.00778891
    outer loop
      vertex -0.602539 0.0776457 -0.785243
      vertex -0.584294 0.15 -0.761467
      vertex -0.494889 0.0776457 -0.857173
    endloop
  endfacet
  facet normal -0.0050468 0.00375466 -0.00755307
    outer loop
      vertex -0.584294 0.15 -0.761467
      vertex -0.479904 0.15 -0.831218
      vertex -0.494889 0.0776457 -0.857173
    endloop
  endfacet
  facet normal -0.00433378 0.0059728 -0.00648597
    outer loop
      vertex -0.584294 0.15 -0.761467
      vertex -0.555271 0.212132 -0.723643
      vertex -0.479904 0.15 -0.831218
    endloop
  endfacet
  facet normal -0.00411852 0.00567612 -0.0061638
    outer loop
      vertex -0.555271 0.212132 -0.723643
      vertex -0.456066 0.212132 -0.78993
      vertex -0.479904 0.15 -0.831218
    endloop
  endfacet
  facet normal -0.00316025 0.00739726 -0.00472965
    outer loop
      vertex -0.555271 0.212132 -0.723643
      vertex -0.517447 0.259808 -0.67435
      vertex -0.456066 0.212132 -0.78993
    endloop
  endfacet
  facet normal -0.00294498 0.00689338 -0.00440748
    outer loop
      vertex -0.517447 0.259808 -0.67435
      vertex -0.425 0.259808 -0.736122
      vertex -0.456066 0.212132 -0.78993
    endloop
  endfacet
  facet normal -0.00185129 0.00802751 -0.00277065
    outer loop
      vertex -0.517447 0.259808 -0.67435
      vertex -0.473401 0.289778 -0.616948
      vertex -0.425 0.259808 -0.736122
    endloop
  endfacet
  facet normal -0.00169371 0.00734419 -0.00253481
    outer loop
      vertex -0.473401 0.289778 -0.616948
      vertex -0.388823 0.289778 -0.673461
      vertex -0.425 0.259808 -0.736122
    endloop
  endfacet
  facet normal -0.000577691 0.00788128 -0.000864576
    outer loop
      vertex -0.473401 0.289778 -0.616948
      vertex -0.426133 0.3 -0.555347
      vertex -0.388823 0.289778 -0.673461
    endloop
  endfacet
  facet normal -0.000520011 0.00709436 -0.000778251
    outer loop
      vertex -0.426133 0.3 -0.555347
      vertex -0.35 0.3 -0.606218
      vertex -0.388823 0.289778 -0.673461
    endloop
  endfacet
  facet normal 0.000520011 0.00709436 0.000778251
    outer loop
      vertex -0.426133 0.3 -0.555347
      vertex -0.378865 0.289778 -0.493747
      vertex -0.35 0.3 -0.606218
    endloop
  endfacet
  facet normal 0.00046233 0.00630744 0.000691925
    outer loop
      vertex -0.378865 0.289778 -0.493747
      vertex -0.311177 0.289778 -0.538975
      vertex -0.35 0.3 -0.606218
    endloop
  endfacet
  facet normal 0.00135548 0.00587759 0.00202862
    outer loop
      vertex -0.378865 0.289778 -0.493747
      vertex -0.334819 0.259808 -0.436344
      vertex -0.311177 0.289778 -0.538975
    endloop
  endfacet
  facet normal 0.0011979 0.00519427 0.00179278
    outer loop
      vertex -0.334819 0.259808 -0.436344
      vertex -0.275 0.259808 -0.476314
      vertex -0.311177 0.289778 -0.538975
    endloop
  endfacet
  facet normal 0.00190558 0.00446042 0.0028519
    outer loop
      vertex -0.334819 0.259808 -0.436344
      vertex -0.296995 0.212132 -0.387052
      vertex -0.275 0.259808 -0.476314
    endloop
  endfacet
  facet normal 0.00169031 0.00395654 0.00252972
    outer loop
      vertex -0.296995 0.212132 -0.387052
      vertex -0.243934 0.212132 -0.422506
      vertex -0.275 0.259808 -0.476314
    endloop
  endfacet
  facet normal 0.00220285 0.00303596 0.0032968
    outer loop
      vertex -0.296995 0.212132 -0.387052
      vertex -0.267972 0.15 -0.349228
      vertex -0.243934 0.212132 -0.422506
    endloop
  endfacet
  facet normal 0.00198758 0.00273928 0.00297463
    outer loop
      vertex -0.267972 0.15 -0.349228
      vertex -0.220096 0.15 -0.381218
      vertex -0.243934 0.212132 -0.422506
    endloop
  endfacet
  facet normal 0.00231459 0.00172198 0.00346403
    outer loop
      vertex -0.267972 0.15 -0.349228
      vertex -0.249727 0.0776457 -0.325451
      vertex -0.220096 0.15 -0.381218
    endloop
  endfacet
  facet normal 0.002157 0.00160474 0.00322818
    outer loop
      vertex -0.249727 0.0776457 -0.325451
      vertex -0.205111 0.0776457 -0.355263
      vertex -0.220096 0.15 -0.381218
    endloop
  endfacet
  facet normal 0.00231475 0.000547348 0.00346427
    outer loop
      vertex -0.249727 0.0776457 -0.325451
      vertex -0.243505 9.69327e-16 -0.317341
      vertex -0.205111 0.0776457 -0.355263
    endloop
  endfacet
  facet normal 0.00225707 0.000533709 0.00337794
    outer loop
      vertex -0.243505 9.69327e-16 -0.317341
      vertex -0.2 9.69327e-16 -0.34641
      vertex -0.205111 0.0776457 -0.355263
    endloop
  endfacet
  facet normal 0.00225707 -0.000533709 0.00337794
    outer loop
      vertex -0.243505 9.69327e-16 -0.317341
      vertex -0.249727 -0.0776457 -0.325451
      vertex -0.2 9.69327e-16 -0.34641
    endloop
  endfacet
  facet normal 0.00231475 -0.000547348 0.00346427
    outer loop
      vertex -0.249727 -0.0776457 -0.325451
      vertex -0.205111 -0.0776457 -0.355263
      vertex -0.2 9.69327e-16 -0.34641
    endloop
  endfacet
  facet normal 0.002157 -0.00160474 0.00322818
    outer loop
      vertex -0.249727 -0.0776457 -0.325451
      vertex -0.267972 -0.15 -0.349228
      vertex -0.205111 -0.0776457 -0.355263
    endloop
  endfacet
  facet normal 0.00231459 -0.00172198 0.00346403
    outer loop
      vertex -0.267972 -0.15 -0.349228
      vertex -0.220096 -0.15 -0.381218
      vertex -0.205111 -0.0776457 -0.355263
    endloop
  endfacet
  facet normal 0.00198758 -0.00273928 0.00297463
    outer loop
      vertex -0.267972 -0.15 -0.349228
      vertex -0.296995 -0.212132 -0.387052
      vertex -0.220096 -0.15 -0.381218
    endloop
  endfacet
  facet normal 0.00220285 -0.00303596 0.0032968
    outer loop
      vertex -0.296995 -0.212132 -0.387052
      vertex -0.243934 -0.212132 -0.422506
      vertex -0.220096 -0.15 -0.381218
    endloop
  endfacet
  facet normal 0.00169031 -0.00395654 0.00252972
    outer loop
      vertex -0.296995 -0.212132 -0.387052
      vertex -0.334819 -0.259808 -0.436344
      vertex -0.243934 -0.212132 -0.422506
    endloop
  endfacet
  facet normal 0.00190558 -0.00446042 0.0028519
    outer loop
      vertex -0.334819 -0.259808 -0.436344
      vertex -0.275 -0.259808 -0.476314
      vertex -0.243934 -0.212132 -0.422506
    endloop
  endfacet
  facet normal 0.0011979 -0.00519427 0.00179278
    outer loop
      vertex -0.334819 -0.259808 -0.436344
      vertex -0.378865 -0.289778 -0.493747
      vertex -0.275 -0.259808 -0.476314
    endloop
  endfacet
  facet normal 0.00135548 -0.00587759 0.00202862
    outer loop
      vertex -0.378865 -0.289778 -0.493747
      vertex -0.311177 -0.289778 -0.538975
      vertex -0.275 -0.259808 -0.476314
    endloop
  endfacet
  facet normal 0.00046233 -0.00630744 0.000691925
    outer loop
      vertex -0.378865 -0.289778 -0.493747
      vertex -0.426133 -0.3 -0.555347
      vertex -0.311177 -0.289778 -0.538975
    endloop
  endfacet
  facet normal 0.000520011 -0.00709436 0.000778251
    outer loop
      vertex -0.426133 -0.3 -0.555347
      vertex -0.35 -0.3 -0.606218
      vertex -0.311177 -0.289778 -0.538975
    endloop
  endfacet
  facet normal -0.000520011 -0.00709436 -0.000778251
    outer loop
      vertex -0.426133 -0.3 -0.555347
      vertex -0.473401 -0.289778 -0.616948
      vertex -0.35 -0.3 -0.606218
    endloop
  endfacet
  facet normal -0.000577691 -0.00788128 -0.000864576
    outer loop
      vertex -0.473401 -0.289778 -0.616948
      vertex -0.388823 -0.289778 -0.673461
      vertex -0.35 -0.3 -0.606218
    endloop
  endfacet
  facet normal -0.00169371 -0.00734419 -0.00253481
    outer loop
      vertex -0.473401 -0.289778 -0.616948
      vertex -0.517447 -0.259808 -0.67435
      vertex -0.388823 -0.289778 -0.673461
    endloop
  endfacet
  facet normal -0.00185129 -0.00802751 -0.00277065
    outer loop
      vertex -0.517447 -0.259808 -0.67435
      vertex -0.425 -0.259808 -0.736122
      vertex -0.388823 -0.289778 -0.673461
    endloop
  endfacet
  facet normal -0.00294498 -0.00689338 -0.00440748
    outer loop
      vertex -0.517447 -0.259808 -0.67435
      vertex -0.555271 -0.212132 -0.723643
      vertex -0.425 -0.259808 -0.736122
    endloop
  endfacet
  facet normal -0.00316025 -0.00739726 -0.00472965
    outer loop
      vertex -0.555271 -0.212132 -0.723643
      vertex -0.456066 -0.212132 -0.78993
      vertex -0.425 -0.259808 -0.736122
    endloop
  endfacet
  facet normal -0.00411852 -0.00567612 -0.0061638
    outer loop
      vertex -0.555271 -0.212132 -0.723643
      vertex -0.584294 -0.15 -0.761467
      vertex -0.456066 -0.212132 -0.78993
    endloop
  endfacet
  facet normal -0.00433378 -0.0059728 -0.00648597
    outer loop
      vertex -0.584294 -0.15 -0.761467
      vertex -0.479904 -0.15 -0.831218
      vertex -0.456066 -0.212132 -0.78993
    endloop
  endfacet
  facet normal -0.0050468 -0.00375466 -0.00755307
    outer loop
      vertex -0.584294 -0.15 -0.761467
      vertex -0.602539 -0.0776457 -0.785243
      vertex -0.479904 -0.15 -0.831218
    endloop
  endfacet
  facet normal -0.00520439 -0.0038719 -0.00778891
    outer loop
      vertex -0.602539 -0.0776457 -0.785243
      vertex -0.494889 -0.0776457 -0.857173
      vertex -0.479904 -0.15 -0.831218
    endloop
  endfacet
  facet normal -0.00558499 -0.00132063 -0.00835853
    outer loop
      vertex -0.602539 -0.0776457 -0.785243
      vertex -0.608761 -1.93865e-15 -0.793353
      vertex -0.494889 -0.0776457 -0.857173
    endloop
  endfacet
  facet normal -0.00564267 -0.00133427 -0.00844486
    outer loop
      vertex -0.608761 -1.93865e-15 -0.793353
      vertex -0.5 -1.93865e-15 -0.866025
      vertex -0.494889 -0.0776457 -0.857173
    endloop
  endfacet
  facet normal -0.00449213 0.00133427 -0.00910913
    outer loop
      vertex -0.5 0 -0.866025
      vertex -0.494889 0.0776457 -0.857173
      vertex -0.382683 0 -0.92388
    endloop
  endfacet
  facet normal -0.00444621 0.00132063 -0.00901601
    outer loop
      vertex -0.494889 0.0776457 -0.857173
      vertex -0.378772 0.0776457 -0.914435
      vertex -0.382683 0 -0.92388
    endloop
  endfacet
  facet normal -0.0041432 0.0038719 -0.00840159
    outer loop
      vertex -0.494889 0.0776457 -0.857173
      vertex -0.479904 0.15 -0.831218
      vertex -0.378772 0.0776457 -0.914435
    endloop
  endfacet
  facet normal -0.00401775 0.00375466 -0.00814719
    outer loop
      vertex -0.479904 0.15 -0.831218
      vertex -0.367302 0.15 -0.886747
      vertex -0.378772 0.0776457 -0.914435
    endloop
  endfacet
  facet normal -0.00345012 0.0059728 -0.00699615
    outer loop
      vertex -0.479904 0.15 -0.831218
      vertex -0.456066 0.212132 -0.78993
      vertex -0.367302 0.15 -0.886747
    endloop
  endfacet
  facet normal -0.00327874 0.00567612 -0.00664864
    outer loop
      vertex -0.456066 0.212132 -0.78993
      vertex -0.349058 0.212132 -0.8427
      vertex -0.367302 0.15 -0.886747
    endloop
  endfacet
  facet normal -0.00251587 0.00739726 -0.00510168
    outer loop
      vertex -0.456066 0.212132 -0.78993
      vertex -0.425 0.259808 -0.736122
      vertex -0.349058 0.212132 -0.8427
    endloop
  endfacet
  facet normal -0.0023445 0.00689338 -0.00475417
    outer loop
      vertex -0.425 0.259808 -0.736122
      vertex -0.325281 0.259808 -0.785298
      vertex -0.349058 0.212132 -0.8427
    endloop
  endfacet
  facet normal -0.00147381 0.00802751 -0.00298859
    outer loop
      vertex -0.425 0.259808 -0.736122
      vertex -0.388823 0.289778 -0.673461
      vertex -0.325281 0.259808 -0.785298
    endloop
  endfacet
  facet normal -0.00134836 0.00734419 -0.0027342
    outer loop
      vertex -0.388823 0.289778 -0.673461
      vertex -0.297592 0.289778 -0.718451
      vertex -0.325281 0.259808 -0.785298
    endloop
  endfacet
  facet normal -0.000459899 0.00788128 -0.000932583
    outer loop
      vertex -0.388823 0.289778 -0.673461
      vertex -0.35 0.3 -0.606218
      vertex -0.297592 0.289778 -0.718451
    endloop
  endfacet
  facet normal -0.00041398 0.00709436 -0.000839468
    outer loop
      vertex -0.35 0.3 -0.606218
      vertex -0.267878 0.3 -0.646716
      vertex -0.297592 0.289778 -0.718451
    endloop
  endfacet
  facet normal 0.00041398 0.00709436 0.000839468
    outer loop
      vertex -0.35 0.3 -0.606218
      vertex -0.311177 0.289778 -0.538975
      vertex -0.267878 0.3 -0.646716
    endloop
  endfacet
  facet normal 0.00036806 0.00630744 0.000746352
    outer loop
      vertex -0.311177 0.289778 -0.538975
      vertex -0.238165 0.289778 -0.57498
      vertex -0.267878 0.3 -0.646716
    endloop
  endfacet
  facet normal 0.0010791 0.00587759 0.00218819
    outer loop
      vertex -0.311177 0.289778 -0.538975
      vertex -0.275 0.259808 -0.476314
      vertex -0.238165 0.289778 -0.57498
    endloop
  endfacet
  facet normal 0.000953643 0.00519427 0.0019338
    outer loop
      vertex -0.275 0.259808 -0.476314
      vertex -0.210476 0.259808 -0.508134
      vertex -0.238165 0.289778 -0.57498
    endloop
  endfacet
  facet normal 0.00151703 0.00446042 0.00307622
    outer loop
      vertex -0.275 0.259808 -0.476314
      vertex -0.243934 0.212132 -0.422506
      vertex -0.210476 0.259808 -0.508134
    endloop
  endfacet
  facet normal 0.00134565 0.00395654 0.00272871
    outer loop
      vertex -0.243934 0.212132 -0.422506
      vertex -0.186699 0.212132 -0.450731
      vertex -0.210476 0.259808 -0.508134
    endloop
  endfacet
  facet normal 0.00175369 0.00303596 0.00355613
    outer loop
      vertex -0.243934 0.212132 -0.422506
      vertex -0.220096 0.15 -0.381218
      vertex -0.186699 0.212132 -0.450731
    endloop
  endfacet
  facet normal 0.00158231 0.00273928 0.00320861
    outer loop
      vertex -0.220096 0.15 -0.381218
      vertex -0.168454 0.15 -0.406685
      vertex -0.186699 0.212132 -0.450731
    endloop
  endfacet
  facet normal 0.00184264 0.00172198 0.00373651
    outer loop
      vertex -0.220096 0.15 -0.381218
      vertex -0.205111 0.0776457 -0.355263
      vertex -0.168454 0.15 -0.406685
    endloop
  endfacet
  facet normal 0.00171719 0.00160474 0.00348211
    outer loop
      vertex -0.205111 0.0776457 -0.355263
      vertex -0.156985 0.0776457 -0.378996
      vertex -0.168454 0.15 -0.406685
    endloop
  endfacet
  facet normal 0.00184277 0.000547348 0.00373677
    outer loop
      vertex -0.205111 0.0776457 -0.355263
      vertex -0.2 9.69327e-16 -0.34641
      vertex -0.156985 0.0776457 -0.378996
    endloop
  endfacet
  facet normal 0.00179685 0.000533709 0.00364365
    outer loop
      vertex -0.2 9.69327e-16 -0.34641
      vertex -0.153073 9.69327e-16 -0.369552
      vertex -0.156985 0.0776457 -0.378996
    endloop
  endfacet
  facet normal 0.00179685 -0.000533709 0.00364365
    outer loop
      vertex -0.2 9.69327e-16 -0.34641
      vertex -0.205111 -0.0776457 -0.355263
      vertex -0.153073 9.69327e-16 -0.369552
    endloop
  endfacet
  facet normal 0.00184277 -0.000547348 0.00373677
    outer loop
      vertex -0.205111 -0.0776457 -0.355263
      vertex -0.156985 -0.0776457 -0.378996
      vertex -0.153073 9.69327e-16 -0.369552
    endloop
  endfacet
  facet normal 0.00171719 -0.00160474 0.00348211
    outer loop
      vertex -0.205111 -0.0776457 -0.355263
      vertex -0.220096 -0.15 -0.381218
      vertex -0.156985 -0.0776457 -0.378996
    endloop
  endfacet
  facet normal 0.00184264 -0.00172198 0.00373651
    outer loop
      vertex -0.220096 -0.15 -0.381218
      vertex -0.168454 -0.15 -0.406685
      vertex -0.156985 -0.0776457 -0.378996
    endloop
  endfacet
  facet normal 0.00158231 -0.00273928 0.00320861
    outer loop
      vertex -0.220096 -0.15 -0.381218
      vertex -0.243934 -0.212132 -0.422506
      vertex -0.168454 -0.15 -0.406685
    endloop
  endfacet
  facet normal 0.00175369 -0.00303596 0.00355613
    outer loop
      vertex -0.243934 -0.212132 -0.422506
      vertex -0.186699 -0.212132 -0.450731
      vertex -0.168454 -0.15 -0.406685
    endloop
  endfacet
  facet normal 0.00134565 -0.00395654 0.00272871
    outer loop
      vertex -0.243934 -0.212132 -0.422506
      vertex -0.275 -0.259808 -0.476314
      vertex -0.186699 -0.212132 -0.450731
    endloop
  endfacet
  facet normal 0.00151703 -0.00446042 0.00307622
    outer loop
      vertex -0.275 -0.259808 -0.476314
      vertex -0.210476 -0.259808 -0.508134
      vertex -0.186699 -0.212132 -0.450731
    endloop
  endfacet
  facet normal 0.000953643 -0.00519427 0.0019338
    outer loop
      vertex -0.275 -0.259808 -0.476314
      vertex -0.311177 -0.289778 -0.538975
      vertex -0.210476 -0.259808 -0.508134
    endloop
  endfacet
  facet normal 0.0010791 -0.00587759 0.00218819
    outer loop
      vertex -0.311177 -0.289778 -0.538975
      vertex -0.238165 -0.289778 -0.57498
      vertex -0.210476 -0.259808 -0.508134
    endloop
  endfacet
  facet normal 0.00036806 -0.00630744 0.000746352
    outer loop
      vertex -0.311177 -0.289778 -0.538975
      vertex -0.35 -0.3 -0.606218
      vertex -0.238165 -0.289778 -0.57498
    endloop
  endfacet
  facet normal 0.00041398 -0.00709436 0.000839468
    outer loop
      vertex -0.35 -0.3 -0.606218
      vertex -0.267878 -0.3 -0.646716
      vertex -0.238165 -0.289778 -0.57498
    endloop
  endfacet
  facet normal -0.00041398 -0.00709436 -0.000839468
    outer loop
      vertex -0.35 -0.3 -0.606218
      vertex -0.388823 -0.289778 -0.673461
      vertex -0.267878 -0.3 -0.646716
    endloop
  endfacet
  facet normal -0.000459899 -0.00788128 -0.000932583
    outer loop
      vertex -0.388823 -0.289778 -0.673461
      vertex -0.297592 -0.289778 -0.718451
      vertex -0.267878 -0.3 -0.646716
    endloop
  endfacet
  facet normal -0.00134836 -0.00734419 -0.0027342
    outer loop
      vertex -0.388823 -0.289778 -0.673461
      vertex -0.425 -0.259808 -0.736122
      vertex -0.297592 -0.289778 -0.718451
    endloop
  endfacet
  facet normal -0.00147381 -0.00802751 -0.00298859
    outer loop
      vertex -0.425 -0.259808 -0.736122
      vertex -0.325281 -0.259808 -0.785298
      vertex -0.297592 -0.289778 -0.718451
    endloop
  endfacet
  facet normal -0.0023445 -0.00689338 -0.00475417
    outer loop
      vertex -0.425 -0.259808 -0.736122
      vertex -0.456066 -0.212132 -0.78993
      vertex -0.325281 -0.259808 -0.785298
    endloop
  endfacet
  facet normal -0.00251587 -0.00739726 -0.00510168
    outer loop
      vertex -0.456066 -0.212132 -0.78993
      vertex -0.349058 -0.212132 -0.8427
      vertex -0.325281 -0.259808 -0.785298
    endloop
  endfacet
  facet normal -0.00327874 -0.00567612 -0.00664864
    outer loop
      vertex -0.456066 -0.212132 -0.78993
      vertex -0.479904 -0.15 -0.831218
      vertex -0.349058 -0.212132 -0.8427
    endloop
  endfacet
  facet normal -0.00345012 -0.0059728 -0.00699615
    outer loop
      vertex -0.479904 -0.15 -0.831218
      vertex -0.367302 -0.15 -0.886747
      vertex -0.349058 -0.212132 -0.8427
    endloop
  endfacet
  facet normal -0.00401775 -0.00375466 -0.00814719
    outer loop
      vertex -0.479904 -0.15 -0.831218
      vertex -0.494889 -0.0776457 -0.857173
      vertex -0.367302 -0.15 -0.886747
    endloop
  endfacet
  facet normal -0.0041432 -0.0038719 -0.00840159
    outer loop
      vertex -0.494889 -0.0776457 -0.857173
      vertex -0.378772 -0.0776457 -0.914435
      vertex -0.367302 -0.15 -0.886747
    endloop
  endfacet
  facet normal -0.00444621 -0.00132063 -0.00901601
    outer loop
      vertex -0.494889 -0.0776457 -0.857173
      vertex -0.5 -1.93865e-15 -0.866025
      vertex -0.378772 -0.0776457 -0.914435
    endloop
  endfacet
  facet normal -0.00449213 -0.00133427 -0.00910913
    outer loop
      vertex -0.5 -1.93865e-15 -0.866025
      vertex -0.382683 -1.93865e-15 -0.92388
      vertex -0.378772 -0.0776457 -0.914435
    endloop
  endfacet
  facet normal -0.00326471 0.00133427 -0.00961754
    outer loop
      vertex -0.382683 0 -0.92388
      vertex -0.378772 0.0776457 -0.914435
      vertex -0.258819 0 -0.965926
    endloop
  endfacet
  facet normal -0.00323134 0.00132063 -0.00951923
    outer loop
      vertex -0.378772 0.0776457 -0.914435
      vertex -0.256173 0.0776457 -0.956052
      vertex -0.258819 0 -0.965926
    endloop
  endfacet
  facet normal -0.00301113 0.0038719 -0.00887051
    outer loop
      vertex -0.378772 0.0776457 -0.914435
      vertex -0.367302 0.15 -0.886747
      vertex -0.256173 0.0776457 -0.956052
    endloop
  endfacet
  facet normal -0.00291996 0.00375466 -0.00860191
    outer loop
      vertex -0.367302 0.15 -0.886747
      vertex -0.248416 0.15 -0.927103
      vertex -0.256173 0.0776457 -0.956052
    endloop
  endfacet
  facet normal -0.00250742 0.0059728 -0.00738663
    outer loop
      vertex -0.367302 0.15 -0.886747
      vertex -0.349058 0.212132 -0.8427
      vertex -0.248416 0.15 -0.927103
    endloop
  endfacet
  facet normal -0.00238287 0.00567612 -0.00701972
    outer loop
      vertex -0.349058 0.212132 -0.8427
      vertex -0.236077 0.212132 -0.881052
      vertex -0.248416 0.15 -0.927103
    endloop
  endfacet
  facet normal -0.00182844 0.00739726 -0.00538642
    outer loop
      vertex -0.349058 0.212132 -0.8427
      vertex -0.325281 0.259808 -0.785298
      vertex -0.236077 0.212132 -0.881052
    endloop
  endfacet
  facet normal -0.00170389 0.00689338 -0.00501951
    outer loop
      vertex -0.325281 0.259808 -0.785298
      vertex -0.219996 0.259808 -0.821037
      vertex -0.236077 0.212132 -0.881052
    endloop
  endfacet
  facet normal -0.00107111 0.00802751 -0.0031554
    outer loop
      vertex -0.325281 0.259808 -0.785298
      vertex -0.297592 0.289778 -0.718451
      vertex -0.219996 0.259808 -0.821037
    endloop
  endfacet
  facet normal -0.000979937 0.00734419 -0.0028868
    outer loop
      vertex -0.297592 0.289778 -0.718451
      vertex -0.20127 0.289778 -0.751148
      vertex -0.219996 0.259808 -0.821037
    endloop
  endfacet
  facet normal -0.000334238 0.00788128 -0.000984634
    outer loop
      vertex -0.297592 0.289778 -0.718451
      vertex -0.267878 0.3 -0.646716
      vertex -0.20127 0.289778 -0.751148
    endloop
  endfacet
  facet normal -0.000300865 0.00709436 -0.000886321
    outer loop
      vertex -0.267878 0.3 -0.646716
      vertex -0.181173 0.3 -0.676148
      vertex -0.20127 0.289778 -0.751148
    endloop
  endfacet
  facet normal 0.000300865 0.00709436 0.000886321
    outer loop
      vertex -0.267878 0.3 -0.646716
      vertex -0.238165 0.289778 -0.57498
      vertex -0.181173 0.3 -0.676148
    endloop
  endfacet
  facet normal 0.000267493 0.00630744 0.000788008
    outer loop
      vertex -0.238165 0.289778 -0.57498
      vertex -0.161077 0.289778 -0.601148
      vertex -0.181173 0.3 -0.676148
    endloop
  endfacet
  facet normal 0.000784249 0.00587759 0.00231032
    outer loop
      vertex -0.238165 0.289778 -0.57498
      vertex -0.210476 0.259808 -0.508134
      vertex -0.161077 0.289778 -0.601148
    endloop
  endfacet
  facet normal 0.000693073 0.00519427 0.00204173
    outer loop
      vertex -0.210476 0.259808 -0.508134
      vertex -0.14235 0.259808 -0.531259
      vertex -0.161077 0.289778 -0.601148
    endloop
  endfacet
  facet normal 0.00110252 0.00446042 0.00324792
    outer loop
      vertex -0.210476 0.259808 -0.508134
      vertex -0.186699 0.212132 -0.450731
      vertex -0.14235 0.259808 -0.531259
    endloop
  endfacet
  facet normal 0.000977971 0.00395654 0.00288101
    outer loop
      vertex -0.186699 0.212132 -0.450731
      vertex -0.12627 0.212132 -0.471244
      vertex -0.14235 0.259808 -0.531259
    endloop
  endfacet
  facet normal 0.00127452 0.00303596 0.00375461
    outer loop
      vertex -0.186699 0.212132 -0.450731
      vertex -0.168454 0.15 -0.406685
      vertex -0.12627 0.212132 -0.471244
    endloop
  endfacet
  facet normal 0.00114997 0.00273928 0.0033877
    outer loop
      vertex -0.168454 0.15 -0.406685
      vertex -0.11393 0.15 -0.425193
      vertex -0.12627 0.212132 -0.471244
    endloop
  endfacet
  facet normal 0.00133917 0.00172198 0.00394506
    outer loop
      vertex -0.168454 0.15 -0.406685
      vertex -0.156985 0.0776457 -0.378996
      vertex -0.11393 0.15 -0.425193
    endloop
  endfacet
  facet normal 0.00124799 0.00160474 0.00367646
    outer loop
      vertex -0.156985 0.0776457 -0.378996
      vertex -0.106173 0.0776457 -0.396244
      vertex -0.11393 0.15 -0.425193
    endloop
  endfacet
  facet normal 0.00133926 0.000547348 0.00394533
    outer loop
      vertex -0.156985 0.0776457 -0.378996
      vertex -0.153073 9.69327e-16 -0.369552
      vertex -0.106173 0.0776457 -0.396244
    endloop
  endfacet
  facet normal 0.00130589 0.000533709 0.00384702
    outer loop
      vertex -0.153073 9.69327e-16 -0.369552
      vertex -0.103528 9.69327e-16 -0.38637
      vertex -0.106173 0.0776457 -0.396244
    endloop
  endfacet
  facet normal 0.00130589 -0.000533709 0.00384702
    outer loop
      vertex -0.153073 9.69327e-16 -0.369552
      vertex -0.156985 -0.0776457 -0.378996
      vertex -0.103528 9.69327e-16 -0.38637
    endloop
  endfacet
  facet normal 0.00133926 -0.000547348 0.00394533
    outer loop
      vertex -0.156985 -0.0776457 -0.378996
      vertex -0.106173 -0.0776457 -0.396244
      vertex -0.103528 9.69327e-16 -0.38637
    endloop
  endfacet
  facet normal 0.00124799 -0.00160474 0.00367646
    outer loop
      vertex -0.156985 -0.0776457 -0.378996
      vertex -0.168454 -0.15 -0.406685
      vertex -0.106173 -0.0776457 -0.396244
    endloop
  endfacet
  facet normal 0.00133917 -0.00172198 0.00394506
    outer loop
      vertex -0.168454 -0.15 -0.406685
      vertex -0.11393 -0.15 -0.425193
      vertex -0.106173 -0.0776457 -0.396244
    endloop
  endfacet
  facet normal 0.00114997 -0.00273928 0.0033877
    outer loop
      vertex -0.168454 -0.15 -0.406685
      vertex -0.186699 -0.212132 -0.450731
      vertex -0.11393 -0.15 -0.425193
    endloop
  endfacet
  facet normal 0.00127452 -0.00303596 0.00375461
    outer loop
      vertex -0.186699 -0.212132 -0.450731
      vertex -0.12627 -0.212132 -0.471244
      vertex -0.11393 -0.15 -0.425193
    endloop
  endfacet
  facet normal 0.000977971 -0.00395654 0.00288101
    outer loop
      vertex -0.186699 -0.212132 -0.450731
      vertex -0.210476 -0.259808 -0.508134
      vertex -0.12627 -0.212132 -0.471244
    endloop
  endfacet
  facet normal 0.00110252 -0.00446042 0.00324792
    outer loop
      vertex -0.210476 -0.259808 -0.508134
      vertex -0.14235 -0.259808 -0.531259
      vertex -0.12627 -0.212132 -0.471244
    endloop
  endfacet
  facet normal 0.000693073 -0.00519427 0.00204173
    outer loop
      vertex -0.210476 -0.259808 -0.508134
      vertex -0.238165 -0.289778 -0.57498
      vertex -0.14235 -0.259808 -0.531259
    endloop
  endfacet
  facet normal 0.000784249 -0.00587759 0.00231032
    outer loop
      vertex -0.238165 -0.289778 -0.57498
      vertex -0.161077 -0.289778 -0.601148
      vertex -0.14235 -0.259808 -0.531259
    endloop
  endfacet
  facet normal 0.000267493 -0.00630744 0.000788008
    outer loop
      vertex -0.238165 -0.289778 -0.57498
      vertex -0.267878 -0.3 -0.646716
      vertex -0.161077 -0.289778 -0.601148
    endloop
  endfacet
  facet normal 0.000300865 -0.00709436 0.000886321
    outer loop
      vertex -0.267878 -0.3 -0.646716
      vertex -0.181173 -0.3 -0.676148
      vertex -0.161077 -0.289778 -0.601148
    endloop
  endfacet
  facet normal -0.000300865 -0.00709436 -0.000886321
    outer loop
      vertex -0.267878 -0.3 -0.646716
      vertex -0.297592 -0.289778 -0.718451
      vertex -0.181173 -0.3 -0.676148
    endloop
  endfacet
  facet normal -0.000334238 -0.00788128 -0.000984634
    outer loop
      vertex -0.297592 -0.289778 -0.718451
      vertex -0.20127 -0.289778 -0.751148
      vertex -0.181173 -0.3 -0.676148
    endloop
  endfacet
  facet normal -0.000979937 -0.00734419 -0.0028868
    outer loop
      vertex -0.297592 -0.289778 -0.718451
      vertex -0.325281 -0.259808 -0.785298
      vertex -0.20127 -0.289778 -0.751148
    endloop
  endfacet
  facet normal -0.00107111 -0.00802751 -0.0031554
    outer loop
      vertex -0.325281 -0.259808 -0.785298
      vertex -0.219996 -0.259808 -0.821037
      vertex -0.20127 -0.289778 -0.751148
    endloop
  endfacet
  facet normal -0.00170389 -0.00689338 -0.00501951
    outer loop
      vertex -0.325281 -0.259808 -0.785298
      vertex -0.349058 -0.212132 -0.8427
      vertex -0.219996 -0.259808 -0.821037
    endloop
  endfacet
  facet normal -0.00182844 -0.00739726 -0.00538642
    outer loop
      vertex -0.349058 -0.212132 -0.8427
      vertex -0.236077 -0.212132 -0.881052
      vertex -0.219996 -0.259808 -0.821037
    endloop
  endfacet
  facet normal -0.00238287 -0.00567612 -0.00701972
    outer loop
      vertex -0.349058 -0.212132 -0.8427
      vertex -0.367302 -0.15 -0.886747
      vertex -0.236077 -0.212132 -0.881052
    endloop
  endfacet
  facet normal -0.00250742 -0.0059728 -0.00738663
    outer loop
      vertex -0.367302 -0.15 -0.886747
      vertex -0.248416 -0.15 -0.927103
      vertex -0.236077 -0.212132 -0.881052
    endloop
  endfacet
  facet normal -0.00291996 -0.00375466 -0.00860191
    outer loop
      vertex -0.367302 -0.15 -0.886747
      vertex -0.378772 -0.0776457 -0.914435
      vertex -0.248416 -0.15 -0.927103
    endloop
  endfacet
  facet normal -0.00301113 -0.0038719 -0.00887051
    outer loop
      vertex -0.378772 -0.0776457 -0.914435
      vertex -0.256173 -0.0776457 -0.956052
      vertex -0.248416 -0.15 -0.927103
    endloop
  endfacet
  facet normal -0.00323134 -0.00132063 -0.00951923
    outer loop
      vertex -0.378772 -0.0776457 -0.914435
      vertex -0.382683 -1.93865e-15 -0.92388
      vertex -0.256173 -0.0776457 -0.956052
    endloop
  endfacet
  facet normal -0.00326471 -0.00133427 -0.00961754
    outer loop
      vertex -0.382683 -1.93865e-15 -0.92388
      vertex -0.258819 -1.93865e-15 -0.965926
      vertex -0.256173 -0.0776457 -0.956052
    endloop
  endfacet
  facet normal -0.00198144 0.00133427 -0.00996139
    outer loop
      vertex -0.258819 0 -0.965926
      vertex -0.256173 0.0776457 -0.956052
      vertex -0.130526 0 -0.991445
    endloop
  endfacet
  facet normal -0.00196119 0.00132063 -0.00985956
    outer loop
      vertex -0.256173 0.0776457 -0.956052
      vertex -0.129192 0.0776457 -0.98131
      vertex -0.130526 0 -0.991445
    endloop
  endfacet
  facet normal -0.00182754 0.0038719 -0.00918765
    outer loop
      vertex -0.256173 0.0776457 -0.956052
      vertex -0.248416 0.15 -0.927103
      vertex -0.129192 0.0776457 -0.98131
    endloop
  endfacet
  facet normal -0.0017722 0.00375466 -0.00890945
    outer loop
      vertex -0.248416 0.15 -0.927103
      vertex -0.12528 0.15 -0.951596
      vertex -0.129192 0.0776457 -0.98131
    endloop
  endfacet
  facet normal -0.00152182 0.0059728 -0.00765072
    outer loop
      vertex -0.248416 0.15 -0.927103
      vertex -0.236077 0.212132 -0.881052
      vertex -0.12528 0.15 -0.951596
    endloop
  endfacet
  facet normal -0.00144623 0.00567612 -0.00727069
    outer loop
      vertex -0.236077 0.212132 -0.881052
      vertex -0.119057 0.212132 -0.904329
      vertex -0.12528 0.15 -0.951596
    endloop
  endfacet
  facet normal -0.00110973 0.00739726 -0.005579
    outer loop
      vertex -0.236077 0.212132 -0.881052
      vertex -0.219996 0.259808 -0.821037
      vertex -0.119057 0.212132 -0.904329
    endloop
  endfacet
  facet normal -0.00103414 0.00689338 -0.00519897
    outer loop
      vertex -0.219996 0.259808 -0.821037
      vertex -0.110947 0.259808 -0.842728
      vertex -0.119057 0.212132 -0.904329
    endloop
  endfacet
  facet normal -0.000650087 0.00802751 -0.00326821
    outer loop
      vertex -0.219996 0.259808 -0.821037
      vertex -0.20127 0.289778 -0.751148
      vertex -0.110947 0.259808 -0.842728
    endloop
  endfacet
  facet normal -0.00059475 0.00734419 -0.00299001
    outer loop
      vertex -0.20127 0.289778 -0.751148
      vertex -0.101503 0.289778 -0.770993
      vertex -0.110947 0.259808 -0.842728
    endloop
  endfacet
  facet normal -0.000202858 0.00788128 -0.00101984
    outer loop
      vertex -0.20127 0.289778 -0.751148
      vertex -0.181173 0.3 -0.676148
      vertex -0.101503 0.289778 -0.770993
    endloop
  endfacet
  facet normal -0.000182603 0.00709436 -0.000918009
    outer loop
      vertex -0.181173 0.3 -0.676148
      vertex -0.0913683 0.3 -0.694011
      vertex -0.101503 0.289778 -0.770993
    endloop
  endfacet
  facet normal 0.000182603 0.00709436 0.000918009
    outer loop
      vertex -0.181173 0.3 -0.676148
      vertex -0.161077 0.289778 -0.601148
      vertex -0.0913683 0.3 -0.694011
    endloop
  endfacet
  facet normal 0.000162349 0.00630744 0.000816181
    outer loop
      vertex -0.161077 0.289778 -0.601148
      vertex -0.0812335 0.289778 -0.61703
      vertex -0.0913683 0.3 -0.694011
    endloop
  endfacet
  facet normal 0.000475982 0.00587759 0.00239292
    outer loop
      vertex -0.161077 0.289778 -0.601148
      vertex -0.14235 0.259808 -0.531259
      vertex -0.0812335 0.289778 -0.61703
    endloop
  endfacet
  facet normal 0.000420645 0.00519427 0.00211472
    outer loop
      vertex -0.14235 0.259808 -0.531259
      vertex -0.0717894 0.259808 -0.545295
      vertex -0.0812335 0.289778 -0.61703
    endloop
  endfacet
  facet normal 0.000669149 0.00446042 0.00336404
    outer loop
      vertex -0.14235 0.259808 -0.531259
      vertex -0.12627 0.212132 -0.471244
      vertex -0.0717894 0.259808 -0.545295
    endloop
  endfacet
  facet normal 0.000593557 0.00395654 0.00298401
    outer loop
      vertex -0.12627 0.212132 -0.471244
      vertex -0.0636795 0.212132 -0.483694
      vertex -0.0717894 0.259808 -0.545295
    endloop
  endfacet
  facet normal 0.000773539 0.00303596 0.00388884
    outer loop
      vertex -0.12627 0.212132 -0.471244
      vertex -0.11393 0.15 -0.425193
      vertex -0.0636795 0.212132 -0.483694
    endloop
  endfacet
  facet normal 0.000697947 0.00273928 0.00350882
    outer loop
      vertex -0.11393 0.15 -0.425193
      vertex -0.0574566 0.15 -0.436426
      vertex -0.0636795 0.212132 -0.483694
    endloop
  endfacet
  facet normal 0.000812776 0.00172198 0.0040861
    outer loop
      vertex -0.11393 0.15 -0.425193
      vertex -0.106173 0.0776457 -0.396244
      vertex -0.0574566 0.15 -0.436426
    endloop
  endfacet
  facet normal 0.000757439 0.00160474 0.0038079
    outer loop
      vertex -0.106173 0.0776457 -0.396244
      vertex -0.0535447 0.0776457 -0.406713
      vertex -0.0574566 0.15 -0.436426
    endloop
  endfacet
  facet normal 0.000812832 0.000547348 0.00408638
    outer loop
      vertex -0.106173 0.0776457 -0.396244
      vertex -0.103528 9.69327e-16 -0.38637
      vertex -0.0535447 0.0776457 -0.406713
    endloop
  endfacet
  facet normal 0.000792577 0.000533709 0.00398456
    outer loop
      vertex -0.103528 9.69327e-16 -0.38637
      vertex -0.0522105 9.69327e-16 -0.396578
      vertex -0.0535447 0.0776457 -0.406713
    endloop
  endfacet
  facet normal 0.000792577 -0.000533709 0.00398456
    outer loop
      vertex -0.103528 9.69327e-16 -0.38637
      vertex -0.106173 -0.0776457 -0.396244
      vertex -0.0522105 9.69327e-16 -0.396578
    endloop
  endfacet
  facet normal 0.000812832 -0.000547348 0.00408638
    outer loop
      vertex -0.106173 -0.0776457 -0.396244
      vertex -0.0535447 -0.0776457 -0.406713
      vertex -0.0522105 9.69327e-16 -0.396578
    endloop
  endfacet
  facet normal 0.000757439 -0.00160474 0.0038079
    outer loop
      vertex -0.106173 -0.0776457 -0.396244
      vertex -0.11393 -0.15 -0.425193
      vertex -0.0535447 -0.0776457 -0.406713
    endloop
  endfacet
  facet normal 0.000812776 -0.00172198 0.0040861
    outer loop
      vertex -0.11393 -0.15 -0.425193
      vertex -0.0574566 -0.15 -0.436426
      vertex -0.0535447 -0.0776457 -0.406713
    endloop
  endfacet
  facet normal 0.000697947 -0.00273928 0.00350882
    outer loop
      vertex -0.11393 -0.15 -0.425193
      vertex -0.12627 -0.212132 -0.471244
      vertex -0.0574566 -0.15 -0.436426
    endloop
  endfacet
  facet normal 0.000773539 -0.00303596 0.00388884
    outer loop
      vertex -0.12627 -0.212132 -0.471244
      vertex -0.0636795 -0.212132 -0.483694
      vertex -0.0574566 -0.15 -0.436426
    endloop
  endfacet
  facet normal 0.000593557 -0.00395654 0.00298401
    outer loop
      vertex -0.12627 -0.212132 -0.471244
      vertex -0.14235 -0.259808 -0.531259
      vertex -0.0636795 -0.212132 -0.483694
    endloop
  endfacet
  facet normal 0.000669149 -0.00446042 0.00336404
    outer loop
      vertex -0.14235 -0.259808 -0.531259
      vertex -0.0717894 -0.259808 -0.545295
      vertex -0.0636795 -0.212132 -0.483694
    endloop
  endfacet
  facet normal 0.000420645 -0.00519427 0.00211472
    outer loop
      vertex -0.14235 -0.259808 -0.531259
      vertex -0.161077 -0.289778 -0.601148
      vertex -0.0717894 -0.259808 -0.545295
    endloop
  endfacet
  facet normal 0.000475982 -0.00587759 0.00239292
    outer loop
      vertex -0.161077 -0.289778 -0.601148
      vertex -0.0812335 -0.289778 -0.61703
      vertex -0.0717894 -0.259808 -0.545295
    endloop
  endfacet
  facet normal 0.000162349 -0.00630744 0.000816181
    outer loop
      vertex -0.161077 -0.289778 -0.601148
      vertex -0.181173 -0.3 -0.676148
      vertex -0.0812335 -0.289778 -0.61703
    endloop
  endfacet
  facet normal 0.000182603 -0.00709436 0.000918009
    outer loop
      vertex -0.181173 -0.3 -0.676148
      vertex -0.0913683 -0.3 -0.694011
      vertex -0.0812335 -0.289778 -0.61703
    endloop
  endfacet
  facet normal -0.000182603 -0.00709436 -0.000918009
    outer loop
      vertex -0.181173 -0.3 -0.676148
      vertex -0.20127 -0.289778 -0.751148
      vertex -0.0913683 -0.3 -0.694011
    endloop
  endfacet
  facet normal -0.000202858 -0.00788128 -0.00101984
    outer loop
      vertex -0.20127 -0.289778 -0.751148
      vertex -0.101503 -0.289778 -0.770993
      vertex -0.0913683 -0.3 -0.694011
    endloop
  endfacet
  facet normal -0.00059475 -0.00734419 -0.00299001
    outer loop
      vertex -0.20127 -0.289778 -0.751148
      vertex -0.219996 -0.259808 -0.821037
      vertex -0.101503 -0.289778 -0.770993
    endloop
  endfacet
  facet normal -0.000650087 -0.00802751 -0.00326821
    outer loop
      vertex -0.219996 -0.259808 -0.821037
      vertex -0.110947 -0.259808 -0.842728
      vertex -0.101503 -0.289778 -0.770993
    endloop
  endfacet
  facet normal -0.00103414 -0.00689338 -0.00519897
    outer loop
      vertex -0.219996 -0.259808 -0.821037
      vertex -0.236077 -0.212132 -0.881052
      vertex -0.110947 -0.259808 -0.842728
    endloop
  endfacet
  facet normal -0.00110973 -0.00739726 -0.005579
    outer loop
      vertex -0.236077 -0.212132 -0.881052
      vertex -0.119057 -0.212132 -0.904329
      vertex -0.110947 -0.259808 -0.842728
    endloop
  endfacet
  facet normal -0.00144623 -0.00567612 -0.00727069
    outer loop
      vertex -0.236077 -0.212132 -0.881052
      vertex -0.248416 -0.15 -0.927103
      vertex -0.119057 -0.212132 -0.904329
    endloop
  endfacet
  facet normal -0.00152182 -0.0059728 -0.00765072
    outer loop
      vertex -0.248416 -0.15 -0.927103
      vertex -0.12528 -0.15 -0.951596
      vertex -0.119057 -0.212132 -0.904329
    endloop
  endfacet
  facet normal -0.0017722 -0.00375466 -0.00890945
    outer loop
      vertex -0.248416 -0.15 -0.927103
      vertex -0.256173 -0.0776457 -0.956052
      vertex -0.12528 -0.15 -0.951596
    endloop
  endfacet
  facet normal -0.00182754 -0.0038719 -0.00918765
    outer loop
      vertex -0.256173 -0.0776457 -0.956052
      vertex -0.129192 -0.0776457 -0.98131
      vertex -0.12528 -0.15 -0.951596
    endloop
  endfacet
  facet normal -0.00196119 -0.00132063 -0.00985956
    outer loop
      vertex -0.256173 -0.0776457 -0.956052
      vertex -0.258819 -1.93865e-15 -0.965926
      vertex -0.129192 -0.0776457 -0.98131
    endloop
  endfacet
  facet normal -0.00198144 -0.00133427 -0.00996139
    outer loop
      vertex -0.258819 -1.93865e-15 -0.965926
      vertex -0.130526 -1.93865e-15 -0.991445
      vertex -0.129192 -0.0776457 -0.98131
    endloop
  endfacet
  facet normal -0.00066427 0.00133427 -0.0101348
    outer loop
      vertex -0.130526 0 -0.991445
      vertex -0.129192 0.0776457 -0.98131
      vertex -4.62459e-15 0 -1
    endloop
  endfacet
  facet normal -0.00065748 0.00132063 -0.0100312
    outer loop
      vertex -0.129192 0.0776457 -0.98131
      vertex -4.57732e-15 0.0776457 -0.989778
      vertex -4.62459e-15 0 -1
    endloop
  endfacet
  facet normal -0.000612673 0.0038719 -0.00934759
    outer loop
      vertex -0.129192 0.0776457 -0.98131
      vertex -0.12528 0.15 -0.951596
      vertex -4.57732e-15 0.0776457 -0.989778
    endloop
  endfacet
  facet normal -0.000594122 0.00375466 -0.00906455
    outer loop
      vertex -0.12528 0.15 -0.951596
      vertex -4.43872e-15 0.15 -0.959808
      vertex -4.57732e-15 0.0776457 -0.989778
    endloop
  endfacet
  facet normal -0.000510184 0.0059728 -0.0077839
    outer loop
      vertex -0.12528 0.15 -0.951596
      vertex -0.119057 0.212132 -0.904329
      vertex -4.43872e-15 0.15 -0.959808
    endloop
  endfacet
  facet normal -0.000484842 0.00567612 -0.00739726
    outer loop
      vertex -0.119057 0.212132 -0.904329
      vertex -4.21824e-15 0.212132 -0.912132
      vertex -4.43872e-15 0.15 -0.959808
    endloop
  endfacet
  facet normal -0.000372032 0.00739726 -0.00567612
    outer loop
      vertex -0.119057 0.212132 -0.904329
      vertex -0.110947 0.259808 -0.842728
      vertex -4.21824e-15 0.212132 -0.912132
    endloop
  endfacet
  facet normal -0.000346691 0.00689338 -0.00528948
    outer loop
      vertex -0.110947 0.259808 -0.842728
      vertex -3.9309e-15 0.259808 -0.85
      vertex -4.21824e-15 0.212132 -0.912132
    endloop
  endfacet
  facet normal -0.000217939 0.00802751 -0.0033251
    outer loop
      vertex -0.110947 0.259808 -0.842728
      vertex -0.101503 0.289778 -0.770993
      vertex -3.9309e-15 0.259808 -0.85
    endloop
  endfacet
  facet normal -0.000199387 0.00734419 -0.00304206
    outer loop
      vertex -0.101503 0.289778 -0.770993
      vertex -3.59629e-15 0.289778 -0.777646
      vertex -3.9309e-15 0.259808 -0.85
    endloop
  endfacet
  facet normal -6.80073e-05 0.00788128 -0.00103759
    outer loop
      vertex -0.101503 0.289778 -0.770993
      vertex -0.0913683 0.3 -0.694011
      vertex -3.59629e-15 0.289778 -0.777646
    endloop
  endfacet
  facet normal -6.12169e-05 0.00709436 -0.00093399
    outer loop
      vertex -0.0913683 0.3 -0.694011
      vertex -3.23721e-15 0.3 -0.7
      vertex -3.59629e-15 0.289778 -0.777646
    endloop
  endfacet
  facet normal 6.12169e-05 0.00709436 0.00093399
    outer loop
      vertex -0.0913683 0.3 -0.694011
      vertex -0.0812335 0.289778 -0.61703
      vertex -3.23721e-15 0.3 -0.7
    endloop
  endfacet
  facet normal 5.44266e-05 0.00630744 0.00083039
    outer loop
      vertex -0.0812335 0.289778 -0.61703
      vertex -2.87813e-15 0.289778 -0.622354
      vertex -3.23721e-15 0.3 -0.7
    endloop
  endfacet
  facet normal 0.000159571 0.00587759 0.00243458
    outer loop
      vertex -0.0812335 0.289778 -0.61703
      vertex -0.0717894 0.259808 -0.545295
      vertex -2.87813e-15 0.289778 -0.622354
    endloop
  endfacet
  facet normal 0.000141019 0.00519427 0.00215154
    outer loop
      vertex -0.0717894 0.259808 -0.545295
      vertex -2.54352e-15 0.259808 -0.55
      vertex -2.87813e-15 0.289778 -0.622354
    endloop
  endfacet
  facet normal 0.000224329 0.00446042 0.0034226
    outer loop
      vertex -0.0717894 0.259808 -0.545295
      vertex -0.0636795 0.212132 -0.483694
      vertex -2.54352e-15 0.259808 -0.55
    endloop
  endfacet
  facet normal 0.000198987 0.00395654 0.00303596
    outer loop
      vertex -0.0636795 0.212132 -0.483694
      vertex -2.25619e-15 0.212132 -0.487868
      vertex -2.54352e-15 0.259808 -0.55
    endloop
  endfacet
  facet normal 0.000259325 0.00303596 0.00395654
    outer loop
      vertex -0.0636795 0.212132 -0.483694
      vertex -0.0574566 0.15 -0.436426
      vertex -2.25619e-15 0.212132 -0.487868
    endloop
  endfacet
  facet normal 0.000233983 0.00273928 0.0035699
    outer loop
      vertex -0.0574566 0.15 -0.436426
      vertex -2.03571e-15 0.15 -0.440192
      vertex -2.25619e-15 0.212132 -0.487868
    endloop
  endfacet
  facet normal 0.00027248 0.00172198 0.00415723
    outer loop
      vertex -0.0574566 0.15 -0.436426
      vertex -0.0535447 0.0776457 -0.406713
      vertex -2.03571e-15 0.15 -0.440192
    endloop
  endfacet
  facet normal 0.000253928 0.00160474 0.00387419
    outer loop
      vertex -0.0535447 0.0776457 -0.406713
      vertex -1.89711e-15 0.0776457 -0.410222
      vertex -2.03571e-15 0.15 -0.440192
    endloop
  endfacet
  facet normal 0.000272498 0.000547348 0.00415752
    outer loop
      vertex -0.0535447 0.0776457 -0.406713
      vertex -0.0522105 9.69327e-16 -0.396578
      vertex -1.89711e-15 0.0776457 -0.410222
    endloop
  endfacet
  facet normal 0.000265708 0.000533709 0.00405392
    outer loop
      vertex -0.0522105 9.69327e-16 -0.396578
      vertex -1.84984e-15 9.69327e-16 -0.4
      vertex -1.89711e-15 0.0776457 -0.410222
    endloop
  endfacet
  facet normal 0.000265708 -0.000533709 0.00405392
    outer loop
      vertex -0.0522105 9.69327e-16 -0.396578
      vertex -0.0535447 -0.0776457 -0.406713
      vertex -1.84984e-15 9.69327e-16 -0.4
    endloop
  endfacet
  facet normal 0.000272498 -0.000547348 0.00415752
    outer loop
      vertex -0.0535447 -0.0776457 -0.406713
      vertex -1.89711e-15 -0.0776457 -0.410222
      vertex -1.84984e-15 9.69327e-16 -0.4
    endloop
  endfacet
  facet normal 0.000253928 -0.00160474 0.00387419
    outer loop
      vertex -0.0535447 -0.0776457 -0.406713
      vertex -0.0574566 -0.15 -0.436426
      vertex -1.89711e-15 -0.0776457 -0.410222
    endloop
  endfacet
  facet normal 0.00027248 -0.00172198 0.00415723
    outer loop
      vertex -0.0574566 -0.15 -0.436426
      vertex -2.03571e-15 -0.15 -0.440192
      vertex -1.89711e-15 -0.0776457 -0.410222
    endloop
  endfacet
  facet normal 0.000233983 -0.00273928 0.0035699
    outer loop
      vertex -0.0574566 -0.15 -0.436426
      vertex -0.0636795 -0.212132 -0.483694
      vertex -2.03571e-15 -0.15 -0.440192
    endloop
  endfacet
  facet normal 0.000259325 -0.00303596 0.00395654
    outer loop
      vertex -0.0636795 -0.212132 -0.483694
      vertex -2.25619e-15 -0.212132 -0.487868
      vertex -2.03571e-15 -0.15 -0.440192
    endloop
  endfacet
  facet normal 0.000198987 -0.00395654 0.00303596
    outer loop
      vertex -0.0636795 -0.212132 -0.483694
      vertex -0.0717894 -0.259808 -0.545295
      vertex -2.25619e-15 -0.212132 -0.487868
    endloop
  endfacet
  facet normal 0.000224329 -0.00446042 0.0034226
    outer loop
      vertex -0.0717894 -0.259808 -0.545295
      vertex -2.54352e-15 -0.259808 -0.55
      vertex -2.25619e-15 -0.212132 -0.487868
    endloop
  endfacet
  facet normal 0.000141019 -0.00519427 0.00215154
    outer loop
      vertex -0.0717894 -0.259808 -0.545295
      vertex -0.0812335 -0.289778 -0.61703
      vertex -2.54352e-15 -0.259808 -0.55
    endloop
  endfacet
  facet normal 0.000159571 -0.00587759 0.00243458
    outer loop
      vertex -0.0812335 -0.289778 -0.61703
      vertex -2.87813e-15 -0.289778 -0.622354
      vertex -2.54352e-15 -0.259808 -0.55
    endloop
  endfacet
  facet normal 5.44266e-05 -0.00630744 0.00083039
    outer loop
      vertex -0.0812335 -0.289778 -0.61703
      vertex -0.0913683 -0.3 -0.694011
      vertex -2.87813e-15 -0.289778 -0.622354
    endloop
  endfacet
  facet normal 6.12169e-05 -0.00709436 0.00093399
    outer loop
      vertex -0.0913683 -0.3 -0.694011
      vertex -3.23721e-15 -0.3 -0.7
      vertex -2.87813e-15 -0.289778 -0.622354
    endloop
  endfacet
  facet normal -6.12169e-05 -0.00709436 -0.00093399
    outer loop
      vertex -0.0913683 -0.3 -0.694011
      vertex -0.101503 -0.289778 -0.770993
      vertex -3.23721e-15 -0.3 -0.7
    endloop
  endfacet
  facet normal -6.80073e-05 -0.00788128 -0.00103759
    outer loop
      vertex -0.101503 -0.289778 -0.770993
      vertex -3.59629e-15 -0.289778 -0.777646
      vertex -3.23721e-15 -0.3 -0.7
    endloop
  endfacet
  facet normal -0.000199387 -0.00734419 -0.00304206
    outer loop
      vertex -0.101503 -0.289778 -0.770993
      vertex -0.110947 -0.259808 -0.842728
      vertex -3.59629e-15 -0.289778 -0.777646
    endloop
  endfacet
  facet normal -0.000217939 -0.00802751 -0.0033251
    outer loop
      vertex -0.110947 -0.259808 -0.842728
      vertex -3.9309e-15 -0.259808 -0.85
      vertex -3.59629e-15 -0.289778 -0.777646
    endloop
  endfacet
  facet normal -0.000346691 -0.00689338 -0.00528948
    outer loop
      vertex -0.110947 -0.259808 -0.842728
      vertex -0.119057 -0.212132 -0.904329
      vertex -3.9309e-15 -0.259808 -0.85
    endloop
  endfacet
  facet normal -0.000372032 -0.00739726 -0.00567612
    outer loop
      vertex -0.119057 -0.212132 -0.904329
      vertex -4.21824e-15 -0.212132 -0.912132
      vertex -3.9309e-15 -0.259808 -0.85
    endloop
  endfacet
  facet normal -0.000484842 -0.00567612 -0.00739726
    outer loop
      vertex -0.119057 -0.212132 -0.904329
      vertex -0.12528 -0.15 -0.951596
      vertex -4.21824e-15 -0.212132 -0.912132
    endloop
  endfacet
  facet normal -0.000510184 -0.0059728 -0.0077839
    outer loop
      vertex -0.12528 -0.15 -0.951596
      vertex -4.43872e-15 -0.15 -0.959808
      vertex -4.21824e-15 -0.212132 -0.912132
    endloop
  endfacet
  facet normal -0.000594122 -0.00375466 -0.00906455
    outer loop
      vertex -0.12528 -0.15 -0.951596
      vertex -0.129192 -0.0776457 -0.98131
      vertex -4.43872e-15 -0.15 -0.959808
    endloop
  endfacet
  facet normal -0.000612673 -0.0038719 -0.00934759
    outer loop
      vertex -0.129192 -0.0776457 -0.98131
      vertex -4.57732e-15 -0.0776457 -0.989778
      vertex -4.43872e-15 -0.15 -0.959808
    endloop
  endfacet
  facet normal -0.00065748 -0.00132063 -0.0100312
    outer loop
      vertex -0.129192 -0.0776457 -0.98131
      vertex -0.130526 -1.93865e-15 -0.991445
      vertex -4.57732e-15 -0.0776457 -0.989778
    endloop
  endfacet
  facet normal -0.00066427 -0.00133427 -0.0101348
    outer loop
      vertex -0.130526 -1.93865e-15 -0.991445
      vertex -4.62459e-15 -1.93865e-15 -1
      vertex -4.57732e-15 -0.0776457 -0.989778
    endloop
  endfacet
  facet normal 0.00066427 0.00133427 -0.0101348
    outer loop
      vertex -4.62459e-15 0 -1
      vertex -4.57732e-15 0.0776457 -0.989778
      vertex 0.130526 0 -0.991445
    endloop
  endfacet
  facet normal 0.00065748 0.00132063 -0.0100312
    outer loop
      vertex -4.57732e-15 0.0776457 -0.989778
      vertex 0.129192 0.0776457 -0.98131
      vertex 0.130526 0 -0.991445
    endloop
  endfacet
  facet normal 0.000612673 0.0038719 -0.00934759
    outer loop
      vertex -4.57732e-15 0.0776457 -0.989778
      vertex -4.43872e-15 0.15 -0.959808
      vertex 0.129192 0.0776457 -0.98131
    endloop
  endfacet
  facet normal 0.000594122 0.00375466 -0.00906455
    outer loop
      vertex -4.43872e-15 0.15 -0.959808
      vertex 0.12528 0.15 -0.951596
      vertex 0.129192 0.0776457 -0.98131
    endloop
  endfacet
  facet normal 0.000510184 0.0059728 -0.0077839
    outer loop
      vertex -4.43872e-15 0.15 -0.959808
      vertex -4.21824e-15 0.212132 -0.912132
      vertex 0.12528 0.15 -0.951596
    endloop
  endfacet
  facet normal 0.000484842 0.00567612 -0.00739726
    outer loop
      vertex -4.21824e-15 0.212132 -0.912132
      vertex 0.119057 0.212132 -0.904329
      vertex 0.12528 0.15 -0.951596
    endloop
  endfacet
  facet normal 0.000372032 0.00739726 -0.00567612
    outer loop
      vertex -4.21824e-15 0.212132 -0.912132
      vertex -3.9309e-15 0.259808 -0.85
      vertex 0.119057 0.212132 -0.904329
    endloop
  endfacet
  facet normal 0.000346691 0.00689338 -0.00528948
    outer loop
      vertex -3.9309e-15 0.259808 -0.85
      vertex 0.110947 0.259808 -0.842728
      vertex 0.119057 0.212132 -0.904329
    endloop
  endfacet
  facet normal 0.000217939 0.00802751 -0.0033251
    outer loop
      vertex -3.9309e-15 0.259808 -0.85
      vertex -3.59629e-15 0.289778 -0.777646
      vertex 0.110947 0.259808 -0.842728
    endloop
  endfacet
  facet normal 0.000199387 0.00734419 -0.00304206
    outer loop
      vertex -3.59629e-15 0.289778 -0.777646
      vertex 0.101503 0.289778 -0.770993
      vertex 0.110947 0.259808 -0.842728
    endloop
  endfacet
  facet normal 6.80073e-05 0.00788128 -0.00103759
    outer loop
      vertex -3.59629e-15 0.289778 -0.777646
      vertex -3.23721e-15 0.3 -0.7
      vertex 0.101503 0.289778 -0.770993
    endloop
  endfacet
  facet normal 6.12169e-05 0.00709436 -0.00093399
    outer loop
      vertex -3.23721e-15 0.3 -0.7
      vertex 0.0913683 0.3 -0.694011
      vertex 0.101503 0.289778 -0.770993
    endloop
  endfacet
  facet normal -6.12169e-05 0.00709436 0.00093399
    outer loop
      vertex -3.23721e-15 0.3 -0.7
      vertex -2.87813e-15 0.289778 -0.622354
      vertex 0.0913683 0.3 -0.694011
    endloop
  endfacet
  facet normal -5.44266e-05 0.00630744 0.00083039
    outer loop
      vertex -2.87813e-15 0.289778 -0.622354
      vertex 0.0812335 0.289778 -0.61703
      vertex 0.0913683 0.3 -0.694011
    endloop
  endfacet
  facet normal -0.000159571 0.00587759 0.00243458
    outer loop
      vertex -2.87813e-15 0.289778 -0.622354
      vertex -2.54352e-15 0.259808 -0.55
      vertex 0.0812335 0.289778 -0.61703
    endloop
  endfacet
  facet normal -0.000141019 0.00519427 0.00215154
    outer loop
      vertex -2.54352e-15 0.259808 -0.55
      vertex 0.0717894 0.259808 -0.545295
      vertex 0.0812335 0.289778 -0.61703
    endloop
  endfacet
  facet normal -0.000224329 0.00446042 0.0034226
    outer loop
      vertex -2.54352e-15 0.259808 -0.55
      vertex -2.25619e-15 0.212132 -0.487868
      vertex 0.0717894 0.259808 -0.545295
    endloop
  endfacet
  facet normal -0.000198987 0.00395654 0.00303596
    outer loop
      vertex -2.25619e-15 0.212132 -0.487868
      vertex 0.0636795 0.212132 -0.483694
      vertex 0.0717894 0.259808 -0.545295
    endloop
  endfacet
  facet normal -0.000259325 0.00303596 0.00395654
    outer loop
      vertex -2.25619e-15 0.212132 -0.487868
      vertex -2.03571e-15 0.15 -0.440192
      vertex 0.0636795 0.212132 -0.483694
    endloop
  endfacet
  facet normal -0.000233983 0.00273928 0.0035699
    outer loop
      vertex -2.03571e-15 0.15 -0.440192
      vertex 0.0574566 0.15 -0.436426
      vertex 0.0636795 0.212132 -0.483694
    endloop
  endfacet
  facet normal -0.00027248 0.00172198 0.00415723
    outer loop
      vertex -2.03571e-15 0.15 -0.440192
      vertex -1.89711e-15 0.0776457 -0.410222
      vertex 0.0574566 0.15 -0.436426
    endloop
  endfacet
  facet normal -0.000253928 0.00160474 0.00387419
    outer loop
      vertex -1.89711e-15 0.0776457 -0.410222
      vertex 0.0535447 0.0776457 -0.406713
      vertex 0.0574566 0.15 -0.436426
    endloop
  endfacet
  facet normal -0.000272498 0.000547348 0.00415752
    outer loop
      vertex -1.89711e-15 0.0776457 -0.410222
      vertex -1.84984e-15 9.69327e-16 -0.4
      vertex 0.0535447 0.0776457 -0.406713
    endloop
  endfacet
  facet normal -0.000265708 0.000533709 0.00405392
    outer loop
      vertex -1.84984e-15 9.69327e-16 -0.4
      vertex 0.0522105 9.69327e-16 -0.396578
      vertex 0.0535447 0.0776457 -0.406713
    endloop
  endfacet
  facet normal -0.000265708 -0.000533709 0.00405392
    outer loop
      vertex -1.84984e-15 9.69327e-16 -0.4
      vertex -1.89711e-15 -0.0776457 -0.410222
      vertex 0.0522105 9.69327e-16 -0.396578
    endloop
  endfacet
  facet normal -0.000272498 -0.000547348 0.00415752
    outer loop
      vertex -1.89711e-15 -0.0776457 -0.410222
      vertex 0.0535447 -0.0776457 -0.406713
      vertex 0.0522105 9.69327e-16 -0.396578
    endloop
  endfacet
  facet normal -0.000253928 -0.00160474 0.00387419
    outer loop
      vertex -1.89711e-15 -0.0776457 -0.410222
      vertex -2.03571e-15 -0.15 -0.440192
      vertex 0.0535447 -0.0776457 -0.406713
    endloop
  endfacet
  facet normal -0.00027248 -0.00172198 0.00415723
    outer loop
      vertex -2.03571e-15 -0.15 -0.440192
      vertex 0.0574566 -0.15 -0.436426
      vertex 0.0535447 -0.0776457 -0.406713
    endloop
  endfacet
  facet normal -0.000233983 -0.00273928 0.0035699
    outer loop
      vertex -2.03571e-15 -0.15 -0.440192
      vertex -2.25619e-15 -0.212132 -0.487868
      vertex 0.0574566 -0.15 -0.436426
    endloop
  endfacet
  facet normal -0.000259325 -0.00303596 0.00395654
    outer loop
      vertex -2.25619e-15 -0.212132 -0.487868
      vertex 0.0636795 -0.212132 -0.483694
      vertex 0.0574566 -0.15 -0.436426
    endloop
  endfacet
  facet normal -0.000198987 -0.00395654 0.00303596
    outer loop
      vertex -2.25619e-15 -0.212132 -0.487868
      vertex -2.54352e-15 -0.259808 -0.55
      vertex 0.0636795 -0.212132 -0.483694
    endloop
  endfacet
  facet normal -0.000224329 -0.00446042 0.0034226
    outer loop
      vertex -2.54352e-15 -0.259808 -0.55
      vertex 0.0717894 -0.259808 -0.545295
      vertex 0.0636795 -0.212132 -0.483694
    endloop
  endfacet
  facet normal -0.000141019 -0.00519427 0.00215154
    outer loop
      vertex -2.54352e-15 -0.259808 -0.55
      vertex -2.87813e-15 -0.289778 -0.622354
      vertex 0.0717894 -0.259808 -0.545295
    endloop
  endfacet
  facet normal -0.000159571 -0.00587759 0.00243458
    outer loop
      vertex -2.87813e-15 -0.289778 -0.622354
      vertex 0.0812335 -0.289778 -0.61703
      vertex 0.0717894 -0.259808 -0.545295
    endloop
  endfacet
  facet normal -5.44266e-05 -0.00630744 0.00083039
    outer loop
      vertex -2.87813e-15 -0.289778 -0.622354
      vertex -3.23721e-15 -0.3 -0.7
      vertex 0.0812335 -0.289778 -0.61703
    endloop
  endfacet
  facet normal -6.12169e-05 -0.00709436 0.00093399
    outer loop
      vertex -3.23721e-15 -0.3 -0.7
      vertex 0.0913683 -0.3 -0.694011
      vertex 0.0812335 -0.289778 -0.61703
    endloop
  endfacet
  facet normal 6.12169e-05 -0.00709436 -0.00093399
    outer loop
      vertex -3.23721e-15 -0.3 -0.7
      vertex -3.59629e-15 -0.289778 -0.777646
      vertex 0.0913683 -0.3 -0.694011
    endloop
  endfacet
  facet normal 6.80073e-05 -0.00788128 -0.00103759
    outer loop
      vertex -3.59629e-15 -0.289778 -0.777646
      vertex 0.101503 -0.289778 -0.770993
      vertex 0.0913683 -0.3 -0.694011
    endloop
  endfacet
  facet normal 0.000199387 -0.00734419 -0.00304206
    outer loop
      vertex -3.59629e-15 -0.289778 -0.777646
      vertex -3.9309e-15 -0.259808 -0.85
      vertex 0.101503 -0.289778 -0.770993
    endloop
  endfacet
  facet normal 0.000217939 -0.00802751 -0.0033251
    outer loop
      vertex -3.9309e-15 -0.259808 -0.85
      vertex 0.110947 -0.259808 -0.842728
      vertex 0.101503 -0.289778 -0.770993
    endloop
  endfacet
  facet normal 0.000346691 -0.00689338 -0.00528948
    outer loop
      vertex -3.9309e-15 -0.259808 -0.85
      vertex -4.21824e-15 -0.212132 -0.912132
      vertex 0.110947 -0.259808 -0.842728
    endloop
  endfacet
  facet normal 0.000372032 -0.00739726 -0.00567612
    outer loop
      vertex -4.21824e-15 -0.212132 -0.912132
      vertex 0.119057 -0.212132 -0.904329
      vertex 0.110947 -0.259808 -0.842728
    endloop
  endfacet
  facet normal 0.000484842 -0.00567612 -0.00739726
    outer loop
      vertex -4.21824e-15 -0.212132 -0.912132
      vertex -4.43872e-15 -0.15 -0.959808
      vertex 0.119057 -0.212132 -0.904329
    endloop
  endfacet
  facet normal 0.000510184 -0.0059728 -0.0077839
    outer loop
      vertex -4.43872e-15 -0.15 -0.959808
      vertex 0.12528 -0.15 -0.951596
      vertex 0.119057 -0.212132 -0.904329
    endloop
  endfacet
  facet normal 0.000594122 -0.00375466 -0.00906455
    outer loop
      vertex -4.43872e-15 -0.15 -0.959808
      vertex -4.57732e-15 -0.0776457 -0.989778
      vertex 0.12528 -0.15 -0.951596
    endloop
  endfacet
  facet normal 0.000612673 -0.0038719 -0.00934759
    outer loop
      vertex -4.57732e-15 -0.0776457 -0.989778
      vertex 0.129192 -0.0776457 -0.98131
      vertex 0.12528 -0.15 -0.951596
    endloop
  endfacet
  facet normal 0.00065748 -0.00132063 -0.0100312
    outer loop
      vertex -4.57732e-15 -0.0776457 -0.989778
      vertex -4.62459e-15 -1.93865e-15 -1
      vertex 0.129192 -0.0776457 -0.98131
    endloop
  endfacet
  facet normal 0.00066427 -0.00133427 -0.0101348
    outer loop
      vertex -4.62459e-15 -1.93865e-15 -1
      vertex 0.130526 -1.93865e-15 -0.991445
      vertex 0.129192 -0.0776457 -0.98131
    endloop
  endfacet
  facet normal 0.00198144 0.00133427 -0.00996139
    outer loop
      vertex 0.130526 0 -0.991445
      vertex 0.129192 0.0776457 -0.98131
      vertex 0.258819 0 -0.965926
    endloop
  endfacet
  facet normal 0.00196119 0.00132063 -0.00985956
    outer loop
      vertex 0.129192 0.0776457 -0.98131
      vertex 0.256173 0.0776457 -0.956052
      vertex 0.258819 0 -0.965926
    endloop
  endfacet
  facet normal 0.00182754 0.0038719 -0.00918765
    outer loop
      vertex 0.129192 0.0776457 -0.98131
      vertex 0.12528 0.15 -0.951596
      vertex 0.256173 0.0776457 -0.956052
    endloop
  endfacet
  facet normal 0.0017722 0.00375466 -0.00890945
    outer loop
      vertex 0.12528 0.15 -0.951596
      vertex 0.248416 0.15 -0.927103
      vertex 0.256173 0.0776457 -0.956052
    endloop
  endfacet
  facet normal 0.00152182 0.0059728 -0.00765072
    outer loop
      vertex 0.12528 0.15 -0.951596
      vertex 0.119057 0.212132 -0.904329
      vertex 0.248416 0.15 -0.927103
    endloop
  endfacet
  facet normal 0.00144623 0.00567612 -0.00727069
    outer loop
      vertex 0.119057 0.212132 -0.904329
      vertex 0.236077 0.212132 -0.881052
      vertex 0.248416 0.15 -0.927103
    endloop
  endfacet
  facet normal 0.00110973 0.00739726 -0.005579
    outer loop
      vertex 0.119057 0.212132 -0.904329
      vertex 0.110947 0.259808 -0.842728
      vertex 0.236077 0.212132 -0.881052
    endloop
  endfacet
  facet normal 0.00103414 0.00689338 -0.00519897
    outer loop
      vertex 0.110947 0.259808 -0.842728
      vertex 0.219996 0.259808 -0.821037
      vertex 0.236077 0.212132 -0.881052
    endloop
  endfacet
  facet normal 0.000650087 0.00802751 -0.00326821
    outer loop
      vertex 0.110947 0.259808 -0.842728
      vertex 0.101503 0.289778 -0.770993
      vertex 0.219996 0.259808 -0.821037
    endloop
  endfacet
  facet normal 0.00059475 0.00734419 -0.00299001
    outer loop
      vertex 0.101503 0.289778 -0.770993
      vertex 0.20127 0.289778 -0.751148
      vertex 0.219996 0.259808 -0.821037
    endloop
  endfacet
  facet normal 0.000202858 0.00788128 -0.00101984
    outer loop
      vertex 0.101503 0.289778 -0.770993
      vertex 0.0913683 0.3 -0.694011
      vertex 0.20127 0.289778 -0.751148
    endloop
  endfacet
  facet normal 0.000182603 0.00709436 -0.000918009
    outer loop
      vertex 0.0913683 0.3 -0.694011
      vertex 0.181173 0.3 -0.676148
      vertex 0.20127 0.289778 -0.751148
    endloop
  endfacet
  facet normal -0.000182603 0.00709436 0.000918009
    outer loop
      vertex 0.0913683 0.3 -0.694011
      vertex 0.0812335 0.289778 -0.61703
      vertex 0.181173 0.3 -0.676148
    endloop
  endfacet
  facet normal -0.000162349 0.00630744 0.000816181
    outer loop
      vertex 0.0812335 0.289778 -0.61703
      vertex 0.161077 0.289778 -0.601148
      vertex 0.181173 0.3 -0.676148
    endloop
  endfacet
  facet normal -0.000475982 0.00587759 0.00239292
    outer loop
      vertex 0.0812335 0.289778 -0.61703
      vertex 0.0717894 0.259808 -0.545295
      vertex 0.161077 0.289778 -0.601148
    endloop
  endfacet
  facet normal -0.000420645 0.00519427 0.00211472
    outer loop
      vertex 0.0717894 0.259808 -0.545295
      vertex 0.14235 0.259808 -0.531259
      vertex 0.161077 0.289778 -0.601148
    endloop
  endfacet
  facet normal -0.000669149 0.00446042 0.00336404
    outer loop
      vertex 0.0717894 0.259808 -0.545295
      vertex 0.0636795 0.212132 -0.483694
      vertex 0.14235 0.259808 -0.531259
    endloop
  endfacet
  facet normal -0.000593557 0.00395654 0.00298401
    outer loop
      vertex 0.0636795 0.212132 -0.483694
      vertex 0.12627 0.212132 -0.471244
      vertex 0.14235 0.259808 -0.531259
    endloop
  endfacet
  facet normal -0.000773539 0.00303596 0.00388884
    outer loop
      vertex 0.0636795 0.212132 -0.483694
      vertex 0.0574566 0.15 -0.436426
      vertex 0.12627 0.212132 -0.471244
    endloop
  endfacet
  facet normal -0.000697947 0.00273928 0.00350882
    outer loop
      vertex 0.0574566 0.15 -0.436426
      vertex 0.11393 0.15 -0.425193
      vertex 0.12627 0.212132 -0.471244
    endloop
  endfacet
  facet normal -0.000812776 0.00172198 0.0040861
    outer loop
      vertex 0.0574566 0.15 -0.436426
      vertex 0.0535447 0.0776457 -0.406713
      vertex 0.11393 0.15 -0.425193
    endloop
  endfacet
  facet normal -0.000757439 0.00160474 0.0038079
    outer loop
      vertex 0.0535447 0.0776457 -0.406713
      vertex 0.106173 0.0776457 -0.396244
      vertex 0.11393 0.15 -0.425193
    endloop
  endfacet
  facet normal -0.000812832 0.000547348 0.00408638
    outer loop
      vertex 0.0535447 0.0776457 -0.406713
      vertex 0.0522105 9.69327e-16 -0.396578
      vertex 0.106173 0.0776457 -0.396244
    endloop
  endfacet
  facet normal -0.000792577 0.000533709 0.00398456
    outer loop
      vertex 0.0522105 9.69327e-16 -0.396578
      vertex 0.103528 9.69327e-16 -0.38637
      vertex 0.106173 0.0776457 -0.396244
    endloop
  endfacet
  facet normal -0.000792577 -0.000533709 0.00398456
    outer loop
      vertex 0.0522105 9.69327e-16 -0.396578
      vertex 0.0535447 -0.0776457 -0.406713
      vertex 0.103528 9.69327e-16 -0.38637
    endloop
  endfacet
  facet normal -0.000812832 -0.000547348 0.00408638
    outer loop
      vertex 0.0535447 -0.0776457 -0.406713
      vertex 0.106173 -0.0776457 -0.396244
      vertex 0.103528 9.69327e-16 -0.38637
    endloop
  endfacet
  facet normal -0.000757439 -0.00160474 0.0038079
    outer loop
      vertex 0.0535447 -0.0776457 -0.406713
      vertex 0.0574566 -0.15 -0.436426
      vertex 0.106173 -0.0776457 -0.396244
    endloop
  endfacet
  facet normal -0.000812776 -0.00172198 0.0040861
    outer loop
      vertex 0.0574566 -0.15 -0.436426
      vertex 0.11393 -0.15 -0.425193
      vertex 0.106173 -0.0776457 -0.396244
    endloop
  endfacet
  facet normal -0.000697947 -0.00273928 0.00350882
    outer loop
      vertex 0.0574566 -0.15 -0.436426
      vertex 0.0636795 -0.212132 -0.483694
      vertex 0.11393 -0.15 -0.425193
    endloop
  endfacet
  facet normal -0.000773539 -0.00303596 0.00388884
    outer loop
      vertex 0.0636795 -0.212132 -0.483694
      vertex 0.12627 -0.212132 -0.471244
      vertex 0.11393 -0.15 -0.425193
    endloop
  endfacet
  facet normal -0.000593557 -0.00395654 0.00298401
    outer loop
      vertex 0.0636795 -0.212132 -0.483694
      vertex 0.0717894 -0.259808 -0.545295
      vertex 0.12627 -0.212132 -0.471244
    endloop
  endfacet
  facet normal -0.000669149 -0.00446042 0.00336404
    outer loop
      vertex 0.0717894 -0.259808 -0.545295
      vertex 0.14235 -0.259808 -0.531259
      vertex 0.12627 -0.212132 -0.471244
    endloop
  endfacet
  facet normal -0.000420645 -0.00519427 0.00211472
    outer loop
      vertex 0.0717894 -0.259808 -0.545295
      vertex 0.0812335 -0.289778 -0.61703
      vertex 0.14235 -0.259808 -0.531259
    endloop
  endfacet
  facet normal -0.000475982 -0.00587759 0.00239292
    outer loop
      vertex 0.0812335 -0.289778 -0.61703
      vertex 0.161077 -0.289778 -0.601148
      vertex 0.14235 -0.259808 -0.531259
    endloop
  endfacet
  facet normal -0.000162349 -0.00630744 0.000816181
    outer loop
      vertex 0.0812335 -0.289778 -0.61703
      vertex 0.0913683 -0.3 -0.694011
      vertex 0.161077 -0.289778 -0.601148
    endloop
  endfacet
  facet normal -0.000182603 -0.00709436 0.000918009
    outer loop
      vertex 0.0913683 -0.3 -0.694011
      vertex 0.181173 -0.3 -0.676148
      vertex 0.161077 -0.289778 -0.601148
    endloop
  endfacet
  facet normal 0.000182603 -0.00709436 -0.000918009
    outer loop
      vertex 0.0913683 -0.3 -0.694011
      vertex 0.101503 -0.289778 -0.770993
      vertex 0.181173 -0.3 -0.676148
    endloop
  endfacet
  facet normal 0.000202858 -0.00788128 -0.00101984
    outer loop
      vertex 0.101503 -0.289778 -0.770993
      vertex 0.20127 -0.289778 -0.751148
      vertex 0.181173 -0.3 -0.676148
    endloop
  endfacet
  facet normal 0.00059475 -0.00734419 -0.00299001
    outer loop
      vertex 0.101503 -0.289778 -0.770993
      vertex 0.110947 -0.259808 -0.842728
      vertex 0.20127 -0.289778 -0.751148
    endloop
  endfacet
  facet normal 0.000650087 -0.00802751 -0.00326821
    outer loop
      vertex 0.110947 -0.259808 -0.842728
      vertex 0.219996 -0.259808 -0.821037
      vertex 0.20127 -0.289778 -0.751148
    endloop
  endfacet
  facet normal 0.00103414 -0.00689338 -0.00519897
    outer loop
      vertex 0.110947 -0.259808 -0.842728
      vertex 0.119057 -0.212132 -0.904329
      vertex 0.219996 -0.259808 -0.821037
    endloop
  endfacet
  facet normal 0.00110973 -0.00739726 -0.005579
    outer loop
      vertex 0.119057 -0.212132 -0.904329
      vertex 0.236077 -0.212132 -0.881052
      vertex 0.219996 -0.259808 -0.821037
    endloop
  endfacet
  facet normal 0.00144623 -0.00567612 -0.00727069
    outer loop
      vertex 0.119057 -0.212132 -0.904329
      vertex 0.12528 -0.15 -0.951596
      vertex 0.236077 -0.212132 -0.881052
    endloop
  endfacet
  facet normal 0.00152182 -0.0059728 -0.00765072
    outer loop
      vertex 0.12528 -0.15 -0.951596
      vertex 0.248416 -0.15 -0.927103
      vertex 0.236077 -0.212132 -0.881052
    endloop
  endfacet
  facet normal 0.0017722 -0.00375466 -0.00890945
    outer loop
      vertex 0.12528 -0.15 -0.951596
      vertex 0.129192 -0.0776457 -0.98131
      vertex 0.248416 -0.15 -0.927103
    endloop
  endfacet
  facet normal 0.00182754 -0.0038719 -0.00918765
    outer loop
      vertex 0.129192 -0.0776457 -0.98131
      vertex 0.256173 -0.0776457 -0.956052
      vertex 0.248416 -0.15 -0.927103
    endloop
  endfacet
  facet normal 0.00196119 -0.00132063 -0.00985956
    outer loop
      vertex 0.129192 -0.0776457 -0.98131
      vertex 0.130526 -1.93865e-15 -0.991445
      vertex 0.256173 -0.0776457 -0.956052
    endloop
  endfacet
  facet normal 0.00198144 -0.00133427 -0.00996139
    outer loop
      vertex 0.130526 -1.93865e-15 -0.991445
      vertex 0.258819 -1.93865e-15 -0.965926
      vertex 0.256173 -0.0776457 -0.956052
    endloop
  endfacet
  facet normal 0.00326471 0.00133427 -0.00961754
    outer loop
      vertex 0.258819 0 -0.965926
      vertex 0.256173 0.0776457 -0.956052
      vertex 0.382683 0 -0.92388
    endloop
  endfacet
  facet normal 0.00323134 0.00132063 -0.00951923
    outer loop
      vertex 0.256173 0.0776457 -0.956052
      vertex 0.378772 0.0776457 -0.914435
      vertex 0.382683 0 -0.92388
    endloop
  endfacet
  facet normal 0.00301113 0.0038719 -0.00887051
    outer loop
      vertex 0.256173 0.0776457 -0.956052
      vertex 0.248416 0.15 -0.927103
      vertex 0.378772 0.0776457 -0.914435
    endloop
  endfacet
  facet normal 0.00291996 0.00375466 -0.00860191
    outer loop
      vertex 0.248416 0.15 -0.927103
      vertex 0.367302 0.15 -0.886747
      vertex 0.378772 0.0776457 -0.914435
    endloop
  endfacet
  facet normal 0.00250742 0.0059728 -0.00738663
    outer loop
      vertex 0.248416 0.15 -0.927103
      vertex 0.236077 0.212132 -0.881052
      vertex 0.367302 0.15 -0.886747
    endloop
  endfacet
  facet normal 0.00238287 0.00567612 -0.00701972
    outer loop
      vertex 0.236077 0.212132 -0.881052
      vertex 0.349058 0.212132 -0.8427
      vertex 0.367302 0.15 -0.886747
    endloop
  endfacet
  facet normal 0.00182844 0.00739726 -0.00538642
    outer loop
      vertex 0.236077 0.212132 -0.881052
      vertex 0.219996 0.259808 -0.821037
      vertex 0.349058 0.212132 -0.8427
    endloop
  endfacet
  facet normal 0.00170389 0.00689338 -0.00501951
    outer loop
      vertex 0.219996 0.259808 -0.821037
      vertex 0.325281 0.259808 -0.785298
      vertex 0.349058 0.212132 -0.8427
    endloop
  endfacet
  facet normal 0.00107111 0.00802751 -0.0031554
    outer loop
      vertex 0.219996 0.259808 -0.821037
      vertex 0.20127 0.289778 -0.751148
      vertex 0.325281 0.259808 -0.785298
    endloop
  endfacet
  facet normal 0.000979937 0.00734419 -0.0028868
    outer loop
      vertex 0.20127 0.289778 -0.751148
      vertex 0.297592 0.289778 -0.718451
      vertex 0.325281 0.259808 -0.785298
    endloop
  endfacet
  facet normal 0.000334238 0.00788128 -0.000984634
    outer loop
      vertex 0.20127 0.289778 -0.751148
      vertex 0.181173 0.3 -0.676148
      vertex 0.297592 0.289778 -0.718451
    endloop
  endfacet
  facet normal 0.000300865 0.00709436 -0.000886321
    outer loop
      vertex 0.181173 0.3 -0.676148
      vertex 0.267878 0.3 -0.646716
      vertex 0.297592 0.289778 -0.718451
    endloop
  endfacet
  facet normal -0.000300865 0.00709436 0.000886321
    outer loop
      vertex 0.181173 0.3 -0.676148
      vertex 0.161077 0.289778 -0.601148
      vertex 0.267878 0.3 -0.646716
    endloop
  endfacet
  facet normal -0.000267493 0.00630744 0.000788008
    outer loop
      vertex 0.161077 0.289778 -0.601148
      vertex 0.238165 0.289778 -0.57498
      vertex 0.267878 0.3 -0.646716
    endloop
  endfacet
  facet normal -0.000784249 0.00587759 0.00231032
    outer loop
      vertex 0.161077 0.289778 -0.601148
      vertex 0.14235 0.259808 -0.531259
      vertex 0.238165 0.289778 -0.57498
    endloop
  endfacet
  facet normal -0.000693073 0.00519427 0.00204173
    outer loop
      vertex 0.14235 0.259808 -0.531259
      vertex 0.210476 0.259808 -0.508134
      vertex 0.238165 0.289778 -0.57498
    endloop
  endfacet
  facet normal -0.00110252 0.00446042 0.00324792
    outer loop
      vertex 0.14235 0.259808 -0.531259
      vertex 0.12627 0.212132 -0.471244
      vertex 0.210476 0.259808 -0.508134
    endloop
  endfacet
  facet normal -0.000977971 0.00395654 0.00288101
    outer loop
      vertex 0.12627 0.212132 -0.471244
      vertex 0.186699 0.212132 -0.450731
      vertex 0.210476 0.259808 -0.508134
    endloop
  endfacet
  facet normal -0.00127452 0.00303596 0.00375461
    outer loop
      vertex 0.12627 0.212132 -0.471244
      vertex 0.11393 0.15 -0.425193
      vertex 0.186699 0.212132 -0.450731
    endloop
  endfacet
  facet normal -0.00114997 0.00273928 0.0033877
    outer loop
      vertex 0.11393 0.15 -0.425193
      vertex 0.168454 0.15 -0.406685
      vertex 0.186699 0.212132 -0.450731
    endloop
  endfacet
  facet normal -0.00133917 0.00172198 0.00394506
    outer loop
      vertex 0.11393 0.15 -0.425193
      vertex 0.106173 0.0776457 -0.396244
      vertex 0.168454 0.15 -0.406685
    endloop
  endfacet
  facet normal -0.00124799 0.00160474 0.00367646
    outer loop
      vertex 0.106173 0.0776457 -0.396244
      vertex 0.156985 0.0776457 -0.378996
      vertex 0.168454 0.15 -0.406685
    endloop
  endfacet
  facet normal -0.00133926 0.000547348 0.00394533
    outer loop
      vertex 0.106173 0.0776457 -0.396244
      vertex 0.103528 9.69327e-16 -0.38637
      vertex 0.156985 0.0776457 -0.378996
    endloop
  endfacet
  facet normal -0.00130589 0.000533709 0.00384702
    outer loop
      vertex 0.103528 9.69327e-16 -0.38637
      vertex 0.153073 9.69327e-16 -0.369552
      vertex 0.156985 0.0776457 -0.378996
    endloop
  endfacet
  facet normal -0.00130589 -0.000533709 0.00384702
    outer loop
      vertex 0.103528 9.69327e-16 -0.38637
      vertex 0.106173 -0.0776457 -0.396244
      vertex 0.153073 9.69327e-16 -0.369552
    endloop
  endfacet
  facet normal -0.00133926 -0.000547348 0.00394533
    outer loop
      vertex 0.106173 -0.0776457 -0.396244
      vertex 0.156985 -0.0776457 -0.378996
      vertex 0.153073 9.69327e-16 -0.369552
    endloop
  endfacet
  facet normal -0.00124799 -0.00160474 0.00367646
    outer loop
      vertex 0.106173 -0.0776457 -0.396244
      vertex 0.11393 -0.15 -0.425193
      vertex 0.156985 -0.0776457 -0.378996
    endloop
  endfacet
  facet normal -0.00133917 -0.00172198 0.00394506
    outer loop
      vertex 0.11393 -0.15 -0.425193
      vertex 0.168454 -0.15 -0.406685
      vertex 0.156985 -0.0776457 -0.378996
    endloop
  endfacet
  facet normal -0.00114997 -0.00273928 0.0033877
    outer loop
      vertex 0.11393 -0.15 -0.425193
      vertex 0.12627 -0.212132 -0.471244
      vertex 0.168454 -0.15 -0.406685
    endloop
  endfacet
  facet normal -0.00127452 -0.00303596 0.00375461
    outer loop
      vertex 0.12627 -0.212132 -0.471244
      vertex 0.186699 -0.212132 -0.450731
      vertex 0.168454 -0.15 -0.406685
    endloop
  endfacet
  facet normal -0.000977971 -0.00395654 0.00288101
    outer loop
      vertex 0.12627 -0.212132 -0.471244
      vertex 0.14235 -0.259808 -0.531259
      vertex 0.186699 -0.212132 -0.450731
    endloop
  endfacet
  facet normal -0.00110252 -0.00446042 0.00324792
    outer loop
      vertex 0.14235 -0.259808 -0.531259
      vertex 0.210476 -0.259808 -0.508134
      vertex 0.186699 -0.212132 -0.450731
    endloop
  endfacet
  facet normal -0.000693073 -0.00519427 0.00204173
    outer loop
      vertex 0.14235 -0.259808 -0.531259
      vertex 0.161077 -0.289778 -0.601148
      vertex 0.210476 -0.259808 -0.508134
    endloop
  endfacet
  facet normal -0.000784249 -0.00587759 0.00231032
    outer loop
      vertex 0.161077 -0.289778 -0.601148
      vertex 0.238165 -0.289778 -0.57498
      vertex 0.210476 -0.259808 -0.508134
    endloop
  endfacet
  facet normal -0.000267493 -0.00630744 0.000788008
    outer loop
      vertex 0.161077 -0.289778 -0.601148
      vertex 0.181173 -0.3 -0.676148
      vertex 0.238165 -0.289778 -0.57498
    endloop
  endfacet
  facet normal -0.000300865 -0.00709436 0.000886321
    outer loop
      vertex 0.181173 -0.3 -0.676148
      vertex 0.267878 -0.3 -0.646716
      vertex 0.238165 -0.289778 -0.57498
    endloop
  endfacet
  facet normal 0.000300865 -0.00709436 -0.000886321
    outer loop
      vertex 0.181173 -0.3 -0.676148
      vertex 0.20127 -0.289778 -0.751148
      vertex 0.267878 -0.3 -0.646716
    endloop
  endfacet
  facet normal 0.000334238 -0.00788128 -0.000984634
    outer loop
      vertex 0.20127 -0.289778 -0.751148
      vertex 0.297592 -0.289778 -0.718451
      vertex 0.267878 -0.3 -0.646716
    endloop
  endfacet
  facet normal 0.000979937 -0.00734419 -0.0028868
    outer loop
      vertex 0.20127 -0.289778 -0.751148
      vertex 0.219996 -0.259808 -0.821037
      vertex 0.297592 -0.289778 -0.718451
    endloop
  endfacet
  facet normal 0.00107111 -0.00802751 -0.0031554
    outer loop
      vertex 0.219996 -0.259808 -0.821037
      vertex 0.325281 -0.259808 -0.785298
      vertex 0.297592 -0.289778 -0.718451
    endloop
  endfacet
  facet normal 0.00170389 -0.00689338 -0.00501951
    outer loop
      vertex 0.219996 -0.259808 -0.821037
      vertex 0.236077 -0.212132 -0.881052
      vertex 0.325281 -0.259808 -0.785298
    endloop
  endfacet
  facet normal 0.00182844 -0.00739726 -0.00538642
    outer loop
      vertex 0.236077 -0.212132 -0.881052
      vertex 0.349058 -0.212132 -0.8427
      vertex 0.325281 -0.259808 -0.785298
    endloop
  endfacet
  facet normal 0.00238287 -0.00567612 -0.00701972
    outer loop
      vertex 0.236077 -0.212132 -0.881052
      vertex 0.248416 -0.15 -0.927103
      vertex 0.349058 -0.212132 -0.8427
    endloop
  endfacet
  facet normal 0.00250742 -0.0059728 -0.00738663
    outer loop
      vertex 0.248416 -0.15 -0.927103
      vertex 0.367302 -0.15 -0.886747
      vertex 0.349058 -0.212132 -0.8427
    endloop
  endfacet
  facet normal 0.00291996 -0.00375466 -0.00860191
    outer loop
      vertex 0.248416 -0.15 -0.927103
      vertex 0.256173 -0.0776457 -0.956052
      vertex 0.367302 -0.15 -0.886747
    endloop
  endfacet
  facet normal 0.00301113 -0.0038719 -0.00887051
    outer loop
      vertex 0.256173 -0.0776457 -0.956052
      vertex 0.378772 -0.0776457 -0.914435
      vertex 0.367302 -0.15 -0.886747
    endloop
  endfacet
  facet normal 0.00323134 -0.00132063 -0.00951923
    outer loop
      vertex 0.256173 -0.0776457 -0.956052
      vertex 0.258819 -1.93865e-15 -0.965926
      vertex 0.378772 -0.0776457 -0.914435
    endloop
  endfacet
  facet normal 0.00326471 -0.00133427 -0.00961754
    outer loop
      vertex 0.258819 -1.93865e-15 -0.965926
      vertex 0.382683 -1.93865e-15 -0.92388
      vertex 0.378772 -0.0776457 -0.914435
    endloop
  endfacet
  facet normal 0.00449213 0.00133427 -0.00910913
    outer loop
      vertex 0.382683 0 -0.92388
      vertex 0.378772 0.0776457 -0.914435
      vertex 0.5 0 -0.866025
    endloop
  endfacet
  facet normal 0.00444621 0.00132063 -0.00901601
    outer loop
      vertex 0.378772 0.0776457 -0.914435
      vertex 0.494889 0.0776457 -0.857173
      vertex 0.5 0 -0.866025
    endloop
  endfacet
  facet normal 0.0041432 0.0038719 -0.00840159
    outer loop
      vertex 0.378772 0.0776457 -0.914435
      vertex 0.367302 0.15 -0.886747
      vertex 0.494889 0.0776457 -0.857173
    endloop
  endfacet
  facet normal 0.00401775 0.00375466 -0.00814719
    outer loop
      vertex 0.367302 0.15 -0.886747
      vertex 0.479904 0.15 -0.831218
      vertex 0.494889 0.0776457 -0.857173
    endloop
  endfacet
  facet normal 0.00345012 0.0059728 -0.00699615
    outer loop
      vertex 0.367302 0.15 -0.886747
      vertex 0.349058 0.212132 -0.8427
      vertex 0.479904 0.15 -0.831218
    endloop
  endfacet
  facet normal 0.00327874 0.00567612 -0.00664864
    outer loop
      vertex 0.349058 0.212132 -0.8427
      vertex 0.456066 0.212132 -0.78993
      vertex 0.479904 0.15 -0.831218
    endloop
  endfacet
  facet normal 0.00251587 0.00739726 -0.00510168
    outer loop
      vertex 0.349058 0.212132 -0.8427
      vertex 0.325281 0.259808 -0.785298
      vertex 0.456066 0.212132 -0.78993
    endloop
  endfacet
  facet normal 0.0023445 0.00689338 -0.00475417
    outer loop
      vertex 0.325281 0.259808 -0.785298
      vertex 0.425 0.259808 -0.736122
      vertex 0.456066 0.212132 -0.78993
    endloop
  endfacet
  facet normal 0.00147381 0.00802751 -0.00298859
    outer loop
      vertex 0.325281 0.259808 -0.785298
      vertex 0.297592 0.289778 -0.718451
      vertex 0.425 0.259808 -0.736122
    endloop
  endfacet
  facet normal 0.00134836 0.00734419 -0.0027342
    outer loop
      vertex 0.297592 0.289778 -0.718451
      vertex 0.388823 0.289778 -0.673461
      vertex 0.425 0.259808 -0.736122
    endloop
  endfacet
  facet normal 0.000459899 0.00788128 -0.000932583
    outer loop
      vertex 0.297592 0.289778 -0.718451
      vertex 0.267878 0.3 -0.646716
      vertex 0.388823 0.289778 -0.673461
    endloop
  endfacet
  facet normal 0.00041398 0.00709436 -0.000839468
    outer loop
      vertex 0.267878 0.3 -0.646716
      vertex 0.35 0.3 -0.606218
      vertex 0.388823 0.289778 -0.673461
    endloop
  endfacet
  facet normal -0.00041398 0.00709436 0.000839468
    outer loop
      vertex 0.267878 0.3 -0.646716
      vertex 0.238165 0.289778 -0.57498
      vertex 0.35 0.3 -0.606218
    endloop
  endfacet
  facet normal -0.00036806 0.00630744 0.000746352
    outer loop
      vertex 0.238165 0.289778 -0.57498
      vertex 0.311177 0.289778 -0.538975
      vertex 0.35 0.3 -0.606218
    endloop
  endfacet
  facet normal -0.0010791 0.00587759 0.00218819
    outer loop
      vertex 0.238165 0.289778 -0.57498
      vertex 0.210476 0.259808 -0.508134
      vertex 0.311177 0.289778 -0.538975
    endloop
  endfacet
  facet normal -0.000953643 0.00519427 0.0019338
    outer loop
      vertex 0.210476 0.259808 -0.508134
      vertex 0.275 0.259808 -0.476314
      vertex 0.311177 0.289778 -0.538975
    endloop
  endfacet
  facet normal -0.00151703 0.00446042 0.00307622
    outer loop
      vertex 0.210476 0.259808 -0.508134
      vertex 0.186699 0.212132 -0.450731
      vertex 0.275 0.259808 -0.476314
    endloop
  endfacet
  facet normal -0.00134565 0.00395654 0.00272871
    outer loop
      vertex 0.186699 0.212132 -0.450731
      vertex 0.243934 0.212132 -0.422506
      vertex 0.275 0.259808 -0.476314
    endloop
  endfacet
  facet normal -0.00175369 0.00303596 0.00355613
    outer loop
      vertex 0.186699 0.212132 -0.450731
      vertex 0.168454 0.15 -0.406685
      vertex 0.243934 0.212132 -0.422506
    endloop
  endfacet
  facet normal -0.00158231 0.00273928 0.00320861
    outer loop
      vertex 0.168454 0.15 -0.406685
      vertex 0.220096 0.15 -0.381218
      vertex 0.243934 0.212132 -0.422506
    endloop
  endfacet
  facet normal -0.00184264 0.00172198 0.00373651
    outer loop
      vertex 0.168454 0.15 -0.406685
      vertex 0.156985 0.0776457 -0.378996
      vertex 0.220096 0.15 -0.381218
    endloop
  endfacet
  facet normal -0.00171719 0.00160474 0.00348211
    outer loop
      vertex 0.156985 0.0776457 -0.378996
      vertex 0.205111 0.0776457 -0.355263
      vertex 0.220096 0.15 -0.381218
    endloop
  endfacet
  facet normal -0.00184277 0.000547348 0.00373677
    outer loop
      vertex 0.156985 0.0776457 -0.378996
      vertex 0.153073 9.69327e-16 -0.369552
      vertex 0.205111 0.0776457 -0.355263
    endloop
  endfacet
  facet normal -0.00179685 0.000533709 0.00364365
    outer loop
      vertex 0.153073 9.69327e-16 -0.369552
      vertex 0.2 9.69327e-16 -0.34641
      vertex 0.205111 0.0776457 -0.355263
    endloop
  endfacet
  facet normal -0.00179685 -0.000533709 0.00364365
    outer loop
      vertex 0.153073 9.69327e-16 -0.369552
      vertex 0.156985 -0.0776457 -0.378996
      vertex 0.2 9.69327e-16 -0.34641
    endloop
  endfacet
  facet normal -0.00184277 -0.000547348 0.00373677
    outer loop
      vertex 0.156985 -0.0776457 -0.378996
      vertex 0.205111 -0.0776457 -0.355263
      vertex 0.2 9.69327e-16 -0.34641
    endloop
  endfacet
  facet normal -0.00171719 -0.00160474 0.00348211
    outer loop
      vertex 0.156985 -0.0776457 -0.378996
      vertex 0.168454 -0.15 -0.406685
      vertex 0.205111 -0.0776457 -0.355263
    endloop
  endfacet
  facet normal -0.00184264 -0.00172198 0.00373651
    outer loop
      vertex 0.168454 -0.15 -0.406685
      vertex 0.220096 -0.15 -0.381218
      vertex 0.205111 -0.0776457 -0.355263
    endloop
  endfacet
  facet normal -0.00158231 -0.00273928 0.00320861
    outer loop
      vertex 0.168454 -0.15 -0.406685
      vertex 0.186699 -0.212132 -0.450731
      vertex 0.220096 -0.15 -0.381218
    endloop
  endfacet
  facet normal -0.00175369 -0.00303596 0.00355613
    outer loop
      vertex 0.186699 -0.212132 -0.450731
      vertex 0.243934 -0.212132 -0.422506
      vertex 0.220096 -0.15 -0.381218
    endloop
  endfacet
  facet normal -0.00134565 -0.00395654 0.00272871
    outer loop
      vertex 0.186699 -0.212132 -0.450731
      vertex 0.210476 -0.259808 -0.508134
      vertex 0.243934 -0.212132 -0.422506
    endloop
  endfacet
  facet normal -0.00151703 -0.00446042 0.00307622
    outer loop
      vertex 0.210476 -0.259808 -0.508134
      vertex 0.275 -0.259808 -0.476314
      vertex 0.243934 -0.212132 -0.422506
    endloop
  endfacet
  facet normal -0.000953643 -0.00519427 0.0019338
    outer loop
      vertex 0.210476 -0.259808 -0.508134
      vertex 0.238165 -0.289778 -0.57498
      vertex 0.275 -0.259808 -0.476314
    endloop
  endfacet
  facet normal -0.0010791 -0.00587759 0.00218819
    outer loop
      vertex 0.238165 -0.289778 -0.57498
      vertex 0.311177 -0.289778 -0.538975
      vertex 0.275 -0.259808 -0.476314
    endloop
  endfacet
  facet normal -0.00036806 -0.00630744 0.000746352
    outer loop
      vertex 0.238165 -0.289778 -0.57498
      vertex 0.267878 -0.3 -0.646716
      vertex 0.311177 -0.289778 -0.538975
    endloop
  endfacet
  facet normal -0.00041398 -0.00709436 0.000839468
    outer loop
      vertex 0.267878 -0.3 -0.646716
      vertex 0.35 -0.3 -0.606218
      vertex 0.311177 -0.289778 -0.538975
    endloop
  endfacet
  facet normal 0.00041398 -0.00709436 -0.000839468
    outer loop
      vertex 0.267878 -0.3 -0.646716
      vertex 0.297592 -0.289778 -0.718451
      vertex 0.35 -0.3 -0.606218
    endloop
  endfacet
  facet normal 0.000459899 -0.00788128 -0.000932583
    outer loop
      vertex 0.297592 -0.289778 -0.718451
      vertex 0.388823 -0.289778 -0.673461
      vertex 0.35 -0.3 -0.606218
    endloop
  endfacet
  facet normal 0.00134836 -0.00734419 -0.0027342
    outer loop
      vertex 0.297592 -0.289778 -0.718451
      vertex 0.325281 -0.259808 -0.785298
      vertex 0.388823 -0.289778 -0.673461
    endloop
  endfacet
  facet normal 0.00147381 -0.00802751 -0.00298859
    outer loop
      vertex 0.325281 -0.259808 -0.785298
      vertex 0.425 -0.259808 -0.736122
      vertex 0.388823 -0.289778 -0.673461
    endloop
  endfacet
  facet normal 0.0023445 -0.00689338 -0.00475417
    outer loop
      vertex 0.325281 -0.259808 -0.785298
      vertex 0.349058 -0.212132 -0.8427
      vertex 0.425 -0.259808 -0.736122
    endloop
  endfacet
  facet normal 0.00251587 -0.00739726 -0.00510168
    outer loop
      vertex 0.349058 -0.212132 -0.8427
      vertex 0.456066 -0.212132 -0.78993
      vertex 0.425 -0.259808 -0.736122
    endloop
  endfacet
  facet normal 0.00327874 -0.00567612 -0.00664864
    outer loop
      vertex 0.349058 -0.212132 -0.8427
      vertex 0.367302 -0.15 -0.886747
      vertex 0.456066 -0.212132 -0.78993
    endloop
  endfacet
  facet normal 0.00345012 -0.0059728 -0.00699615
    outer loop
      vertex 0.367302 -0.15 -0.886747
      vertex 0.479904 -0.15 -0.831218
      vertex 0.456066 -0.212132 -0.78993
    endloop
  endfacet
  facet normal 0.00401775 -0.00375466 -0.00814719
    outer loop
      vertex 0.367302 -0.15 -0.886747
      vertex 0.378772 -0.0776457 -0.914435
      vertex 0.479904 -0.15 -0.831218
    endloop
  endfacet
  facet normal 0.0041432 -0.0038719 -0.00840159
    outer loop
      vertex 0.378772 -0.0776457 -0.914435
      vertex 0.494889 -0.0776457 -0.857173
      vertex 0.479904 -0.15 -0.831218
    endloop
  endfacet
  facet normal 0.00444621 -0.00132063 -0.00901601
    outer loop
      vertex 0.378772 -0.0776457 -0.914435
      vertex 0.382683 -1.93865e-15 -0.92388
      vertex 0.494889 -0.0776457 -0.857173
    endloop
  endfacet
  facet normal 0.00449213 -0.00133427 -0.00910913
    outer loop
      vertex 0.382683 -1.93865e-15 -0.92388
      vertex 0.5 -1.93865e-15 -0.866025
      vertex 0.494889 -0.0776457 -0.857173
    endloop
  endfacet
  facet normal 0.00564267 0.00133427 -0.00844486
    outer loop
      vertex 0.5 0 -0.866025
      vertex 0.494889 0.0776457 -0.857173
      vertex 0.608761 0 -0.793353
    endloop
  endfacet
  facet normal 0.00558499 0.00132063 -0.00835853
    outer loop
      vertex 0.494889 0.0776457 -0.857173
      vertex 0.602539 0.0776457 -0.785243
      vertex 0.608761 0 -0.793353
    endloop
  endfacet
  facet normal 0.00520439 0.0038719 -0.00778891
    outer loop
      vertex 0.494889 0.0776457 -0.857173
      vertex 0.479904 0.15 -0.831218
      vertex 0.602539 0.0776457 -0.785243
    endloop
  endfacet
  facet normal 0.0050468 0.00375466 -0.00755307
    outer loop
      vertex 0.479904 0.15 -0.831218
      vertex 0.584294 0.15 -0.761467
      vertex 0.602539 0.0776457 -0.785243
    endloop
  endfacet
  facet normal 0.00433378 0.0059728 -0.00648597
    outer loop
      vertex 0.479904 0.15 -0.831218
      vertex 0.456066 0.212132 -0.78993
      vertex 0.584294 0.15 -0.761467
    endloop
  endfacet
  facet normal 0.00411852 0.00567612 -0.0061638
    outer loop
      vertex 0.456066 0.212132 -0.78993
      vertex 0.555271 0.212132 -0.723643
      vertex 0.584294 0.15 -0.761467
    endloop
  endfacet
  facet normal 0.00316025 0.00739726 -0.00472965
    outer loop
      vertex 0.456066 0.212132 -0.78993
      vertex 0.425 0.259808 -0.736122
      vertex 0.555271 0.212132 -0.723643
    endloop
  endfacet
  facet normal 0.00294498 0.00689338 -0.00440748
    outer loop
      vertex 0.425 0.259808 -0.736122
      vertex 0.517447 0.259808 -0.67435
      vertex 0.555271 0.212132 -0.723643
    endloop
  endfacet
  facet normal 0.00185129 0.00802751 -0.00277065
    outer loop
      vertex 0.425 0.259808 -0.736122
      vertex 0.388823 0.289778 -0.673461
      vertex 0.517447 0.259808 -0.67435
    endloop
  endfacet
  facet normal 0.00169371 0.00734419 -0.00253481
    outer loop
      vertex 0.388823 0.289778 -0.673461
      vertex 0.473401 0.289778 -0.616948
      vertex 0.517447 0.259808 -0.67435
    endloop
  endfacet
  facet normal 0.000577691 0.00788128 -0.000864576
    outer loop
      vertex 0.388823 0.289778 -0.673461
      vertex 0.35 0.3 -0.606218
      vertex 0.473401 0.289778 -0.616948
    endloop
  endfacet
  facet normal 0.000520011 0.00709436 -0.000778251
    outer loop
      vertex 0.35 0.3 -0.606218
      vertex 0.426133 0.3 -0.555347
      vertex 0.473401 0.289778 -0.616948
    endloop
  endfacet
  facet normal -0.000520011 0.00709436 0.000778251
    outer loop
      vertex 0.35 0.3 -0.606218
      vertex 0.311177 0.289778 -0.538975
      vertex 0.426133 0.3 -0.555347
    endloop
  endfacet
  facet normal -0.00046233 0.00630744 0.000691925
    outer loop
      vertex 0.311177 0.289778 -0.538975
      vertex 0.378865 0.289778 -0.493747
      vertex 0.426133 0.3 -0.555347
    endloop
  endfacet
  facet normal -0.00135548 0.00587759 0.00202862
    outer loop
      vertex 0.311177 0.289778 -0.538975
      vertex 0.275 0.259808 -0.476314
      vertex 0.378865 0.289778 -0.493747
    endloop
  endfacet
  facet normal -0.0011979 0.00519427 0.00179278
    outer loop
      vertex 0.275 0.259808 -0.476314
      vertex 0.334819 0.259808 -0.436344
      vertex 0.378865 0.289778 -0.493747
    endloop
  endfacet
  facet normal -0.00190558 0.00446042 0.0028519
    outer loop
      vertex 0.275 0.259808 -0.476314
      vertex 0.243934 0.212132 -0.422506
      vertex 0.334819 0.259808 -0.436344
    endloop
  endfacet
  facet normal -0.00169031 0.00395654 0.00252972
    outer loop
      vertex 0.243934 0.212132 -0.422506
      vertex 0.296995 0.212132 -0.387052
      vertex 0.334819 0.259808 -0.436344
    endloop
  endfacet
  facet normal -0.00220285 0.00303596 0.0032968
    outer loop
      vertex 0.243934 0.212132 -0.422506
      vertex 0.220096 0.15 -0.381218
      vertex 0.296995 0.212132 -0.387052
    endloop
  endfacet
  facet normal -0.00198758 0.00273928 0.00297463
    outer loop
      vertex 0.220096 0.15 -0.381218
      vertex 0.267972 0.15 -0.349228
      vertex 0.296995 0.212132 -0.387052
    endloop
  endfacet
  facet normal -0.00231459 0.00172198 0.00346403
    outer loop
      vertex 0.220096 0.15 -0.381218
      vertex 0.205111 0.0776457 -0.355263
      vertex 0.267972 0.15 -0.349228
    endloop
  endfacet
  facet normal -0.002157 0.00160474 0.00322818
    outer loop
      vertex 0.205111 0.0776457 -0.355263
      vertex 0.249727 0.0776457 -0.325451
      vertex 0.267972 0.15 -0.349228
    endloop
  endfacet
  facet normal -0.00231475 0.000547348 0.00346427
    outer loop
      vertex 0.205111 0.0776457 -0.355263
      vertex 0.2 9.69327e-16 -0.34641
      vertex 0.249727 0.0776457 -0.325451
    endloop
  endfacet
  facet normal -0.00225707 0.000533709 0.00337794
    outer loop
      vertex 0.2 9.69327e-16 -0.34641
      vertex 0.243505 9.69327e-16 -0.317341
      vertex 0.249727 0.0776457 -0.325451
    endloop
  endfacet
  facet normal -0.00225707 -0.000533709 0.00337794
    outer loop
      vertex 0.2 9.69327e-16 -0.34641
      vertex 0.205111 -0.0776457 -0.355263
      vertex 0.243505 9.69327e-16 -0.317341
    endloop
  endfacet
  facet normal -0.00231475 -0.000547348 0.00346427
    outer loop
      vertex 0.205111 -0.0776457 -0.355263
      vertex 0.249727 -0.0776457 -0.325451
      vertex 0.243505 9.69327e-16 -0.317341
    endloop
  endfacet
  facet normal -0.002157 -0.00160474 0.00322818
    outer loop
      vertex 0.205111 -0.0776457 -0.355263
      vertex 0.220096 -0.15 -0.381218
      vertex 0.249727 -0.0776457 -0.325451
    endloop
  endfacet
  facet normal -0.00231459 -0.00172198 0.00346403
    outer loop
      vertex 0.220096 -0.15 -0.381218
      vertex 0.267972 -0.15 -0.349228
      vertex 0.249727 -0.0776457 -0.325451
    endloop
  endfacet
  facet normal -0.00198758 -0.00273928 0.00297463
    outer loop
      vertex 0.220096 -0.15 -0.381218
      vertex 0.243934 -0.212132 -0.422506
      vertex 0.267972 -0.15 -0.349228
    endloop
  endfacet
  facet normal -0.00220285 -0.00303596 0.0032968
    outer loop
      vertex 0.243934 -0.212132 -0.422506
      vertex 0.296995 -0.212132 -0.387052
      vertex 0.267972 -0.15 -0.349228
    endloop
  endfacet
  facet normal -0.00169031 -0.00395654 0.00252972
    outer loop
      vertex 0.243934 -0.212132 -0.422506
      vertex 0.275 -0.259808 -0.476314
      vertex 0.296995 -0.212132 -0.387052
    endloop
  endfacet
  facet normal -0.00190558 -0.00446042 0.0028519
    outer loop
      vertex 0.275 -0.259808 -0.476314
      vertex 0.334819 -0.259808 -0.436344
      vertex 0.296995 -0.212132 -0.387052
    endloop
  endfacet
  facet normal -0.0011979 -0.00519427 0.00179278
    outer loop
      vertex 0.275 -0.259808 -0.476314
      vertex 0.311177 -0.289778 -0.538975
      vertex 0.334819 -0.259808 -0.436344
    endloop
  endfacet
  facet normal -0.00135548 -0.00587759 0.00202862
    outer loop
      vertex 0.311177 -0.289778 -0.538975
      vertex 0.378865 -0.289778 -0.493747
      vertex 0.334819 -0.259808 -0.436344
    endloop
  endfacet
  facet normal -0.00046233 -0.00630744 0.000691925
    outer loop
      vertex 0.311177 -0.289778 -0.538975
      vertex 0.35 -0.3 -0.606218
      vertex 0.378865 -0.289778 -0.493747
    endloop
  endfacet
  facet normal -0.000520011 -0.00709436 0.000778251
    outer loop
      vertex 0.35 -0.3 -0.606218
      vertex 0.426133 -0.3 -0.555347
      vertex 0.378865 -0.289778 -0.493747
    endloop
  endfacet
  facet normal 0.000520011 -0.00709436 -0.000778251
    outer loop
      vertex 0.35 -0.3 -0.606218
      vertex 0.388823 -0.289778 -0.673461
      vertex 0.426133 -0.3 -0.555347
    endloop
  endfacet
  facet normal 0.000577691 -0.00788128 -0.000864576
    outer loop
      vertex 0.388823 -0.289778 -0.673461
      vertex 0.473401 -0.289778 -0.616948
      vertex 0.426133 -0.3 -0.555347
    endloop
  endfacet
  facet normal 0.00169371 -0.00734419 -0.00253481
    outer loop
      vertex 0.388823 -0.289778 -0.673461
      vertex 0.425 -0.259808 -0.736122
      vertex 0.473401 -0.289778 -0.616948
    endloop
  endfacet
  facet normal 0.00185129 -0.00802751 -0.00277065
    outer loop
      vertex 0.425 -0.259808 -0.736122
      vertex 0.517447 -0.259808 -0.67435
      vertex 0.473401 -0.289778 -0.616948
    endloop
  endfacet
  facet normal 0.00294498 -0.00689338 -0.00440748
    outer loop
      vertex 0.425 -0.259808 -0.736122
      vertex 0.456066 -0.212132 -0.78993
      vertex 0.517447 -0.259808 -0.67435
    endloop
  endfacet
  facet normal 0.00316025 -0.00739726 -0.00472965
    outer loop
      vertex 0.456066 -0.212132 -0.78993
      vertex 0.555271 -0.212132 -0.723643
      vertex 0.517447 -0.259808 -0.67435
    endloop
  endfacet
  facet normal 0.00411852 -0.00567612 -0.0061638
    outer loop
      vertex 0.456066 -0.212132 -0.78993
      vertex 0.479904 -0.15 -0.831218
      vertex 0.555271 -0.212132 -0.723643
    endloop
  endfacet
  facet normal 0.00433378 -0.0059728 -0.00648597
    outer loop
      vertex 0.479904 -0.15 -0.831218
      vertex 0.584294 -0.15 -0.761467
      vertex 0.555271 -0.212132 -0.723643
    endloop
  endfacet
  facet normal 0.0050468 -0.00375466 -0.00755307
    outer loop
      vertex 0.479904 -0.15 -0.831218
      vertex 0.494889 -0.0776457 -0.857173
      vertex 0.584294 -0.15 -0.761467
    endloop
  endfacet
  facet normal 0.00520439 -0.0038719 -0.00778891
    outer loop
      vertex 0.494889 -0.0776457 -0.857173
      vertex 0.602539 -0.0776457 -0.785243
      vertex 0.584294 -0.15 -0.761467
    endloop
  endfacet
  facet normal 0.00558499 -0.00132063 -0.00835853
    outer loop
      vertex 0.494889 -0.0776457 -0.857173
      vertex 0.5 -1.93865e-15 -0.866025
      vertex 0.602539 -0.0776457 -0.785243
    endloop
  endfacet
  facet normal 0.00564267 -0.00133427 -0.00844486
    outer loop
      vertex 0.5 -1.93865e-15 -0.866025
      vertex 0.608761 -1.93865e-15 -0.793353
      vertex 0.602539 -0.0776457 -0.785243
    endloop
  endfacet
  facet normal 0.00669668 0.00133427 -0.0076361
    outer loop
      vertex 0.608761 0 -0.793353
      vertex 0.602539 0.0776457 -0.785243
      vertex 0.707107 0 -0.707107
    endloop
  endfacet
  facet normal 0.00662822 0.00132063 -0.00755804
    outer loop
      vertex 0.602539 0.0776457 -0.785243
      vertex 0.699879 0.0776457 -0.699879
      vertex 0.707107 0 -0.707107
    endloop
  endfacet
  facet normal 0.00617652 0.0038719 -0.00704297
    outer loop
      vertex 0.602539 0.0776457 -0.785243
      vertex 0.584294 0.15 -0.761467
      vertex 0.699879 0.0776457 -0.699879
    endloop
  endfacet
  facet normal 0.0059895 0.00375466 -0.00682971
    outer loop
      vertex 0.584294 0.15 -0.761467
      vertex 0.678686 0.15 -0.678686
      vertex 0.699879 0.0776457 -0.699879
    endloop
  endfacet
  facet normal 0.0051433 0.0059728 -0.00586481
    outer loop
      vertex 0.584294 0.15 -0.761467
      vertex 0.555271 0.212132 -0.723643
      vertex 0.678686 0.15 -0.678686
    endloop
  endfacet
  facet normal 0.00488782 0.00567612 -0.00557349
    outer loop
      vertex 0.555271 0.212132 -0.723643
      vertex 0.644975 0.212132 -0.644975
      vertex 0.678686 0.15 -0.678686
    endloop
  endfacet
  facet normal 0.00375055 0.00739726 -0.00427669
    outer loop
      vertex 0.555271 0.212132 -0.723643
      vertex 0.517447 0.259808 -0.67435
      vertex 0.644975 0.212132 -0.644975
    endloop
  endfacet
  facet normal 0.00349508 0.00689338 -0.00398537
    outer loop
      vertex 0.517447 0.259808 -0.67435
      vertex 0.601041 0.259808 -0.601041
      vertex 0.644975 0.212132 -0.644975
    endloop
  endfacet
  facet normal 0.0021971 0.00802751 -0.00250531
    outer loop
      vertex 0.517447 0.259808 -0.67435
      vertex 0.473401 0.289778 -0.616948
      vertex 0.601041 0.259808 -0.601041
    endloop
  endfacet
  facet normal 0.00201007 0.00734419 -0.00229205
    outer loop
      vertex 0.473401 0.289778 -0.616948
      vertex 0.549879 0.289778 -0.549879
      vertex 0.601041 0.259808 -0.601041
    endloop
  endfacet
  facet normal 0.000685599 0.00788128 -0.000781776
    outer loop
      vertex 0.473401 0.289778 -0.616948
      vertex 0.426133 0.3 -0.555347
      vertex 0.549879 0.289778 -0.549879
    endloop
  endfacet
  facet normal 0.000617144 0.00709436 -0.000703718
    outer loop
      vertex 0.426133 0.3 -0.555347
      vertex 0.494975 0.3 -0.494975
      vertex 0.549879 0.289778 -0.549879
    endloop
  endfacet
  facet normal -0.000617144 0.00709436 0.000703718
    outer loop
      vertex 0.426133 0.3 -0.555347
      vertex 0.378865 0.289778 -0.493747
      vertex 0.494975 0.3 -0.494975
    endloop
  endfacet
  facet normal -0.000548689 0.00630744 0.00062566
    outer loop
      vertex 0.378865 0.289778 -0.493747
      vertex 0.440071 0.289778 -0.440071
      vertex 0.494975 0.3 -0.494975
    endloop
  endfacet
  facet normal -0.00160867 0.00587759 0.00183434
    outer loop
      vertex 0.378865 0.289778 -0.493747
      vertex 0.334819 0.259808 -0.436344
      vertex 0.440071 0.289778 -0.440071
    endloop
  endfacet
  facet normal -0.00142165 0.00519427 0.00162108
    outer loop
      vertex 0.334819 0.259808 -0.436344
      vertex 0.388909 0.259808 -0.388909
      vertex 0.440071 0.289778 -0.440071
    endloop
  endfacet
  facet normal -0.00226152 0.00446042 0.00257877
    outer loop
      vertex 0.334819 0.259808 -0.436344
      vertex 0.296995 0.212132 -0.387052
      vertex 0.388909 0.259808 -0.388909
    endloop
  endfacet
  facet normal -0.00200604 0.00395654 0.00228745
    outer loop
      vertex 0.296995 0.212132 -0.387052
      vertex 0.344975 0.212132 -0.344975
      vertex 0.388909 0.259808 -0.388909
    endloop
  endfacet
  facet normal -0.00261433 0.00303596 0.00298107
    outer loop
      vertex 0.296995 0.212132 -0.387052
      vertex 0.267972 0.15 -0.349228
      vertex 0.344975 0.212132 -0.344975
    endloop
  endfacet
  facet normal -0.00235885 0.00273928 0.00268975
    outer loop
      vertex 0.267972 0.15 -0.349228
      vertex 0.311263 0.15 -0.311263
      vertex 0.344975 0.212132 -0.344975
    endloop
  endfacet
  facet normal -0.00274694 0.00172198 0.00313228
    outer loop
      vertex 0.267972 0.15 -0.349228
      vertex 0.249727 0.0776457 -0.325451
      vertex 0.311263 0.15 -0.311263
    endloop
  endfacet
  facet normal -0.00255991 0.00160474 0.00291902
    outer loop
      vertex 0.249727 0.0776457 -0.325451
      vertex 0.290071 0.0776457 -0.290071
      vertex 0.311263 0.15 -0.311263
    endloop
  endfacet
  facet normal -0.00274713 0.000547348 0.0031325
    outer loop
      vertex 0.249727 0.0776457 -0.325451
      vertex 0.243505 9.69327e-16 -0.317341
      vertex 0.290071 0.0776457 -0.290071
    endloop
  endfacet
  facet normal -0.00267867 0.000533709 0.00305444
    outer loop
      vertex 0.243505 9.69327e-16 -0.317341
      vertex 0.282843 9.69327e-16 -0.282843
      vertex 0.290071 0.0776457 -0.290071
    endloop
  endfacet
  facet normal -0.00267867 -0.000533709 0.00305444
    outer loop
      vertex 0.243505 9.69327e-16 -0.317341
      vertex 0.249727 -0.0776457 -0.325451
      vertex 0.282843 9.69327e-16 -0.282843
    endloop
  endfacet
  facet normal -0.00274713 -0.000547348 0.0031325
    outer loop
      vertex 0.249727 -0.0776457 -0.325451
      vertex 0.290071 -0.0776457 -0.290071
      vertex 0.282843 9.69327e-16 -0.282843
    endloop
  endfacet
  facet normal -0.00255991 -0.00160474 0.00291902
    outer loop
      vertex 0.249727 -0.0776457 -0.325451
      vertex 0.267972 -0.15 -0.349228
      vertex 0.290071 -0.0776457 -0.290071
    endloop
  endfacet
  facet normal -0.00274694 -0.00172198 0.00313228
    outer loop
      vertex 0.267972 -0.15 -0.349228
      vertex 0.311263 -0.15 -0.311263
      vertex 0.290071 -0.0776457 -0.290071
    endloop
  endfacet
  facet normal -0.00235885 -0.00273928 0.00268975
    outer loop
      vertex 0.267972 -0.15 -0.349228
      vertex 0.296995 -0.212132 -0.387052
      vertex 0.311263 -0.15 -0.311263
    endloop
  endfacet
  facet normal -0.00261433 -0.00303596 0.00298107
    outer loop
      vertex 0.296995 -0.212132 -0.387052
      vertex 0.344975 -0.212132 -0.344975
      vertex 0.311263 -0.15 -0.311263
    endloop
  endfacet
  facet normal -0.00200604 -0.00395654 0.00228745
    outer loop
      vertex 0.296995 -0.212132 -0.387052
      vertex 0.334819 -0.259808 -0.436344
      vertex 0.344975 -0.212132 -0.344975
    endloop
  endfacet
  facet normal -0.00226152 -0.00446042 0.00257877
    outer loop
      vertex 0.334819 -0.259808 -0.436344
      vertex 0.388909 -0.259808 -0.388909
      vertex 0.344975 -0.212132 -0.344975
    endloop
  endfacet
  facet normal -0.00142165 -0.00519427 0.00162108
    outer loop
      vertex 0.334819 -0.259808 -0.436344
      vertex 0.378865 -0.289778 -0.493747
      vertex 0.388909 -0.259808 -0.388909
    endloop
  endfacet
  facet normal -0.00160867 -0.00587759 0.00183434
    outer loop
      vertex 0.378865 -0.289778 -0.493747
      vertex 0.440071 -0.289778 -0.440071
      vertex 0.388909 -0.259808 -0.388909
    endloop
  endfacet
  facet normal -0.000548689 -0.00630744 0.00062566
    outer loop
      vertex 0.378865 -0.289778 -0.493747
      vertex 0.426133 -0.3 -0.555347
      vertex 0.440071 -0.289778 -0.440071
    endloop
  endfacet
  facet normal -0.000617144 -0.00709436 0.000703718
    outer loop
      vertex 0.426133 -0.3 -0.555347
      vertex 0.494975 -0.3 -0.494975
      vertex 0.440071 -0.289778 -0.440071
    endloop
  endfacet
  facet normal 0.000617144 -0.00709436 -0.000703718
    outer loop
      vertex 0.426133 -0.3 -0.555347
      vertex 0.473401 -0.289778 -0.616948
      vertex 0.494975 -0.3 -0.494975
    endloop
  endfacet
  facet normal 0.000685599 -0.00788128 -0.000781776
    outer loop
      vertex 0.473401 -0.289778 -0.616948
      vertex 0.549879 -0.289778 -0.549879
      vertex 0.494975 -0.3 -0.494975
    endloop
  endfacet
  facet normal 0.00201007 -0.00734419 -0.00229205
    outer loop
      vertex 0.473401 -0.289778 -0.616948
      vertex 0.517447 -0.259808 -0.67435
      vertex 0.549879 -0.289778 -0.549879
    endloop
  endfacet
  facet normal 0.0021971 -0.00802751 -0.00250531
    outer loop
      vertex 0.517447 -0.259808 -0.67435
      vertex 0.601041 -0.259808 -0.601041
      vertex 0.549879 -0.289778 -0.549879
    endloop
  endfacet
  facet normal 0.00349508 -0.00689338 -0.00398537
    outer loop
      vertex 0.517447 -0.259808 -0.67435
      vertex 0.555271 -0.212132 -0.723643
      vertex 0.601041 -0.259808 -0.601041
    endloop
  endfacet
  facet normal 0.00375055 -0.00739726 -0.00427669
    outer loop
      vertex 0.555271 -0.212132 -0.723643
      vertex 0.644975 -0.212132 -0.644975
      vertex 0.601041 -0.259808 -0.601041
    endloop
  endfacet
  facet normal 0.00488782 -0.00567612 -0.00557349
    outer loop
      vertex 0.555271 -0.212132 -0.723643
      vertex 0.584294 -0.15 -0.761467
      vertex 0.644975 -0.212132 -0.644975
    endloop
  endfacet
  facet normal 0.0051433 -0.0059728 -0.00586481
    outer loop
      vertex 0.584294 -0.15 -0.761467
      vertex 0.678686 -0.15 -0.678686
      vertex 0.644975 -0.212132 -0.644975
    endloop
  endfacet
  facet normal 0.0059895 -0.00375466 -0.00682971
    outer loop
      vertex 0.584294 -0.15 -0.761467
      vertex 0.602539 -0.0776457 -0.785243
      vertex 0.678686 -0.15 -0.678686
    endloop
  endfacet
  facet normal 0.00617652 -0.0038719 -0.00704297
    outer loop
      vertex 0.602539 -0.0776457 -0.785243
      vertex 0.699879 -0.0776457 -0.699879
      vertex 0.678686 -0.15 -0.678686
    endloop
  endfacet
  facet normal 0.00662822 -0.00132063 -0.00755804
    outer loop
      vertex 0.602539 -0.0776457 -0.785243
      vertex 0.608761 -1.93865e-15 -0.793353
      vertex 0.699879 -0.0776457 -0.699879
    endloop
  endfacet
  facet normal 0.00669668 -0.00133427 -0.0076361
    outer loop
      vertex 0.608761 -1.93865e-15 -0.793353
      vertex 0.707107 -1.93865e-15 -0.707107
      vertex 0.699879 -0.0776457 -0.699879
    endloop
  endfacet
  facet normal 0.0076361 0.00133427 -0.00669668
    outer loop
      vertex 0.707107 0 -0.707107
      vertex 0.699879 0.0776457 -0.699879
      vertex 0.793353 0 -0.608761
    endloop
  endfacet
  facet normal 0.00755804 0.00132063 -0.00662822
    outer loop
      vertex 0.699879 0.0776457 -0.699879
      vertex 0.785243 0.0776457 -0.602539
      vertex 0.793353 0 -0.608761
    endloop
  endfacet
  facet normal 0.00704297 0.0038719 -0.00617652
    outer loop
      vertex 0.699879 0.0776457 -0.699879
      vertex 0.678686 0.15 -0.678686
      vertex 0.785243 0.0776457 -0.602539
    endloop
  endfacet
  facet normal 0.00682971 0.00375466 -0.0059895
    outer loop
      vertex 0.678686 0.15 -0.678686
      vertex 0.761467 0.15 -0.584294
      vertex 0.785243 0.0776457 -0.602539
    endloop
  endfacet
  facet normal 0.00586481 0.0059728 -0.0051433
    outer loop
      vertex 0.678686 0.15 -0.678686
      vertex 0.644975 0.212132 -0.644975
      vertex 0.761467 0.15 -0.584294
    endloop
  endfacet
  facet normal 0.00557349 0.00567612 -0.00488782
    outer loop
      vertex 0.644975 0.212132 -0.644975
      vertex 0.723643 0.212132 -0.555271
      vertex 0.761467 0.15 -0.584294
    endloop
  endfacet
  facet normal 0.00427669 0.00739726 -0.00375055
    outer loop
      vertex 0.644975 0.212132 -0.644975
      vertex 0.601041 0.259808 -0.601041
      vertex 0.723643 0.212132 -0.555271
    endloop
  endfacet
  facet normal 0.00398537 0.00689338 -0.00349508
    outer loop
      vertex 0.601041 0.259808 -0.601041
      vertex 0.67435 0.259808 -0.517447
      vertex 0.723643 0.212132 -0.555271
    endloop
  endfacet
  facet normal 0.00250531 0.00802751 -0.0021971
    outer loop
      vertex 0.601041 0.259808 -0.601041
      vertex 0.549879 0.289778 -0.549879
      vertex 0.67435 0.259808 -0.517447
    endloop
  endfacet
  facet normal 0.00229205 0.00734419 -0.00201007
    outer loop
      vertex 0.549879 0.289778 -0.549879
      vertex 0.616948 0.289778 -0.473401
      vertex 0.67435 0.259808 -0.517447
    endloop
  endfacet
  facet normal 0.000781776 0.00788128 -0.000685599
    outer loop
      vertex 0.549879 0.289778 -0.549879
      vertex 0.494975 0.3 -0.494975
      vertex 0.616948 0.289778 -0.473401
    endloop
  endfacet
  facet normal 0.000703718 0.00709436 -0.000617144
    outer loop
      vertex 0.494975 0.3 -0.494975
      vertex 0.555347 0.3 -0.426133
      vertex 0.616948 0.289778 -0.473401
    endloop
  endfacet
  facet normal -0.000703718 0.00709436 0.000617144
    outer loop
      vertex 0.494975 0.3 -0.494975
      vertex 0.440071 0.289778 -0.440071
      vertex 0.555347 0.3 -0.426133
    endloop
  endfacet
  facet normal -0.00062566 0.00630744 0.000548689
    outer loop
      vertex 0.440071 0.289778 -0.440071
      vertex 0.493747 0.289778 -0.378865
      vertex 0.555347 0.3 -0.426133
    endloop
  endfacet
  facet normal -0.00183434 0.00587759 0.00160867
    outer loop
      vertex 0.440071 0.289778 -0.440071
      vertex 0.388909 0.259808 -0.388909
      vertex 0.493747 0.289778 -0.378865
    endloop
  endfacet
  facet normal -0.00162108 0.00519427 0.00142165
    outer loop
      vertex 0.388909 0.259808 -0.388909
      vertex 0.436344 0.259808 -0.334819
      vertex 0.493747 0.289778 -0.378865
    endloop
  endfacet
  facet normal -0.00257877 0.00446042 0.00226152
    outer loop
      vertex 0.388909 0.259808 -0.388909
      vertex 0.344975 0.212132 -0.344975
      vertex 0.436344 0.259808 -0.334819
    endloop
  endfacet
  facet normal -0.00228745 0.00395654 0.00200604
    outer loop
      vertex 0.344975 0.212132 -0.344975
      vertex 0.387052 0.212132 -0.296995
      vertex 0.436344 0.259808 -0.334819
    endloop
  endfacet
  facet normal -0.00298107 0.00303596 0.00261433
    outer loop
      vertex 0.344975 0.212132 -0.344975
      vertex 0.311263 0.15 -0.311263
      vertex 0.387052 0.212132 -0.296995
    endloop
  endfacet
  facet normal -0.00268975 0.00273928 0.00235885
    outer loop
      vertex 0.311263 0.15 -0.311263
      vertex 0.349228 0.15 -0.267972
      vertex 0.387052 0.212132 -0.296995
    endloop
  endfacet
  facet normal -0.00313228 0.00172198 0.00274694
    outer loop
      vertex 0.311263 0.15 -0.311263
      vertex 0.290071 0.0776457 -0.290071
      vertex 0.349228 0.15 -0.267972
    endloop
  endfacet
  facet normal -0.00291902 0.00160474 0.00255991
    outer loop
      vertex 0.290071 0.0776457 -0.290071
      vertex 0.325451 0.0776457 -0.249727
      vertex 0.349228 0.15 -0.267972
    endloop
  endfacet
  facet normal -0.0031325 0.000547348 0.00274713
    outer loop
      vertex 0.290071 0.0776457 -0.290071
      vertex 0.282843 9.69327e-16 -0.282843
      vertex 0.325451 0.0776457 -0.249727
    endloop
  endfacet
  facet normal -0.00305444 0.000533709 0.00267867
    outer loop
      vertex 0.282843 9.69327e-16 -0.282843
      vertex 0.317341 9.69327e-16 -0.243505
      vertex 0.325451 0.0776457 -0.249727
    endloop
  endfacet
  facet normal -0.00305444 -0.000533709 0.00267867
    outer loop
      vertex 0.282843 9.69327e-16 -0.282843
      vertex 0.290071 -0.0776457 -0.290071
      vertex 0.317341 9.69327e-16 -0.243505
    endloop
  endfacet
  facet normal -0.0031325 -0.000547348 0.00274713
    outer loop
      vertex 0.290071 -0.0776457 -0.290071
      vertex 0.325451 -0.0776457 -0.249727
      vertex 0.317341 9.69327e-16 -0.243505
    endloop
  endfacet
  facet normal -0.00291902 -0.00160474 0.00255991
    outer loop
      vertex 0.290071 -0.0776457 -0.290071
      vertex 0.311263 -0.15 -0.311263
      vertex 0.325451 -0.0776457 -0.249727
    endloop
  endfacet
  facet normal -0.00313228 -0.00172198 0.00274694
    outer loop
      vertex 0.311263 -0.15 -0.311263
      vertex 0.349228 -0.15 -0.267972
      vertex 0.325451 -0.0776457 -0.249727
    endloop
  endfacet
  facet normal -0.00268975 -0.00273928 0.00235885
    outer loop
      vertex 0.311263 -0.15 -0.311263
      vertex 0.344975 -0.212132 -0.344975
      vertex 0.349228 -0.15 -0.267972
    endloop
  endfacet
  facet normal -0.00298107 -0.00303596 0.00261433
    outer loop
      vertex 0.344975 -0.212132 -0.344975
      vertex 0.387052 -0.212132 -0.296995
      vertex 0.349228 -0.15 -0.267972
    endloop
  endfacet
  facet normal -0.00228745 -0.00395654 0.00200604
    outer loop
      vertex 0.344975 -0.212132 -0.344975
      vertex 0.388909 -0.259808 -0.388909
      vertex 0.387052 -0.212132 -0.296995
    endloop
  endfacet
  facet normal -0.00257877 -0.00446042 0.00226152
    outer loop
      vertex 0.388909 -0.259808 -0.388909
      vertex 0.436344 -0.259808 -0.334819
      vertex 0.387052 -0.212132 -0.296995
    endloop
  endfacet
  facet normal -0.00162108 -0.00519427 0.00142165
    outer loop
      vertex 0.388909 -0.259808 -0.388909
      vertex 0.440071 -0.289778 -0.440071
      vertex 0.436344 -0.259808 -0.334819
    endloop
  endfacet
  facet normal -0.00183434 -0.00587759 0.00160867
    outer loop
      vertex 0.440071 -0.289778 -0.440071
      vertex 0.493747 -0.289778 -0.378865
      vertex 0.436344 -0.259808 -0.334819
    endloop
  endfacet
  facet normal -0.00062566 -0.00630744 0.000548689
    outer loop
      vertex 0.440071 -0.289778 -0.440071
      vertex 0.494975 -0.3 -0.494975
      vertex 0.493747 -0.289778 -0.378865
    endloop
  endfacet
  facet normal -0.000703718 -0.00709436 0.000617144
    outer loop
      vertex 0.494975 -0.3 -0.494975
      vertex 0.555347 -0.3 -0.426133
      vertex 0.493747 -0.289778 -0.378865
    endloop
  endfacet
  facet normal 0.000703718 -0.00709436 -0.000617144
    outer loop
      vertex 0.494975 -0.3 -0.494975
      vertex 0.549879 -0.289778 -0.549879
      vertex 0.555347 -0.3 -0.426133
    endloop
  endfacet
  facet normal 0.000781776 -0.00788128 -0.000685599
    outer loop
      vertex 0.549879 -0.289778 -0.549879
      vertex 0.616948 -0.289778 -0.473401
      vertex 0.555347 -0.3 -0.426133
    endloop
  endfacet
  facet normal 0.00229205 -0.00734419 -0.00201007
    outer loop
      vertex 0.549879 -0.289778 -0.549879
      vertex 0.601041 -0.259808 -0.601041
      vertex 0.616948 -0.289778 -0.473401
    endloop
  endfacet
  facet normal 0.00250531 -0.00802751 -0.0021971
    outer loop
      vertex 0.601041 -0.259808 -0.601041
      vertex 0.67435 -0.259808 -0.517447
      vertex 0.616948 -0.289778 -0.473401
    endloop
  endfacet
  facet normal 0.00398537 -0.00689338 -0.00349508
    outer loop
      vertex 0.601041 -0.259808 -0.601041
      vertex 0.644975 -0.212132 -0.644975
      vertex 0.67435 -0.259808 -0.517447
    endloop
  endfacet
  facet normal 0.00427669 -0.00739726 -0.00375055
    outer loop
      vertex 0.644975 -0.212132 -0.644975
      vertex 0.723643 -0.212132 -0.555271
      vertex 0.67435 -0.259808 -0.517447
    endloop
  endfacet
  facet normal 0.00557349 -0.00567612 -0.00488782
    outer loop
      vertex 0.644975 -0.212132 -0.644975
      vertex 0.678686 -0.15 -0.678686
      vertex 0.723643 -0.212132 -0.555271
    endloop
  endfacet
  facet normal 0.00586481 -0.0059728 -0.0051433
    outer loop
      vertex 0.678686 -0.15 -0.678686
      vertex 0.761467 -0.15 -0.584294
      vertex 0.723643 -0.212132 -0.555271
    endloop
  endfacet
  facet normal 0.00682971 -0.00375466 -0.0059895
    outer loop
      vertex 0.678686 -0.15 -0.678686
      vertex 0.699879 -0.0776457 -0.699879
      vertex 0.761467 -0.15 -0.584294
    endloop
  endfacet
  facet normal 0.00704297 -0.0038719 -0.00617652
    outer loop
      vertex 0.699879 -0.0776457 -0.699879
      vertex 0.785243 -0.0776457 -0.602539
      vertex 0.761467 -0.15 -0.584294
    endloop
  endfacet
  facet normal 0.00755804 -0.00132063 -0.00662822
    outer loop
      vertex 0.699879 -0.0776457 -0.699879
      vertex 0.707107 -1.93865e-15 -0.707107
      vertex 0.785243 -0.0776457 -0.602539
    endloop
  endfacet
  facet normal 0.0076361 -0.00133427 -0.00669668
    outer loop
      vertex 0.707107 -1.93865e-15 -0.707107
      vertex 0.793353 -1.93865e-15 -0.608761
      vertex 0.785243 -0.0776457 -0.602539
    endloop
  endfacet
  facet normal 0.00844486 0.00133427 -0.00564267
    outer loop
      vertex 0.793353 0 -0.608761
      vertex 0.785243 0.0776457 -0.602539
      vertex 0.866025 0 -0.5
    endloop
  endfacet
  facet normal 0.00835853 0.00132063 -0.00558499
    outer loop
      vertex 0.785243 0.0776457 -0.602539
      vertex 0.857173 0.0776457 -0.494889
      vertex 0.866025 0 -0.5
    endloop
  endfacet
  facet normal 0.00778891 0.0038719 -0.00520439
    outer loop
      vertex 0.785243 0.0776457 -0.602539
      vertex 0.761467 0.15 -0.584294
      vertex 0.857173 0.0776457 -0.494889
    endloop
  endfacet
  facet normal 0.00755307 0.00375466 -0.0050468
    outer loop
      vertex 0.761467 0.15 -0.584294
      vertex 0.831218 0.15 -0.479904
      vertex 0.857173 0.0776457 -0.494889
    endloop
  endfacet
  facet normal 0.00648597 0.0059728 -0.00433378
    outer loop
      vertex 0.761467 0.15 -0.584294
      vertex 0.723643 0.212132 -0.555271
      vertex 0.831218 0.15 -0.479904
    endloop
  endfacet
  facet normal 0.0061638 0.00567612 -0.00411852
    outer loop
      vertex 0.723643 0.212132 -0.555271
      vertex 0.78993 0.212132 -0.456066
      vertex 0.831218 0.15 -0.479904
    endloop
  endfacet
  facet normal 0.00472965 0.00739726 -0.00316025
    outer loop
      vertex 0.723643 0.212132 -0.555271
      vertex 0.67435 0.259808 -0.517447
      vertex 0.78993 0.212132 -0.456066
    endloop
  endfacet
  facet normal 0.00440748 0.00689338 -0.00294498
    outer loop
      vertex 0.67435 0.259808 -0.517447
      vertex 0.736122 0.259808 -0.425
      vertex 0.78993 0.212132 -0.456066
    endloop
  endfacet
  facet normal 0.00277065 0.00802751 -0.00185129
    outer loop
      vertex 0.67435 0.259808 -0.517447
      vertex 0.616948 0.289778 -0.473401
      vertex 0.736122 0.259808 -0.425
    endloop
  endfacet
  facet normal 0.00253481 0.00734419 -0.00169371
    outer loop
      vertex 0.616948 0.289778 -0.473401
      vertex 0.673461 0.289778 -0.388823
      vertex 0.736122 0.259808 -0.425
    endloop
  endfacet
  facet normal 0.000864576 0.00788128 -0.000577691
    outer loop
      vertex 0.616948 0.289778 -0.473401
      vertex 0.555347 0.3 -0.426133
      vertex 0.673461 0.289778 -0.388823
    endloop
  endfacet
  facet normal 0.000778251 0.00709436 -0.000520011
    outer loop
      vertex 0.555347 0.3 -0.426133
      vertex 0.606218 0.3 -0.35
      vertex 0.673461 0.289778 -0.388823
    endloop
  endfacet
  facet normal -0.000778251 0.00709436 0.000520011
    outer loop
      vertex 0.555347 0.3 -0.426133
      vertex 0.493747 0.289778 -0.378865
      vertex 0.606218 0.3 -0.35
    endloop
  endfacet
  facet normal -0.000691925 0.00630744 0.00046233
    outer loop
      vertex 0.493747 0.289778 -0.378865
      vertex 0.538975 0.289778 -0.311177
      vertex 0.606218 0.3 -0.35
    endloop
  endfacet
  facet normal -0.00202862 0.00587759 0.00135548
    outer loop
      vertex 0.493747 0.289778 -0.378865
      vertex 0.436344 0.259808 -0.334819
      vertex 0.538975 0.289778 -0.311177
    endloop
  endfacet
  facet normal -0.00179278 0.00519427 0.0011979
    outer loop
      vertex 0.436344 0.259808 -0.334819
      vertex 0.476314 0.259808 -0.275
      vertex 0.538975 0.289778 -0.311177
    endloop
  endfacet
  facet normal -0.0028519 0.00446042 0.00190558
    outer loop
      vertex 0.436344 0.259808 -0.334819
      vertex 0.387052 0.212132 -0.296995
      vertex 0.476314 0.259808 -0.275
    endloop
  endfacet
  facet normal -0.00252972 0.00395654 0.00169031
    outer loop
      vertex 0.387052 0.212132 -0.296995
      vertex 0.422506 0.212132 -0.243934
      vertex 0.476314 0.259808 -0.275
    endloop
  endfacet
  facet normal -0.0032968 0.00303596 0.00220285
    outer loop
      vertex 0.387052 0.212132 -0.296995
      vertex 0.349228 0.15 -0.267972
      vertex 0.422506 0.212132 -0.243934
    endloop
  endfacet
  facet normal -0.00297463 0.00273928 0.00198758
    outer loop
      vertex 0.349228 0.15 -0.267972
      vertex 0.381218 0.15 -0.220096
      vertex 0.422506 0.212132 -0.243934
    endloop
  endfacet
  facet normal -0.00346403 0.00172198 0.00231459
    outer loop
      vertex 0.349228 0.15 -0.267972
      vertex 0.325451 0.0776457 -0.249727
      vertex 0.381218 0.15 -0.220096
    endloop
  endfacet
  facet normal -0.00322818 0.00160474 0.002157
    outer loop
      vertex 0.325451 0.0776457 -0.249727
      vertex 0.355263 0.0776457 -0.205111
      vertex 0.381218 0.15 -0.220096
    endloop
  endfacet
  facet normal -0.00346427 0.000547348 0.00231475
    outer loop
      vertex 0.325451 0.0776457 -0.249727
      vertex 0.317341 9.69327e-16 -0.243505
      vertex 0.355263 0.0776457 -0.205111
    endloop
  endfacet
  facet normal -0.00337794 0.000533709 0.00225707
    outer loop
      vertex 0.317341 9.69327e-16 -0.243505
      vertex 0.34641 9.69327e-16 -0.2
      vertex 0.355263 0.0776457 -0.205111
    endloop
  endfacet
  facet normal -0.00337794 -0.000533709 0.00225707
    outer loop
      vertex 0.317341 9.69327e-16 -0.243505
      vertex 0.325451 -0.0776457 -0.249727
      vertex 0.34641 9.69327e-16 -0.2
    endloop
  endfacet
  facet normal -0.00346427 -0.000547348 0.00231475
    outer loop
      vertex 0.325451 -0.0776457 -0.249727
      vertex 0.355263 -0.0776457 -0.205111
      vertex 0.34641 9.69327e-16 -0.2
    endloop
  endfacet
  facet normal -0.00322818 -0.00160474 0.002157
    outer loop
      vertex 0.325451 -0.0776457 -0.249727
      vertex 0.349228 -0.15 -0.267972
      vertex 0.355263 -0.0776457 -0.205111
    endloop
  endfacet
  facet normal -0.00346403 -0.00172198 0.00231459
    outer loop
      vertex 0.349228 -0.15 -0.267972
      vertex 0.381218 -0.15 -0.220096
      vertex 0.355263 -0.0776457 -0.205111
    endloop
  endfacet
  facet normal -0.00297463 -0.00273928 0.00198758
    outer loop
      vertex 0.349228 -0.15 -0.267972
      vertex 0.387052 -0.212132 -0.296995
      vertex 0.381218 -0.15 -0.220096
    endloop
  endfacet
  facet normal -0.0032968 -0.00303596 0.00220285
    outer loop
      vertex 0.387052 -0.212132 -0.296995
      vertex 0.422506 -0.212132 -0.243934
      vertex 0.381218 -0.15 -0.220096
    endloop
  endfacet
  facet normal -0.00252972 -0.00395654 0.00169031
    outer loop
      vertex 0.387052 -0.212132 -0.296995
      vertex 0.436344 -0.259808 -0.334819
      vertex 0.422506 -0.212132 -0.243934
    endloop
  endfacet
  facet normal -0.0028519 -0.00446042 0.00190558
    outer loop
      vertex 0.436344 -0.259808 -0.334819
      vertex 0.476314 -0.259808 -0.275
      vertex 0.422506 -0.212132 -0.243934
    endloop
  endfacet
  facet normal -0.00179278 -0.00519427 0.0011979
    outer loop
      vertex 0.436344 -0.259808 -0.334819
      vertex 0.493747 -0.289778 -0.378865
      vertex 0.476314 -0.259808 -0.275
    endloop
  endfacet
  facet normal -0.00202862 -0.00587759 0.00135548
    outer loop
      vertex 0.493747 -0.289778 -0.378865
      vertex 0.538975 -0.289778 -0.311177
      vertex 0.476314 -0.259808 -0.275
    endloop
  endfacet
  facet normal -0.000691925 -0.00630744 0.00046233
    outer loop
      vertex 0.493747 -0.289778 -0.378865
      vertex 0.555347 -0.3 -0.426133
      vertex 0.538975 -0.289778 -0.311177
    endloop
  endfacet
  facet normal -0.000778251 -0.00709436 0.000520011
    outer loop
      vertex 0.555347 -0.3 -0.426133
      vertex 0.606218 -0.3 -0.35
      vertex 0.538975 -0.289778 -0.311177
    endloop
  endfacet
  facet normal 0.000778251 -0.00709436 -0.000520011
    outer loop
      vertex 0.555347 -0.3 -0.426133
      vertex 0.616948 -0.289778 -0.473401
      vertex 0.606218 -0.3 -0.35
    endloop
  endfacet
  facet normal 0.000864576 -0.00788128 -0.000577691
    outer loop
      vertex 0.616948 -0.289778 -0.473401
      vertex 0.673461 -0.289778 -0.388823
      vertex 0.606218 -0.3 -0.35
    endloop
  endfacet
  facet normal 0.00253481 -0.00734419 -0.00169371
    outer loop
      vertex 0.616948 -0.289778 -0.473401
      vertex 0.67435 -0.259808 -0.517447
      vertex 0.673461 -0.289778 -0.388823
    endloop
  endfacet
  facet normal 0.00277065 -0.00802751 -0.00185129
    outer loop
      vertex 0.67435 -0.259808 -0.517447
      vertex 0.736122 -0.259808 -0.425
      vertex 0.673461 -0.289778 -0.388823
    endloop
  endfacet
  facet normal 0.00440748 -0.00689338 -0.00294498
    outer loop
      vertex 0.67435 -0.259808 -0.517447
      vertex 0.723643 -0.212132 -0.555271
      vertex 0.736122 -0.259808 -0.425
    endloop
  endfacet
  facet normal 0.00472965 -0.00739726 -0.00316025
    outer loop
      vertex 0.723643 -0.212132 -0.555271
      vertex 0.78993 -0.212132 -0.456066
      vertex 0.736122 -0.259808 -0.425
    endloop
  endfacet
  facet normal 0.0061638 -0.00567612 -0.00411852
    outer loop
      vertex 0.723643 -0.212132 -0.555271
      vertex 0.761467 -0.15 -0.584294
      vertex 0.78993 -0.212132 -0.456066
    endloop
  endfacet
  facet normal 0.00648597 -0.0059728 -0.00433378
    outer loop
      vertex 0.761467 -0.15 -0.584294
      vertex 0.831218 -0.15 -0.479904
      vertex 0.78993 -0.212132 -0.456066
    endloop
  endfacet
  facet normal 0.00755307 -0.00375466 -0.0050468
    outer loop
      vertex 0.761467 -0.15 -0.584294
      vertex 0.785243 -0.0776457 -0.602539
      vertex 0.831218 -0.15 -0.479904
    endloop
  endfacet
  facet normal 0.00778891 -0.0038719 -0.00520439
    outer loop
      vertex 0.785243 -0.0776457 -0.602539
      vertex 0.857173 -0.0776457 -0.494889
      vertex 0.831218 -0.15 -0.479904
    endloop
  endfacet
  facet normal 0.00835853 -0.00132063 -0.00558499
    outer loop
      vertex 0.785243 -0.0776457 -0.602539
      vertex 0.793353 -1.93865e-15 -0.608761
      vertex 0.857173 -0.0776457 -0.494889
    endloop
  endfacet
  facet normal 0.00844486 -0.00133427 -0.00564267
    outer loop
      vertex 0.793353 -1.93865e-15 -0.608761
      vertex 0.866025 -1.93865e-15 -0.5
      vertex 0.857173 -0.0776457 -0.494889
    endloop
  endfacet
  facet normal 0.00910913 0.00133427 -0.00449213
    outer loop
      vertex 0.866025 0 -0.5
      vertex 0.857173 0.0776457 -0.494889
      vertex 0.92388 0 -0.382683
    endloop
  endfacet
  facet normal 0.00901601 0.00132063 -0.00444621
    outer loop
      vertex 0.857173 0.0776457 -0.494889
      vertex 0.914435 0.0776457 -0.378772
      vertex 0.92388 0 -0.382683
    endloop
  endfacet
  facet normal 0.00840159 0.0038719 -0.0041432
    outer loop
      vertex 0.857173 0.0776457 -0.494889
      vertex 0.831218 0.15 -0.479904
      vertex 0.914435 0.0776457 -0.378772
    endloop
  endfacet
  facet normal 0.00814719 0.00375466 -0.00401775
    outer loop
      vertex 0.831218 0.15 -0.479904
      vertex 0.886747 0.15 -0.367302
      vertex 0.914435 0.0776457 -0.378772
    endloop
  endfacet
  facet normal 0.00699615 0.0059728 -0.00345012
    outer loop
      vertex 0.831218 0.15 -0.479904
      vertex 0.78993 0.212132 -0.456066
      vertex 0.886747 0.15 -0.367302
    endloop
  endfacet
  facet normal 0.00664864 0.00567612 -0.00327874
    outer loop
      vertex 0.78993 0.212132 -0.456066
      vertex 0.8427 0.212132 -0.349058
      vertex 0.886747 0.15 -0.367302
    endloop
  endfacet
  facet normal 0.00510168 0.00739726 -0.00251587
    outer loop
      vertex 0.78993 0.212132 -0.456066
      vertex 0.736122 0.259808 -0.425
      vertex 0.8427 0.212132 -0.349058
    endloop
  endfacet
  facet normal 0.00475417 0.00689338 -0.0023445
    outer loop
      vertex 0.736122 0.259808 -0.425
      vertex 0.785298 0.259808 -0.325281
      vertex 0.8427 0.212132 -0.349058
    endloop
  endfacet
  facet normal 0.00298859 0.00802751 -0.00147381
    outer loop
      vertex 0.736122 0.259808 -0.425
      vertex 0.673461 0.289778 -0.388823
      vertex 0.785298 0.259808 -0.325281
    endloop
  endfacet
  facet normal 0.0027342 0.00734419 -0.00134836
    outer loop
      vertex 0.673461 0.289778 -0.388823
      vertex 0.718451 0.289778 -0.297592
      vertex 0.785298 0.259808 -0.325281
    endloop
  endfacet
  facet normal 0.000932583 0.00788128 -0.000459899
    outer loop
      vertex 0.673461 0.289778 -0.388823
      vertex 0.606218 0.3 -0.35
      vertex 0.718451 0.289778 -0.297592
    endloop
  endfacet
  facet normal 0.000839468 0.00709436 -0.00041398
    outer loop
      vertex 0.606218 0.3 -0.35
      vertex 0.646716 0.3 -0.267878
      vertex 0.718451 0.289778 -0.297592
    endloop
  endfacet
  facet normal -0.000839468 0.00709436 0.00041398
    outer loop
      vertex 0.606218 0.3 -0.35
      vertex 0.538975 0.289778 -0.311177
      vertex 0.646716 0.3 -0.267878
    endloop
  endfacet
  facet normal -0.000746352 0.00630744 0.00036806
    outer loop
      vertex 0.538975 0.289778 -0.311177
      vertex 0.57498 0.289778 -0.238165
      vertex 0.646716 0.3 -0.267878
    endloop
  endfacet
  facet normal -0.00218819 0.00587759 0.0010791
    outer loop
      vertex 0.538975 0.289778 -0.311177
      vertex 0.476314 0.259808 -0.275
      vertex 0.57498 0.289778 -0.238165
    endloop
  endfacet
  facet normal -0.0019338 0.00519427 0.000953643
    outer loop
      vertex 0.476314 0.259808 -0.275
      vertex 0.508134 0.259808 -0.210476
      vertex 0.57498 0.289778 -0.238165
    endloop
  endfacet
  facet normal -0.00307622 0.00446042 0.00151703
    outer loop
      vertex 0.476314 0.259808 -0.275
      vertex 0.422506 0.212132 -0.243934
      vertex 0.508134 0.259808 -0.210476
    endloop
  endfacet
  facet normal -0.00272871 0.00395654 0.00134565
    outer loop
      vertex 0.422506 0.212132 -0.243934
      vertex 0.450731 0.212132 -0.186699
      vertex 0.508134 0.259808 -0.210476
    endloop
  endfacet
  facet normal -0.00355613 0.00303596 0.00175369
    outer loop
      vertex 0.422506 0.212132 -0.243934
      vertex 0.381218 0.15 -0.220096
      vertex 0.450731 0.212132 -0.186699
    endloop
  endfacet
  facet normal -0.00320861 0.00273928 0.00158231
    outer loop
      vertex 0.381218 0.15 -0.220096
      vertex 0.406685 0.15 -0.168454
      vertex 0.450731 0.212132 -0.186699
    endloop
  endfacet
  facet normal -0.00373651 0.00172198 0.00184264
    outer loop
      vertex 0.381218 0.15 -0.220096
      vertex 0.355263 0.0776457 -0.205111
      vertex 0.406685 0.15 -0.168454
    endloop
  endfacet
  facet normal -0.00348211 0.00160474 0.00171719
    outer loop
      vertex 0.355263 0.0776457 -0.205111
      vertex 0.378996 0.0776457 -0.156985
      vertex 0.406685 0.15 -0.168454
    endloop
  endfacet
  facet normal -0.00373677 0.000547348 0.00184277
    outer loop
      vertex 0.355263 0.0776457 -0.205111
      vertex 0.34641 9.69327e-16 -0.2
      vertex 0.378996 0.0776457 -0.156985
    endloop
  endfacet
  facet normal -0.00364365 0.000533709 0.00179685
    outer loop
      vertex 0.34641 9.69327e-16 -0.2
      vertex 0.369552 9.69327e-16 -0.153073
      vertex 0.378996 0.0776457 -0.156985
    endloop
  endfacet
  facet normal -0.00364365 -0.000533709 0.00179685
    outer loop
      vertex 0.34641 9.69327e-16 -0.2
      vertex 0.355263 -0.0776457 -0.205111
      vertex 0.369552 9.69327e-16 -0.153073
    endloop
  endfacet
  facet normal -0.00373677 -0.000547348 0.00184277
    outer loop
      vertex 0.355263 -0.0776457 -0.205111
      vertex 0.378996 -0.0776457 -0.156985
      vertex 0.369552 9.69327e-16 -0.153073
    endloop
  endfacet
  facet normal -0.00348211 -0.00160474 0.00171719
    outer loop
      vertex 0.355263 -0.0776457 -0.205111
      vertex 0.381218 -0.15 -0.220096
      vertex 0.378996 -0.0776457 -0.156985
    endloop
  endfacet
  facet normal -0.00373651 -0.00172198 0.00184264
    outer loop
      vertex 0.381218 -0.15 -0.220096
      vertex 0.406685 -0.15 -0.168454
      vertex 0.378996 -0.0776457 -0.156985
    endloop
  endfacet
  facet normal -0.00320861 -0.00273928 0.00158231
    outer loop
      vertex 0.381218 -0.15 -0.220096
      vertex 0.422506 -0.212132 -0.243934
      vertex 0.406685 -0.15 -0.168454
    endloop
  endfacet
  facet normal -0.00355613 -0.00303596 0.00175369
    outer loop
      vertex 0.422506 -0.212132 -0.243934
      vertex 0.450731 -0.212132 -0.186699
      vertex 0.406685 -0.15 -0.168454
    endloop
  endfacet
  facet normal -0.00272871 -0.00395654 0.00134565
    outer loop
      vertex 0.422506 -0.212132 -0.243934
      vertex 0.476314 -0.259808 -0.275
      vertex 0.450731 -0.212132 -0.186699
    endloop
  endfacet
  facet normal -0.00307622 -0.00446042 0.00151703
    outer loop
      vertex 0.476314 -0.259808 -0.275
      vertex 0.508134 -0.259808 -0.210476
      vertex 0.450731 -0.212132 -0.186699
    endloop
  endfacet
  facet normal -0.0019338 -0.00519427 0.000953643
    outer loop
      vertex 0.476314 -0.259808 -0.275
      vertex 0.538975 -0.289778 -0.311177
      vertex 0.508134 -0.259808 -0.210476
    endloop
  endfacet
  facet normal -0.00218819 -0.00587759 0.0010791
    outer loop
      vertex 0.538975 -0.289778 -0.311177
      vertex 0.57498 -0.289778 -0.238165
      vertex 0.508134 -0.259808 -0.210476
    endloop
  endfacet
  facet normal -0.000746352 -0.00630744 0.00036806
    outer loop
      vertex 0.538975 -0.289778 -0.311177
      vertex 0.606218 -0.3 -0.35
      vertex 0.57498 -0.289778 -0.238165
    endloop
  endfacet
  facet normal -0.000839468 -0.00709436 0.00041398
    outer loop
      vertex 0.606218 -0.3 -0.35
      vertex 0.646716 -0.3 -0.267878
      vertex 0.57498 -0.289778 -0.238165
    endloop
  endfacet
  facet normal 0.000839468 -0.00709436 -0.00041398
    outer loop
      vertex 0.606218 -0.3 -0.35
      vertex 0.673461 -0.289778 -0.388823
      vertex 0.646716 -0.3 -0.267878
    endloop
  endfacet
  facet normal 0.000932583 -0.00788128 -0.000459899
    outer loop
      vertex 0.673461 -0.289778 -0.388823
      vertex 0.718451 -0.289778 -0.297592
      vertex 0.646716 -0.3 -0.267878
    endloop
  endfacet
  facet normal 0.0027342 -0.00734419 -0.00134836
    outer loop
      vertex 0.673461 -0.289778 -0.388823
      vertex 0.736122 -0.259808 -0.425
      vertex 0.718451 -0.289778 -0.297592
    endloop
  endfacet
  facet normal 0.00298859 -0.00802751 -0.00147381
    outer loop
      vertex 0.736122 -0.259808 -0.425
      vertex 0.785298 -0.259808 -0.325281
      vertex 0.718451 -0.289778 -0.297592
    endloop
  endfacet
  facet normal 0.00475417 -0.00689338 -0.0023445
    outer loop
      vertex 0.736122 -0.259808 -0.425
      vertex 0.78993 -0.212132 -0.456066
      vertex 0.785298 -0.259808 -0.325281
    endloop
  endfacet
  facet normal 0.00510168 -0.00739726 -0.00251587
    outer loop
      vertex 0.78993 -0.212132 -0.456066
      vertex 0.8427 -0.212132 -0.349058
      vertex 0.785298 -0.259808 -0.325281
    endloop
  endfacet
  facet normal 0.00664864 -0.00567612 -0.00327874
    outer loop
      vertex 0.78993 -0.212132 -0.456066
      vertex 0.831218 -0.15 -0.479904
      vertex 0.8427 -0.212132 -0.349058
    endloop
  endfacet
  facet normal 0.00699615 -0.0059728 -0.00345012
    outer loop
      vertex 0.831218 -0.15 -0.479904
      vertex 0.886747 -0.15 -0.367302
      vertex 0.8427 -0.212132 -0.349058
    endloop
  endfacet
  facet normal 0.00814719 -0.00375466 -0.00401775
    outer loop
      vertex 0.831218 -0.15 -0.479904
      vertex 0.857173 -0.0776457 -0.494889
      vertex 0.886747 -0.15 -0.367302
    endloop
  endfacet
  facet normal 0.00840159 -0.0038719 -0.0041432
    outer loop
      vertex 0.857173 -0.0776457 -0.494889
      vertex 0.914435 -0.0776457 -0.378772
      vertex 0.886747 -0.15 -0.367302
    endloop
  endfacet
  facet normal 0.00901601 -0.00132063 -0.00444621
    outer loop
      vertex 0.857173 -0.0776457 -0.494889
      vertex 0.866025 -1.93865e-15 -0.5
      vertex 0.914435 -0.0776457 -0.378772
    endloop
  endfacet
  facet normal 0.00910913 -0.00133427 -0.00449213
    outer loop
      vertex 0.866025 -1.93865e-15 -0.5
      vertex 0.92388 -1.93865e-15 -0.382683
      vertex 0.914435 -0.0776457 -0.378772
    endloop
  endfacet
  facet normal 0.00961754 0.00133427 -0.00326471
    outer loop
      vertex 0.92388 0 -0.382683
      vertex 0.914435 0.0776457 -0.378772
      vertex 0.965926 0 -0.258819
    endloop
  endfacet
  facet normal 0.00951923 0.00132063 -0.00323134
    outer loop
      vertex 0.914435 0.0776457 -0.378772
      vertex 0.956052 0.0776457 -0.256173
      vertex 0.965926 0 -0.258819
    endloop
  endfacet
  facet normal 0.00887051 0.0038719 -0.00301113
    outer loop
      vertex 0.914435 0.0776457 -0.378772
      vertex 0.886747 0.15 -0.367302
      vertex 0.956052 0.0776457 -0.256173
    endloop
  endfacet
  facet normal 0.00860191 0.00375466 -0.00291996
    outer loop
      vertex 0.886747 0.15 -0.367302
      vertex 0.927103 0.15 -0.248416
      vertex 0.956052 0.0776457 -0.256173
    endloop
  endfacet
  facet normal 0.00738663 0.0059728 -0.00250742
    outer loop
      vertex 0.886747 0.15 -0.367302
      vertex 0.8427 0.212132 -0.349058
      vertex 0.927103 0.15 -0.248416
    endloop
  endfacet
  facet normal 0.00701972 0.00567612 -0.00238287
    outer loop
      vertex 0.8427 0.212132 -0.349058
      vertex 0.881052 0.212132 -0.236077
      vertex 0.927103 0.15 -0.248416
    endloop
  endfacet
  facet normal 0.00538642 0.00739726 -0.00182844
    outer loop
      vertex 0.8427 0.212132 -0.349058
      vertex 0.785298 0.259808 -0.325281
      vertex 0.881052 0.212132 -0.236077
    endloop
  endfacet
  facet normal 0.00501951 0.00689338 -0.00170389
    outer loop
      vertex 0.785298 0.259808 -0.325281
      vertex 0.821037 0.259808 -0.219996
      vertex 0.881052 0.212132 -0.236077
    endloop
  endfacet
  facet normal 0.0031554 0.00802751 -0.00107111
    outer loop
      vertex 0.785298 0.259808 -0.325281
      vertex 0.718451 0.289778 -0.297592
      vertex 0.821037 0.259808 -0.219996
    endloop
  endfacet
  facet normal 0.0028868 0.00734419 -0.000979937
    outer loop
      vertex 0.718451 0.289778 -0.297592
      vertex 0.751148 0.289778 -0.20127
      vertex 0.821037 0.259808 -0.219996
    endloop
  endfacet
  facet normal 0.000984634 0.00788128 -0.000334238
    outer loop
      vertex 0.718451 0.289778 -0.297592
      vertex 0.646716 0.3 -0.267878
      vertex 0.751148 0.289778 -0.20127
    endloop
  endfacet
  facet normal 0.000886321 0.00709436 -0.000300865
    outer loop
      vertex 0.646716 0.3 -0.267878
      vertex 0.676148 0.3 -0.181173
      vertex 0.751148 0.289778 -0.20127
    endloop
  endfacet
  facet normal -0.000886321 0.00709436 0.000300865
    outer loop
      vertex 0.646716 0.3 -0.267878
      vertex 0.57498 0.289778 -0.238165
      vertex 0.676148 0.3 -0.181173
    endloop
  endfacet
  facet normal -0.000788008 0.00630744 0.000267493
    outer loop
      vertex 0.57498 0.289778 -0.238165
      vertex 0.601148 0.289778 -0.161077
      vertex 0.676148 0.3 -0.181173
    endloop
  endfacet
  facet normal -0.00231032 0.00587759 0.000784249
    outer loop
      vertex 0.57498 0.289778 -0.238165
      vertex 0.508134 0.259808 -0.210476
      vertex 0.601148 0.289778 -0.161077
    endloop
  endfacet
  facet normal -0.00204173 0.00519427 0.000693073
    outer loop
      vertex 0.508134 0.259808 -0.210476
      vertex 0.531259 0.259808 -0.14235
      vertex 0.601148 0.289778 -0.161077
    endloop
  endfacet
  facet normal -0.00324792 0.00446042 0.00110252
    outer loop
      vertex 0.508134 0.259808 -0.210476
      vertex 0.450731 0.212132 -0.186699
      vertex 0.531259 0.259808 -0.14235
    endloop
  endfacet
  facet normal -0.00288101 0.00395654 0.000977971
    outer loop
      vertex 0.450731 0.212132 -0.186699
      vertex 0.471244 0.212132 -0.12627
      vertex 0.531259 0.259808 -0.14235
    endloop
  endfacet
  facet normal -0.00375461 0.00303596 0.00127452
    outer loop
      vertex 0.450731 0.212132 -0.186699
      vertex 0.406685 0.15 -0.168454
      vertex 0.471244 0.212132 -0.12627
    endloop
  endfacet
  facet normal -0.0033877 0.00273928 0.00114997
    outer loop
      vertex 0.406685 0.15 -0.168454
      vertex 0.425193 0.15 -0.11393
      vertex 0.471244 0.212132 -0.12627
    endloop
  endfacet
  facet normal -0.00394506 0.00172198 0.00133917
    outer loop
      vertex 0.406685 0.15 -0.168454
      vertex 0.378996 0.0776457 -0.156985
      vertex 0.425193 0.15 -0.11393
    endloop
  endfacet
  facet normal -0.00367646 0.00160474 0.00124799
    outer loop
      vertex 0.378996 0.0776457 -0.156985
      vertex 0.396244 0.0776457 -0.106173
      vertex 0.425193 0.15 -0.11393
    endloop
  endfacet
  facet normal -0.00394533 0.000547348 0.00133926
    outer loop
      vertex 0.378996 0.0776457 -0.156985
      vertex 0.369552 9.69327e-16 -0.153073
      vertex 0.396244 0.0776457 -0.106173
    endloop
  endfacet
  facet normal -0.00384702 0.000533709 0.00130589
    outer loop
      vertex 0.369552 9.69327e-16 -0.153073
      vertex 0.38637 9.69327e-16 -0.103528
      vertex 0.396244 0.0776457 -0.106173
    endloop
  endfacet
  facet normal -0.00384702 -0.000533709 0.00130589
    outer loop
      vertex 0.369552 9.69327e-16 -0.153073
      vertex 0.378996 -0.0776457 -0.156985
      vertex 0.38637 9.69327e-16 -0.103528
    endloop
  endfacet
  facet normal -0.00394533 -0.000547348 0.00133926
    outer loop
      vertex 0.378996 -0.0776457 -0.156985
      vertex 0.396244 -0.0776457 -0.106173
      vertex 0.38637 9.69327e-16 -0.103528
    endloop
  endfacet
  facet normal -0.00367646 -0.00160474 0.00124799
    outer loop
      vertex 0.378996 -0.0776457 -0.156985
      vertex 0.406685 -0.15 -0.168454
      vertex 0.396244 -0.0776457 -0.106173
    endloop
  endfacet
  facet normal -0.00394506 -0.00172198 0.00133917
    outer loop
      vertex 0.406685 -0.15 -0.168454
      vertex 0.425193 -0.15 -0.11393
      vertex 0.396244 -0.0776457 -0.106173
    endloop
  endfacet
  facet normal -0.0033877 -0.00273928 0.00114997
    outer loop
      vertex 0.406685 -0.15 -0.168454
      vertex 0.450731 -0.212132 -0.186699
      vertex 0.425193 -0.15 -0.11393
    endloop
  endfacet
  facet normal -0.00375461 -0.00303596 0.00127452
    outer loop
      vertex 0.450731 -0.212132 -0.186699
      vertex 0.471244 -0.212132 -0.12627
      vertex 0.425193 -0.15 -0.11393
    endloop
  endfacet
  facet normal -0.00288101 -0.00395654 0.000977971
    outer loop
      vertex 0.450731 -0.212132 -0.186699
      vertex 0.508134 -0.259808 -0.210476
      vertex 0.471244 -0.212132 -0.12627
    endloop
  endfacet
  facet normal -0.00324792 -0.00446042 0.00110252
    outer loop
      vertex 0.508134 -0.259808 -0.210476
      vertex 0.531259 -0.259808 -0.14235
      vertex 0.471244 -0.212132 -0.12627
    endloop
  endfacet
  facet normal -0.00204173 -0.00519427 0.000693073
    outer loop
      vertex 0.508134 -0.259808 -0.210476
      vertex 0.57498 -0.289778 -0.238165
      vertex 0.531259 -0.259808 -0.14235
    endloop
  endfacet
  facet normal -0.00231032 -0.00587759 0.000784249
    outer loop
      vertex 0.57498 -0.289778 -0.238165
      vertex 0.601148 -0.289778 -0.161077
      vertex 0.531259 -0.259808 -0.14235
    endloop
  endfacet
  facet normal -0.000788008 -0.00630744 0.000267493
    outer loop
      vertex 0.57498 -0.289778 -0.238165
      vertex 0.646716 -0.3 -0.267878
      vertex 0.601148 -0.289778 -0.161077
    endloop
  endfacet
  facet normal -0.000886321 -0.00709436 0.000300865
    outer loop
      vertex 0.646716 -0.3 -0.267878
      vertex 0.676148 -0.3 -0.181173
      vertex 0.601148 -0.289778 -0.161077
    endloop
  endfacet
  facet normal 0.000886321 -0.00709436 -0.000300865
    outer loop
      vertex 0.646716 -0.3 -0.267878
      vertex 0.718451 -0.289778 -0.297592
      vertex 0.676148 -0.3 -0.181173
    endloop
  endfacet
  facet normal 0.000984634 -0.00788128 -0.000334238
    outer loop
      vertex 0.718451 -0.289778 -0.297592
      vertex 0.751148 -0.289778 -0.20127
      vertex 0.676148 -0.3 -0.181173
    endloop
  endfacet
  facet normal 0.0028868 -0.00734419 -0.000979937
    outer loop
      vertex 0.718451 -0.289778 -0.297592
      vertex 0.785298 -0.259808 -0.325281
      vertex 0.751148 -0.289778 -0.20127
    endloop
  endfacet
  facet normal 0.0031554 -0.00802751 -0.00107111
    outer loop
      vertex 0.785298 -0.259808 -0.325281
      vertex 0.821037 -0.259808 -0.219996
      vertex 0.751148 -0.289778 -0.20127
    endloop
  endfacet
  facet normal 0.00501951 -0.00689338 -0.00170389
    outer loop
      vertex 0.785298 -0.259808 -0.325281
      vertex 0.8427 -0.212132 -0.349058
      vertex 0.821037 -0.259808 -0.219996
    endloop
  endfacet
  facet normal 0.00538642 -0.00739726 -0.00182844
    outer loop
      vertex 0.8427 -0.212132 -0.349058
      vertex 0.881052 -0.212132 -0.236077
      vertex 0.821037 -0.259808 -0.219996
    endloop
  endfacet
  facet normal 0.00701972 -0.00567612 -0.00238287
    outer loop
      vertex 0.8427 -0.212132 -0.349058
      vertex 0.886747 -0.15 -0.367302
      vertex 0.881052 -0.212132 -0.236077
    endloop
  endfacet
  facet normal 0.00738663 -0.0059728 -0.00250742
    outer loop
      vertex 0.886747 -0.15 -0.367302
      vertex 0.927103 -0.15 -0.248416
      vertex 0.881052 -0.212132 -0.236077
    endloop
  endfacet
  facet normal 0.00860191 -0.00375466 -0.00291996
    outer loop
      vertex 0.886747 -0.15 -0.367302
      vertex 0.914435 -0.0776457 -0.378772
      vertex 0.927103 -0.15 -0.248416
    endloop
  endfacet
  facet normal 0.00887051 -0.0038719 -0.00301113
    outer loop
      vertex 0.914435 -0.0776457 -0.378772
      vertex 0.956052 -0.0776457 -0.256173
      vertex 0.927103 -0.15 -0.248416
    endloop
  endfacet
  facet normal 0.00951923 -0.00132063 -0.00323134
    outer loop
      vertex 0.914435 -0.0776457 -0.378772
      vertex 0.92388 -1.93865e-15 -0.382683
      vertex 0.956052 -0.0776457 -0.256173
    endloop
  endfacet
  facet normal 0.00961754 -0.00133427 -0.00326471
    outer loop
      vertex 0.92388 -1.93865e-15 -0.382683
      vertex 0.965926 -1.93865e-15 -0.258819
      vertex 0.956052 -0.0776457 -0.256173
    endloop
  endfacet
  facet normal 0.00996139 0.00133427 -0.00198144
    outer loop
      vertex 0.965926 0 -0.258819
      vertex 0.956052 0.0776457 -0.256173
      vertex 0.991445 0 -0.130526
    endloop
  endfacet
  facet normal 0.00985956 0.00132063 -0.00196119
    outer loop
      vertex 0.956052 0.0776457 -0.256173
      vertex 0.98131 0.0776457 -0.129192
      vertex 0.991445 0 -0.130526
    endloop
  endfacet
  facet normal 0.00918765 0.0038719 -0.00182754
    outer loop
      vertex 0.956052 0.0776457 -0.256173
      vertex 0.927103 0.15 -0.248416
      vertex 0.98131 0.0776457 -0.129192
    endloop
  endfacet
  facet normal 0.00890945 0.00375466 -0.0017722
    outer loop
      vertex 0.927103 0.15 -0.248416
      vertex 0.951596 0.15 -0.12528
      vertex 0.98131 0.0776457 -0.129192
    endloop
  endfacet
  facet normal 0.00765072 0.0059728 -0.00152182
    outer loop
      vertex 0.927103 0.15 -0.248416
      vertex 0.881052 0.212132 -0.236077
      vertex 0.951596 0.15 -0.12528
    endloop
  endfacet
  facet normal 0.00727069 0.00567612 -0.00144623
    outer loop
      vertex 0.881052 0.212132 -0.236077
      vertex 0.904329 0.212132 -0.119057
      vertex 0.951596 0.15 -0.12528
    endloop
  endfacet
  facet normal 0.005579 0.00739726 -0.00110973
    outer loop
      vertex 0.881052 0.212132 -0.236077
      vertex 0.821037 0.259808 -0.219996
      vertex 0.904329 0.212132 -0.119057
    endloop
  endfacet
  facet normal 0.00519897 0.00689338 -0.00103414
    outer loop
      vertex 0.821037 0.259808 -0.219996
      vertex 0.842728 0.259808 -0.110947
      vertex 0.904329 0.212132 -0.119057
    endloop
  endfacet
  facet normal 0.00326821 0.00802751 -0.000650087
    outer loop
      vertex 0.821037 0.259808 -0.219996
      vertex 0.751148 0.289778 -0.20127
      vertex 0.842728 0.259808 -0.110947
    endloop
  endfacet
  facet normal 0.00299001 0.00734419 -0.00059475
    outer loop
      vertex 0.751148 0.289778 -0.20127
      vertex 0.770993 0.289778 -0.101503
      vertex 0.842728 0.259808 -0.110947
    endloop
  endfacet
  facet normal 0.00101984 0.00788128 -0.000202858
    outer loop
      vertex 0.751148 0.289778 -0.20127
      vertex 0.676148 0.3 -0.181173
      vertex 0.770993 0.289778 -0.101503
    endloop
  endfacet
  facet normal 0.000918009 0.00709436 -0.000182603
    outer loop
      vertex 0.676148 0.3 -0.181173
      vertex 0.694011 0.3 -0.0913683
      vertex 0.770993 0.289778 -0.101503
    endloop
  endfacet
  facet normal -0.000918009 0.00709436 0.000182603
    outer loop
      vertex 0.676148 0.3 -0.181173
      vertex 0.601148 0.289778 -0.161077
      vertex 0.694011 0.3 -0.0913683
    endloop
  endfacet
  facet normal -0.000816181 0.00630744 0.000162349
    outer loop
      vertex 0.601148 0.289778 -0.161077
      vertex 0.61703 0.289778 -0.0812335
      vertex 0.694011 0.3 -0.0913683
    endloop
  endfacet
  facet normal -0.00239292 0.00587759 0.000475982
    outer loop
      vertex 0.601148 0.289778 -0.161077
      vertex 0.531259 0.259808 -0.14235
      vertex 0.61703 0.289778 -0.0812335
    endloop
  endfacet
  facet normal -0.00211472 0.00519427 0.000420645
    outer loop
      vertex 0.531259 0.259808 -0.14235
      vertex 0.545295 0.259808 -0.0717894
      vertex 0.61703 0.289778 -0.0812335
    endloop
  endfacet
  facet normal -0.00336404 0.00446042 0.000669149
    outer loop
      vertex 0.531259 0.259808 -0.14235
      vertex 0.471244 0.212132 -0.12627
      vertex 0.545295 0.259808 -0.0717894
    endloop
  endfacet
  facet normal -0.00298401 0.00395654 0.000593557
    outer loop
      vertex 0.471244 0.212132 -0.12627
      vertex 0.483694 0.212132 -0.0636795
      vertex 0.545295 0.259808 -0.0717894
    endloop
  endfacet
  facet normal -0.00388884 0.00303596 0.000773539
    outer loop
      vertex 0.471244 0.212132 -0.12627
      vertex 0.425193 0.15 -0.11393
      vertex 0.483694 0.212132 -0.0636795
    endloop
  endfacet
  facet normal -0.00350882 0.00273928 0.000697947
    outer loop
      vertex 0.425193 0.15 -0.11393
      vertex 0.436426 0.15 -0.0574566
      vertex 0.483694 0.212132 -0.0636795
    endloop
  endfacet
  facet normal -0.0040861 0.00172198 0.000812776
    outer loop
      vertex 0.425193 0.15 -0.11393
      vertex 0.396244 0.0776457 -0.106173
      vertex 0.436426 0.15 -0.0574566
    endloop
  endfacet
  facet normal -0.0038079 0.00160474 0.000757439
    outer loop
      vertex 0.396244 0.0776457 -0.106173
      vertex 0.406713 0.0776457 -0.0535447
      vertex 0.436426 0.15 -0.0574566
    endloop
  endfacet
  facet normal -0.00408638 0.000547348 0.000812832
    outer loop
      vertex 0.396244 0.0776457 -0.106173
      vertex 0.38637 9.69327e-16 -0.103528
      vertex 0.406713 0.0776457 -0.0535447
    endloop
  endfacet
  facet normal -0.00398456 0.000533709 0.000792577
    outer loop
      vertex 0.38637 9.69327e-16 -0.103528
      vertex 0.396578 9.69327e-16 -0.0522105
      vertex 0.406713 0.0776457 -0.0535447
    endloop
  endfacet
  facet normal -0.00398456 -0.000533709 0.000792577
    outer loop
      vertex 0.38637 9.69327e-16 -0.103528
      vertex 0.396244 -0.0776457 -0.106173
      vertex 0.396578 9.69327e-16 -0.0522105
    endloop
  endfacet
  facet normal -0.00408638 -0.000547348 0.000812832
    outer loop
      vertex 0.396244 -0.0776457 -0.106173
      vertex 0.406713 -0.0776457 -0.0535447
      vertex 0.396578 9.69327e-16 -0.0522105
    endloop
  endfacet
  facet normal -0.0038079 -0.00160474 0.000757439
    outer loop
      vertex 0.396244 -0.0776457 -0.106173
      vertex 0.425193 -0.15 -0.11393
      vertex 0.406713 -0.0776457 -0.0535447
    endloop
  endfacet
  facet normal -0.0040861 -0.00172198 0.000812776
    outer loop
      vertex 0.425193 -0.15 -0.11393
      vertex 0.436426 -0.15 -0.0574566
      vertex 0.406713 -0.0776457 -0.0535447
    endloop
  endfacet
  facet normal -0.00350882 -0.00273928 0.000697947
    outer loop
      vertex 0.425193 -0.15 -0.11393
      vertex 0.471244 -0.212132 -0.12627
      vertex 0.436426 -0.15 -0.0574566
    endloop
  endfacet
  facet normal -0.00388884 -0.00303596 0.000773539
    outer loop
      vertex 0.471244 -0.212132 -0.12627
      vertex 0.483694 -0.212132 -0.0636795
      vertex 0.436426 -0.15 -0.0574566
    endloop
  endfacet
  facet normal -0.00298401 -0.00395654 0.000593557
    outer loop
      vertex 0.471244 -0.212132 -0.12627
      vertex 0.531259 -0.259808 -0.14235
      vertex 0.483694 -0.212132 -0.0636795
    endloop
  endfacet
  facet normal -0.00336404 -0.00446042 0.000669149
    outer loop
      vertex 0.531259 -0.259808 -0.14235
      vertex 0.545295 -0.259808 -0.0717894
      vertex 0.483694 -0.212132 -0.0636795
    endloop
  endfacet
  facet normal -0.00211472 -0.00519427 0.000420645
    outer loop
      vertex 0.531259 -0.259808 -0.14235
      vertex 0.601148 -0.289778 -0.161077
      vertex 0.545295 -0.259808 -0.0717894
    endloop
  endfacet
  facet normal -0.00239292 -0.00587759 0.000475982
    outer loop
      vertex 0.601148 -0.289778 -0.161077
      vertex 0.61703 -0.289778 -0.0812335
      vertex 0.545295 -0.259808 -0.0717894
    endloop
  endfacet
  facet normal -0.000816181 -0.00630744 0.000162349
    outer loop
      vertex 0.601148 -0.289778 -0.161077
      vertex 0.676148 -0.3 -0.181173
      vertex 0.61703 -0.289778 -0.0812335
    endloop
  endfacet
  facet normal -0.000918009 -0.00709436 0.000182603
    outer loop
      vertex 0.676148 -0.3 -0.181173
      vertex 0.694011 -0.3 -0.0913683
      vertex 0.61703 -0.289778 -0.0812335
    endloop
  endfacet
  facet normal 0.000918009 -0.00709436 -0.000182603
    outer loop
      vertex 0.676148 -0.3 -0.181173
      vertex 0.751148 -0.289778 -0.20127
      vertex 0.694011 -0.3 -0.0913683
    endloop
  endfacet
  facet normal 0.00101984 -0.00788128 -0.000202858
    outer loop
      vertex 0.751148 -0.289778 -0.20127
      vertex 0.770993 -0.289778 -0.101503
      vertex 0.694011 -0.3 -0.0913683
    endloop
  endfacet
  facet normal 0.00299001 -0.00734419 -0.00059475
    outer loop
      vertex 0.751148 -0.289778 -0.20127
      vertex 0.821037 -0.259808 -0.219996
      vertex 0.770993 -0.289778 -0.101503
    endloop
  endfacet
  facet normal 0.00326821 -0.00802751 -0.000650087
    outer loop
      vertex 0.821037 -0.259808 -0.219996
      vertex 0.842728 -0.259808 -0.110947
      vertex 0.770993 -0.289778 -0.101503
    endloop
  endfacet
  facet normal 0.00519897 -0.00689338 -0.00103414
    outer loop
      vertex 0.821037 -0.259808 -0.219996
      vertex 0.881052 -0.212132 -0.236077
      vertex 0.842728 -0.259808 -0.110947
    endloop
  endfacet
  facet normal 0.005579 -0.00739726 -0.00110973
    outer loop
      vertex 0.881052 -0.212132 -0.236077
      vertex 0.904329 -0.212132 -0.119057
      vertex 0.842728 -0.259808 -0.110947
    endloop
  endfacet
  facet normal 0.00727069 -0.00567612 -0.00144623
    outer loop
      vertex 0.881052 -0.212132 -0.236077
      vertex 0.927103 -0.15 -0.248416
      vertex 0.904329 -0.212132 -0.119057
    endloop
  endfacet
  facet normal 0.00765072 -0.0059728 -0.00152182
    outer loop
      vertex 0.927103 -0.15 -0.248416
      vertex 0.951596 -0.15 -0.12528
      vertex 0.904329 -0.212132 -0.119057
    endloop
  endfacet
  facet normal 0.00890945 -0.00375466 -0.0017722
    outer loop
      vertex 0.927103 -0.15 -0.248416
      vertex 0.956052 -0.0776457 -0.256173
      vertex 0.951596 -0.15 -0.12528
    endloop
  endfacet
  facet normal 0.00918765 -0.0038719 -0.00182754
    outer loop
      vertex 0.956052 -0.0776457 -0.256173
      vertex 0.98131 -0.0776457 -0.129192
      vertex 0.951596 -0.15 -0.12528
    endloop
  endfacet
  facet normal 0.00985956 -0.00132063 -0.00196119
    outer loop
      vertex 0.956052 -0.0776457 -0.256173
      vertex 0.965926 -1.93865e-15 -0.258819
      vertex 0.98131 -0.0776457 -0.129192
    endloop
  endfacet
  facet normal 0.00996139 -0.00133427 -0.00198144
    outer loop
      vertex 0.965926 -1.93865e-15 -0.258819
      vertex 0.991445 -1.93865e-15 -0.130526
      vertex 0.98131 -0.0776457 -0.129192
    endloop
  endfacet
  facet normal 0.0101348 0.00133427 -0.00066427
    outer loop
      vertex 0.991445 0 -0.130526
      vertex 0.98131 0.0776457 -0.129192
      vertex 1 0 -6.46218e-15
    endloop
  endfacet
  facet normal 0.0100312 0.00132063 -0.00065748
    outer loop
      vertex 0.98131 0.0776457 -0.129192
      vertex 0.989778 0.0776457 -6.39612e-15
      vertex 1 0 -6.46218e-15
    endloop
  endfacet
  facet normal 0.00934759 0.0038719 -0.000612673
    outer loop
      vertex 0.98131 0.0776457 -0.129192
      vertex 0.951596 0.15 -0.12528
      vertex 0.989778 0.0776457 -6.39612e-15
    endloop
  endfacet
  facet normal 0.00906455 0.00375466 -0.000594122
    outer loop
      vertex 0.951596 0.15 -0.12528
      vertex 0.959808 0.15 -6.20245e-15
      vertex 0.989778 0.0776457 -6.39612e-15
    endloop
  endfacet
  facet normal 0.0077839 0.0059728 -0.000510184
    outer loop
      vertex 0.951596 0.15 -0.12528
      vertex 0.904329 0.212132 -0.119057
      vertex 0.959808 0.15 -6.20245e-15
    endloop
  endfacet
  facet normal 0.00739726 0.00567612 -0.000484842
    outer loop
      vertex 0.904329 0.212132 -0.119057
      vertex 0.912132 0.212132 -5.89436e-15
      vertex 0.959808 0.15 -6.20245e-15
    endloop
  endfacet
  facet normal 0.00567612 0.00739726 -0.000372032
    outer loop
      vertex 0.904329 0.212132 -0.119057
      vertex 0.842728 0.259808 -0.110947
      vertex 0.912132 0.212132 -5.89436e-15
    endloop
  endfacet
  facet normal 0.00528948 0.00689338 -0.000346691
    outer loop
      vertex 0.842728 0.259808 -0.110947
      vertex 0.85 0.259808 -5.49285e-15
      vertex 0.912132 0.212132 -5.89436e-15
    endloop
  endfacet
  facet normal 0.0033251 0.00802751 -0.000217939
    outer loop
      vertex 0.842728 0.259808 -0.110947
      vertex 0.770993 0.289778 -0.101503
      vertex 0.85 0.259808 -5.49285e-15
    endloop
  endfacet
  facet normal 0.00304206 0.00734419 -0.000199387
    outer loop
      vertex 0.770993 0.289778 -0.101503
      vertex 0.777646 0.289778 -5.02529e-15
      vertex 0.85 0.259808 -5.49285e-15
    endloop
  endfacet
  facet normal 0.00103759 0.00788128 -6.80073e-05
    outer loop
      vertex 0.770993 0.289778 -0.101503
      vertex 0.694011 0.3 -0.0913683
      vertex 0.777646 0.289778 -5.02529e-15
    endloop
  endfacet
  facet normal 0.00093399 0.00709436 -6.12169e-05
    outer loop
      vertex 0.694011 0.3 -0.0913683
      vertex 0.7 0.3 -4.52352e-15
      vertex 0.777646 0.289778 -5.02529e-15
    endloop
  endfacet
  facet normal -0.00093399 0.00709436 6.12169e-05
    outer loop
      vertex 0.694011 0.3 -0.0913683
      vertex 0.61703 0.289778 -0.0812335
      vertex 0.7 0.3 -4.52352e-15
    endloop
  endfacet
  facet normal -0.00083039 0.00630744 5.44266e-05
    outer loop
      vertex 0.61703 0.289778 -0.0812335
      vertex 0.622354 0.289778 -4.02176e-15
      vertex 0.7 0.3 -4.52352e-15
    endloop
  endfacet
  facet normal -0.00243458 0.00587759 0.000159571
    outer loop
      vertex 0.61703 0.289778 -0.0812335
      vertex 0.545295 0.259808 -0.0717894
      vertex 0.622354 0.289778 -4.02176e-15
    endloop
  endfacet
  facet normal -0.00215154 0.00519427 0.000141019
    outer loop
      vertex 0.545295 0.259808 -0.0717894
      vertex 0.55 0.259808 -3.5542e-15
      vertex 0.622354 0.289778 -4.02176e-15
    endloop
  endfacet
  facet normal -0.0034226 0.00446042 0.000224329
    outer loop
      vertex 0.545295 0.259808 -0.0717894
      vertex 0.483694 0.212132 -0.0636795
      vertex 0.55 0.259808 -3.5542e-15
    endloop
  endfacet
  facet normal -0.00303596 0.00395654 0.000198987
    outer loop
      vertex 0.483694 0.212132 -0.0636795
      vertex 0.487868 0.212132 -3.15269e-15
      vertex 0.55 0.259808 -3.5542e-15
    endloop
  endfacet
  facet normal -0.00395654 0.00303596 0.000259325
    outer loop
      vertex 0.483694 0.212132 -0.0636795
      vertex 0.436426 0.15 -0.0574566
      vertex 0.487868 0.212132 -3.15269e-15
    endloop
  endfacet
  facet normal -0.0035699 0.00273928 0.000233983
    outer loop
      vertex 0.436426 0.15 -0.0574566
      vertex 0.440192 0.15 -2.8446e-15
      vertex 0.487868 0.212132 -3.15269e-15
    endloop
  endfacet
  facet normal -0.00415723 0.00172198 0.00027248
    outer loop
      vertex 0.436426 0.15 -0.0574566
      vertex 0.406713 0.0776457 -0.0535447
      vertex 0.440192 0.15 -2.8446e-15
    endloop
  endfacet
  facet normal -0.00387419 0.00160474 0.000253928
    outer loop
      vertex 0.406713 0.0776457 -0.0535447
      vertex 0.410222 0.0776457 -2.65093e-15
      vertex 0.440192 0.15 -2.8446e-15
    endloop
  endfacet
  facet normal -0.00415752 0.000547348 0.000272498
    outer loop
      vertex 0.406713 0.0776457 -0.0535447
      vertex 0.396578 9.69327e-16 -0.0522105
      vertex 0.410222 0.0776457 -2.65093e-15
    endloop
  endfacet
  facet normal -0.00405392 0.000533709 0.000265708
    outer loop
      vertex 0.396578 9.69327e-16 -0.0522105
      vertex 0.4 9.69327e-16 -2.58487e-15
      vertex 0.410222 0.0776457 -2.65093e-15
    endloop
  endfacet
  facet normal -0.00405392 -0.000533709 0.000265708
    outer loop
      vertex 0.396578 9.69327e-16 -0.0522105
      vertex 0.406713 -0.0776457 -0.0535447
      vertex 0.4 9.69327e-16 -2.58487e-15
    endloop
  endfacet
  facet normal -0.00415752 -0.000547348 0.000272498
    outer loop
      vertex 0.406713 -0.0776457 -0.0535447
      vertex 0.410222 -0.0776457 -2.65093e-15
      vertex 0.4 9.69327e-16 -2.58487e-15
    endloop
  endfacet
  facet normal -0.00387419 -0.00160474 0.000253928
    outer loop
      vertex 0.406713 -0.0776457 -0.0535447
      vertex 0.436426 -0.15 -0.0574566
      vertex 0.410222 -0.0776457 -2.65093e-15
    endloop
  endfacet
  facet normal -0.00415723 -0.00172198 0.00027248
    outer loop
      vertex 0.436426 -0.15 -0.0574566
      vertex 0.440192 -0.15 -2.8446e-15
      vertex 0.410222 -0.0776457 -2.65093e-15
    endloop
  endfacet
  facet normal -0.0035699 -0.00273928 0.000233983
    outer loop
      vertex 0.436426 -0.15 -0.0574566
      vertex 0.483694 -0.212132 -0.0636795
      vertex 0.440192 -0.15 -2.8446e-15
    endloop
  endfacet
  facet normal -0.00395654 -0.00303596 0.000259325
    outer loop
      vertex 0.483694 -0.212132 -0.0636795
      vertex 0.487868 -0.212132 -3.15269e-15
      vertex 0.440192 -0.15 -2.8446e-15
    endloop
  endfacet
  facet normal -0.00303596 -0.00395654 0.000198987
    outer loop
      vertex 0.483694 -0.212132 -0.0636795
      vertex 0.545295 -0.259808 -0.0717894
      vertex 0.487868 -0.212132 -3.15269e-15
    endloop
  endfacet
  facet normal -0.0034226 -0.00446042 0.000224329
    outer loop
      vertex 0.545295 -0.259808 -0.0717894
      vertex 0.55 -0.259808 -3.5542e-15
      vertex 0.487868 -0.212132 -3.15269e-15
    endloop
  endfacet
  facet normal -0.00215154 -0.00519427 0.000141019
    outer loop
      vertex 0.545295 -0.259808 -0.0717894
      vertex 0.61703 -0.289778 -0.0812335
      vertex 0.55 -0.259808 -3.5542e-15
    endloop
  endfacet
  facet normal -0.00243458 -0.00587759 0.000159571
    outer loop
      vertex 0.61703 -0.289778 -0.0812335
      vertex 0.622354 -0.289778 -4.02176e-15
      vertex 0.55 -0.259808 -3.5542e-15
    endloop
  endfacet
  facet normal -0.00083039 -0.00630744 5.44266e-05
    outer loop
      vertex 0.61703 -0.289778 -0.0812335
      vertex 0.694011 -0.3 -0.0913683
      vertex 0.622354 -0.289778 -4.02176e-15
    endloop
  endfacet
  facet normal -0.00093399 -0.00709436 6.12169e-05
    outer loop
      vertex 0.694011 -0.3 -0.0913683
      vertex 0.7 -0.3 -4.52352e-15
      vertex 0.622354 -0.289778 -4.02176e-15
    endloop
  endfacet
  facet normal 0.00093399 -0.00709436 -6.12169e-05
    outer loop
      vertex 0.694011 -0.3 -0.0913683
      vertex 0.770993 -0.289778 -0.101503
      vertex 0.7 -0.3 -4.52352e-15
    endloop
  endfacet
  facet normal 0.00103759 -0.00788128 -6.80073e-05
    outer loop
      vertex 0.770993 -0.289778 -0.101503
      vertex 0.777646 -0.289778 -5.02529e-15
      vertex 0.7 -0.3 -4.52352e-15
    endloop
  endfacet
  facet normal 0.00304206 -0.00734419 -0.000199387
    outer loop
      vertex 0.770993 -0.289778 -0.101503
      vertex 0.842728 -0.259808 -0.110947
      vertex 0.777646 -0.289778 -5.02529e-15
    endloop
  endfacet
  facet normal 0.0033251 -0.00802751 -0.000217939
    outer loop
      vertex 0.842728 -0.259808 -0.110947
      vertex 0.85 -0.259808 -5.49285e-15
      vertex 0.777646 -0.289778 -5.02529e-15
    endloop
  endfacet
  facet normal 0.00528948 -0.00689338 -0.000346691
    outer loop
      vertex 0.842728 -0.259808 -0.110947
      vertex 0.904329 -0.212132 -0.119057
      vertex 0.85 -0.259808 -5.49285e-15
    endloop
  endfacet
  facet normal 0.00567612 -0.00739726 -0.000372032
    outer loop
      vertex 0.904329 -0.212132 -0.119057
      vertex 0.912132 -0.212132 -5.89436e-15
      vertex 0.85 -0.259808 -5.49285e-15
    endloop
  endfacet
  facet normal 0.00739726 -0.00567612 -0.000484842
    outer loop
      vertex 0.904329 -0.212132 -0.119057
      vertex 0.951596 -0.15 -0.12528
      vertex 0.912132 -0.212132 -5.89436e-15
    endloop
  endfacet
  facet normal 0.0077839 -0.0059728 -0.000510184
    outer loop
      vertex 0.951596 -0.15 -0.12528
      vertex 0.959808 -0.15 -6.20245e-15
      vertex 0.912132 -0.212132 -5.89436e-15
    endloop
  endfacet
  facet normal 0.00906455 -0.00375466 -0.000594122
    outer loop
      vertex 0.951596 -0.15 -0.12528
      vertex 0.98131 -0.0776457 -0.129192
      vertex 0.959808 -0.15 -6.20245e-15
    endloop
  endfacet
  facet normal 0.00934759 -0.0038719 -0.000612673
    outer loop
      vertex 0.98131 -0.0776457 -0.129192
      vertex 0.989778 -0.0776457 -6.39612e-15
      vertex 0.959808 -0.15 -6.20245e-15
    endloop
  endfacet
  facet normal 0.0100312 -0.00132063 -0.00065748
    outer loop
      vertex 0.98131 -0.0776457 -0.129192
      vertex 0.991445 -1.93865e-15 -0.130526
      vertex 0.989778 -0.0776457 -6.39612e-15
    endloop
  endfacet
  facet normal 0.0101348 -0.00133427 -0.00066427
    outer loop
      vertex 0.991445 -1.93865e-15 -0.130526
      vertex 1 -1.93865e-15 -6.46218e-15
      vertex 0.989778 -0.0776457 -6.39612e-15
    endloop
  endfacet
endsolid torus
